Distance_PFRC2 (cm),Plug_flow_residence_time_PFRC2 (sec),Internal_surface_area_per_unit_distance_PFRC2 (cm),Cross-section_area_PFRC2 (cm2),External_surface_area_per_unit_distance_PFRC2 (cm),Velocity_PFRC2 (cm/sec),Exit_mass_flow_rate_PFRC2 (g/sec),Volumetric_heat_production_rate_PFRC2 (erg/cm3-sec),Surface_temperature_PFRC2 (K),Heat_loss_rate_PFRC2 (erg/cm-sec),Temperature_PFRC2 (K),Pressure_PFRC2 (atm),Mass_fraction_H2_PFRC2 (),Mass_fraction_CO_PFRC2 (),Mass_fraction_CH4_PFRC2 (),Mass_fraction_CH3_PFRC2 (),Mass_fraction_C2H6_PFRC2 (),Mass_fraction_C2H4_PFRC2 (),Mass_fraction_C2H2_PFRC2 (),Mass_fraction_RALD3_PFRC2 (),Mass_fraction_C2H3CHO_PFRC2 (),Mass_fraction_C4H6_PFRC2 (),Mass_fraction_C4H4_PFRC2 (),Mass_fraction_C4H2_PFRC2 (),Mass_fraction_C6H6_PFRC2 (),Mass_fraction_C10H8_PFRC2 (),Mass_fraction_C4H8O_PFRC2 (),Mass_fraction_C7H8_PFRC2 (),Mass_fraction_C7H7_PFRC2 (),Mass_fraction_STILB_PFRC2 (),Mass_fraction_C6H5C2H_PFRC2 (),Mass_fraction_C6H5C2H3_PFRC2 (),Mass_fraction_C6H5C2H5_PFRC2 (),Mass_fraction_INDENE_PFRC2 (),Mass_fraction_BIPHENYL_PFRC2 (),Mass_fraction_FLUORENE_PFRC2 (),Mass_fraction_C14H10_PFRC2 (),Mass_fraction_C16H10_PFRC2 (),Mass_fraction_C6H5C2H4C6H5_PFRC2 (),Mass_fraction_C18H10_PFRC2 (),Mass_fraction_BIN1B_PFRC2 (),Mass_fraction_BIN1A_PFRC2 (),Molecular_weight_PFRC2 (g/mole),Mass_density_PFRC2 (g/cm3),Unburned_hydrocarbons_PFRC2 (ppm),Volatile_organic_compounds_PFRC2 (ppm)
0,0,6.283185,3.141593,6.283185,991.7485,0.2770664,-5.35E+09,1453.685,0,1453.685,1,0.1734833,0,0,0,0,0,0,0,0,0,0,0,0,0,0,0.2477118,0,0,0,0.4134262,0.1653787,0,0,0,0,0,0,0,0,0,10.60769,8.89E-05,668660.8,668660.8
6.12E-04,6.17E-07,6.283185,3.141593,6.283185,991.4222,0.2770664,-4.92E+09,1453.017,2.03E+08,1453.017,0.9999921,0.1734825,1.17E-23,3.14E-05,1.29E-04,2.61E-07,1.19E-05,1.86E-06,-1.01E-25,4.72E-23,1.06E-08,5.15E-09,2.52E-09,4.16E-05,5.24E-12,4.69E-34,0.2476405,0.001005126,8.26E-07,1.26E-05,0.4134078,0.1641285,3.89E-11,4.99E-10,5.85E-08,3.47E-07,1.83E-08,1.95E-07,8.38E-17,6.23E-14,9.76E-09,10.60639,8.90E-05,668579,668579
0.00388079,3.92E-06,6.283185,3.141593,6.283185,990.1466,0.2770664,-3.27E+09,1450.121,2.02E+08,1450.121,0.9999922,0.1734314,-1.27E-21,7.07E-04,3.52E-04,1.93E-05,7.16E-04,1.14E-04,-9.54E-23,2.02E-22,8.49E-07,2.53E-07,2.39E-07,0.002745024,2.27E-08,-8.37E-30,0.2461052,0.006712335,7.46E-05,6.93E-04,0.4104137,0.1567785,5.52E-08,6.78E-07,5.08E-06,2.42E-05,1.08E-06,3.40E-05,2.02E-11,5.90E-10,5.57E-07,10.59888,8.91E-05,668105.8,668105.8
0.01586641,1.60E-05,6.283185,3.141593,6.283185,989.3693,0.2770664,-6.32E+08,1446.163,2.02E+08,1446.163,0.9999923,0.1731205,6.78E-18,0.003717731,3.15E-04,1.19E-04,0.004425683,7.71E-04,-5.84E-17,4.25E-17,1.53E-05,3.08E-06,1.59E-06,0.01745173,1.18E-06,-6.50E-27,0.2469415,0.01652434,5.72E-04,0.00418634,0.3972718,0.132445,2.45E-06,1.35E-05,3.27E-05,1.95E-04,1.30E-05,7.39E-04,8.14E-09,5.18E-08,6.77E-06,10.57826,8.91E-05,666805.9,666805.9
0.06061272,6.12E-05,6.283185,3.141593,6.283185,991.6214,0.2770664,9.47E+07,1444.82,2.01E+08,1444.82,0.9999921,0.172067,6.27E-12,0.01145746,1.93E-04,2.95E-04,0.01297084,0.002387869,-5.07E-11,3.67E-11,1.06E-04,1.92E-05,5.99E-06,0.05310569,2.20E-05,-1.24E-18,0.2701345,0.01824476,0.002570175,0.01242929,0.3638423,0.07587923,2.78E-05,1.02E-04,9.35E-05,8.31E-04,1.47E-04,0.001809323,3.16E-07,1.32E-06,8.64E-05,10.54444,8.89E-05,664673.8,664673.8
0.1655176,1.67E-04,6.283185,3.141593,6.283185,995.1157,0.2770664,6.82E+07,1445.525,2.02E+08,1445.525,0.9999918,0.170661,1.06E-07,0.02026744,7.81E-05,3.82E-04,0.02339898,0.004644715,-7.83E-07,5.53E-07,3.02E-04,5.87E-05,2.08E-05,0.1004478,1.50E-04,-1.46E-13,0.2971977,0.01226046,0.0049387,0.02284169,0.3139713,0.02249016,1.01E-04,3.49E-04,1.62E-04,0.001959787,5.95E-04,9.27E-04,4.46E-06,1.22E-05,4.36E-04,10.51254,8.86E-05,662663.1,662663.4
0.2,2.01E-04,6.283185,3.141593,6.283185,995.6077,0.2770664,4.78E+07,1445.476,2.02E+08,1445.476,0.9999918,0.1703915,5.71E-07,0.02176805,6.03E-05,3.84E-04,0.02551685,0.005153334,-4.03E-06,2.80E-06,3.48E-04,7.03E-05,2.70E-05,0.1106614,2.04E-04,-1.07E-12,0.3002427,0.01078113,0.005278128,0.02496989,0.3024422,0.01530998,1.21E-04,4.22E-04,1.77E-04,0.002237931,7.30E-04,7.27E-04,6.95E-06,1.74E-05,5.62E-04,10.50699,8.86E-05,662313.8,662315.4
0.3742494,3.76E-04,6.283185,3.141593,6.283185,995.9435,0.2770664,-1.04E+07,1443.62,2.01E+08,1443.62,0.9999917,0.1696145,4.08E-06,0.02564065,2.46E-05,3.70E-04,0.03240575,0.006961882,-1.18E-05,3.37E-06,4.98E-04,1.18E-04,6.26E-05,0.1454865,5.06E-04,-5.00E-09,0.3006856,0.00672609,0.006019564,0.03176953,0.2617998,0.002535791,1.95E-04,7.30E-04,2.36E-04,0.003269101,0.001266037,2.95E-04,2.46E-05,4.83E-05,0.001150354,10.48996,8.86E-05,661243,661245
0.3846598,3.87E-04,6.283185,3.141593,6.283185,995.9013,0.2770664,-1.57E+07,1443.458,2.01E+08,1443.458,0.9999917,0.1695841,3.08E-06,0.02577854,2.41E-05,3.69E-04,0.03270471,0.007046486,-3.81E-06,-2.49E-06,5.05E-04,1.20E-04,6.48E-05,0.1470626,5.24E-04,-5.87E-07,0.300364,0.006605402,0.006041166,0.03205803,0.2599357,0.002302754,1.99E-04,7.47E-04,2.39E-04,0.003318827,0.001292448,2.85E-04,2.58E-05,5.03E-05,0.001182555,10.48923,8.86E-05,661196.6,661196.6
0.3856511,3.88E-04,6.283185,3.141593,6.283185,995.8965,0.2770664,-2.84E+07,1443.441,2.01E+08,1443.441,0.9999917,0.1695813,3.08E-06,0.02579155,2.41E-05,3.69E-04,0.03273402,0.007054476,-3.80E-06,-2.50E-06,5.05E-04,1.20E-04,6.51E-05,0.1472114,5.26E-04,-6.53E-06,0.3003323,0.006594438,0.006043171,0.0320851,0.2597604,0.00228193,1.99E-04,7.48E-04,2.39E-04,0.003323526,0.001294942,2.84E-04,2.61E-05,5.05E-05,0.001185608,10.48915,8.86E-05,661194.4,661195.2
0.3857637,3.88E-04,6.283185,3.141593,6.283185,995.8962,0.2770664,-1.62E+08,1443.438,2.01E+08,1443.438,0.9999917,0.169581,3.08E-06,0.02579303,2.41E-05,3.69E-04,0.03273825,0.007055378,-3.80E-06,-2.49E-06,5.05E-04,1.20E-04,6.51E-05,0.1472282,5.26E-04,-1.24E-05,0.3003289,0.006593052,0.006043402,0.03208815,0.2597407,0.002279581,1.99E-04,7.48E-04,2.39E-04,0.003324059,0.001295225,2.84E-04,2.61E-05,5.05E-05,0.001185954,10.48914,8.86E-05,661196.3,661198
0.3857714,3.88E-04,6.283185,3.141593,6.283185,995.8961,0.2770664,-6.65E+07,1443.438,2.01E+08,1443.438,0.9999917,0.169581,3.08E-06,0.02579313,2.41E-05,3.69E-04,0.03273863,0.00705544,-3.80E-06,-2.49E-06,5.05E-04,1.20E-04,6.51E-05,0.1472293,5.26E-04,-1.33E-05,0.3003287,0.006592945,0.006043419,0.03208835,0.2597394,0.00227942,1.99E-04,7.48E-04,2.39E-04,0.003324096,0.001295245,2.84E-04,2.61E-05,5.05E-05,0.001185978,10.48913,8.86E-05,661196.5,661198.4
0.3861893,3.88E-04,6.283185,3.141593,6.283185,995.8936,0.2770664,-1.29E+07,1443.43,2.01E+08,1443.43,0.9999917,0.1695798,3.09E-06,0.02579863,2.40E-05,3.69E-04,0.03275049,0.007058768,-3.80E-06,-2.49E-06,5.06E-04,1.21E-04,6.52E-05,0.1472913,5.27E-04,-1.45E-05,0.3003159,0.006587726,0.006044249,0.03209955,0.2596668,0.002270726,2.00E-04,7.49E-04,2.39E-04,0.003326068,0.001296295,2.83E-04,2.62E-05,5.05E-05,0.001187262,10.4891,8.86E-05,661194.9,661196.8
0.388536,3.91E-04,6.283185,3.141593,6.283185,995.8839,0.2770664,-9833970,1443.392,2.01E+08,1443.392,0.9999917,0.1695731,3.15E-06,0.0258291,2.38E-05,3.69E-04,0.0328176,0.007077607,-3.80E-06,-2.48E-06,5.07E-04,1.21E-04,6.57E-05,0.1476422,5.31E-04,-1.76E-05,0.3002389,0.00656234,0.006048912,0.03216348,0.2592507,0.002222606,2.00E-04,7.53E-04,2.40E-04,0.003337142,0.001302171,2.81E-04,2.65E-05,5.10E-05,0.001194468,10.48893,8.86E-05,661185.1,661187.9
0.4,4.02E-04,6.283185,3.141593,6.283185,995.8358,0.2770664,-1.11E+07,1443.212,2.01E+08,1443.212,0.9999917,0.1695411,3.38E-06,0.0259743,2.31E-05,3.68E-04,0.03313945,0.007169042,-3.80E-06,-2.43E-06,5.14E-04,1.24E-04,6.81E-05,0.1493412,5.52E-04,-1.81E-05,0.299845,0.006449395,0.006071029,0.0324718,0.2572422,0.002004524,2.04E-04,7.70E-04,2.43E-04,0.003390872,0.001330647,2.72E-04,2.78E-05,5.31E-05,0.001229605,10.48813,8.86E-05,661133.4,661137.2
0.4434083,4.46E-04,6.283185,3.141593,6.283185,995.6195,0.2770664,-2.44E+07,1442.492,2.01E+08,1442.492,0.9999918,0.1694284,4.14E-06,0.02648166,2.09E-05,3.64E-04,0.03429763,0.007500376,-3.80E-06,-2.26E-06,5.37E-04,1.34E-04,7.74E-05,0.1554629,6.30E-04,-6.50E-05,0.2982362,0.006084787,0.006144071,0.03356476,0.2500117,0.001384843,2.19E-04,8.36E-04,2.56E-04,0.003587561,0.001434984,2.44E-04,3.38E-05,6.15E-05,0.001360928,10.48517,8.86E-05,660966.1,660978.3
0.4441634,4.47E-04,6.283185,3.141593,6.283185,995.6158,0.2770664,-2.04E+08,1442.475,2.01E+08,1442.475,0.9999918,0.1694266,4.20E-06,0.02649002,2.08E-05,3.64E-04,0.03432073,0.007505893,-3.80E-06,-2.26E-06,5.38E-04,1.34E-04,7.75E-05,0.1555647,6.32E-04,-8.76E-05,0.2982084,0.006077687,0.00614522,0.03358252,0.249893,0.001376421,2.19E-04,8.37E-04,2.56E-04,0.003590888,0.001436751,2.44E-04,3.42E-05,6.17E-05,0.001363178,10.48509,8.86E-05,660971.7,660988.2
0.4441723,4.47E-04,6.283185,3.141593,6.283185,995.6156,0.2770664,-1.24E+08,1442.475,2.01E+08,1442.475,0.9999918,0.1694266,4.20E-06,0.02649012,2.08E-05,3.64E-04,0.0343211,0.007505958,-3.80E-06,-2.26E-06,5.38E-04,1.34E-04,7.75E-05,0.1555659,6.32E-04,-8.91E-05,0.2982081,0.006077581,0.006145233,0.03358273,0.2498917,0.001376323,2.19E-04,8.37E-04,2.56E-04,0.003590927,0.001436772,2.44E-04,3.42E-05,6.17E-05,0.001363205,10.48509,8.86E-05,660972,660988.7
0.4441835,4.47E-04,6.283185,3.141593,6.283185,995.6158,0.2770664,-3.11E+08,1442.475,2.01E+08,1442.475,0.9999918,0.1694266,4.21E-06,0.02649025,2.08E-05,3.64E-04,0.03432178,0.007506038,-3.80E-06,-2.26E-06,5.38E-04,1.34E-04,7.75E-05,0.1555674,6.32E-04,-9.08E-05,0.2982078,0.006077437,0.006145251,0.03358299,0.24989,0.001376199,2.19E-04,8.37E-04,2.56E-04,0.003590976,0.001436799,2.44E-04,3.42E-05,6.17E-05,0.001363238,10.48509,8.86E-05,660972.8,660989.8
0.4441982,4.47E-04,6.283185,3.141593,6.283185,995.6153,0.2770664,-1.58E+08,1442.474,2.01E+08,1442.474,0.9999918,0.1694266,4.21E-06,0.02649041,2.08E-05,3.64E-04,0.03432214,0.007506145,-3.80E-06,-2.26E-06,5.38E-04,1.34E-04,7.76E-05,0.1555694,6.32E-04,-9.22E-05,0.2982073,0.00607723,0.006145276,0.03358333,0.2498878,0.001376035,2.19E-04,8.37E-04,2.56E-04,0.003591041,0.001436834,2.44E-04,3.42E-05,6.17E-05,0.001363282,10.48509,8.86E-05,660972.8,660989.9
0.4442314,4.47E-04,6.283185,3.141593,6.283185,995.6147,0.2770664,-4.86E+07,1442.474,2.01E+08,1442.474,0.9999918,0.1694265,4.21E-06,0.02649078,2.08E-05,3.64E-04,0.03432281,0.007506381,-3.80E-06,-2.26E-06,5.38E-04,1.34E-04,7.76E-05,0.1555738,6.32E-04,-9.24E-05,0.2982064,0.006076758,0.006145334,0.03358407,0.2498829,0.001375668,2.19E-04,8.37E-04,2.56E-04,0.003591188,0.001436912,2.44E-04,3.43E-05,6.17E-05,0.001363381,10.48509,8.86E-05,660972.4,660989.4
0.4478374,4.50E-04,6.283185,3.141593,6.283185,995.5961,0.2770664,-1.26E+07,1442.414,2.01E+08,1442.414,0.9999918,0.1694176,4.69E-06,0.02653022,2.10E-05,3.64E-04,0.03441409,0.007532971,-3.80E-06,-2.24E-06,5.40E-04,1.35E-04,7.83E-05,0.1560642,6.39E-04,-9.24E-05,0.2980622,0.006049709,0.006150693,0.0336704,0.2493018,0.001336367,2.21E-04,8.43E-04,2.57E-04,0.003607046,0.001445293,2.42E-04,3.45E-05,6.23E-05,0.001374113,10.48485,8.86E-05,660954.7,660973.7
0.461474,4.64E-04,6.283185,3.141593,6.283185,995.5241,0.2770664,-1.40E+07,1442.186,2.01E+08,1442.186,0.9999918,0.1693845,5.93E-06,0.02667917,2.06E-05,3.63E-04,0.03475869,0.007633359,-3.80E-06,-2.19E-06,5.47E-04,1.38E-04,8.12E-05,0.1579099,6.64E-04,-9.82E-05,0.2974973,0.005968012,0.006170542,0.03399382,0.247127,0.001200951,2.25E-04,8.63E-04,2.61E-04,0.003666898,0.001476869,2.35E-04,3.59E-05,6.49E-05,0.001414784,10.48395,8.86E-05,660897.3,660919.6
0.4837817,4.86E-04,6.283185,3.141593,6.283185,995.3973,0.2770664,-1.62E+07,1441.809,2.01E+08,1441.809,0.9999918,0.1693324,7.35E-06,0.02691218,1.97E-05,3.61E-04,0.03530242,0.007793226,-3.80E-06,-2.11E-06,5.59E-04,1.42E-04,8.60E-05,0.1608377,7.05E-04,-1.04E-04,0.2965733,0.005841203,0.006200405,0.03450162,0.2436793,0.001017442,2.33E-04,8.96E-04,2.67E-04,0.003763206,0.001527748,2.26E-04,3.87E-05,6.96E-05,0.001481077,10.48255,8.86E-05,660810.3,660833.7
0.4879147,4.91E-04,6.283185,3.141593,6.283185,995.3718,0.2770664,-1.94E+07,1441.736,2.01E+08,1441.736,0.9999918,0.1693231,7.59E-06,0.0269544,1.97E-05,3.61E-04,0.03540145,0.007822322,-3.80E-06,-2.09E-06,5.61E-04,1.43E-04,8.68E-05,0.1613696,7.13E-04,-1.08E-04,0.2964013,0.005818701,0.006205625,0.03459309,0.2430536,9.88E-04,2.34E-04,9.03E-04,2.68E-04,0.003780834,0.001537046,2.25E-04,3.94E-05,7.04E-05,0.001493283,10.48229,8.86E-05,660796.1,660819.7
0.4908452,4.93E-04,6.283185,3.141593,6.283185,995.3536,0.2770664,-7.78E+07,1441.681,2.01E+08,1441.681,0.9999918,0.1693166,7.79E-06,0.02698412,1.94E-05,3.61E-04,0.0354757,0.007842786,-3.80E-06,-2.08E-06,5.62E-04,1.44E-04,8.75E-05,0.1617437,7.18E-04,-1.40E-04,0.2962819,0.005800777,0.006209308,0.03465703,0.2426168,9.68E-04,2.35E-04,9.07E-04,2.69E-04,0.003793293,0.00154362,2.24E-04,4.03E-05,7.10E-05,0.001501912,10.48208,8.86E-05,660796.4,660825.3
0.4909174,4.94E-04,6.283185,3.141593,6.283185,995.3531,0.2770664,-1.25E+08,1441.678,2.01E+08,1441.678,0.9999918,0.1693165,7.80E-06,0.02698486,1.94E-05,3.61E-04,0.03547856,0.007843274,-3.80E-06,-2.08E-06,5.62E-04,1.44E-04,8.75E-05,0.1617527,7.18E-04,-1.47E-04,0.2962795,0.005799972,0.006209398,0.03465852,0.2426068,9.67E-04,2.35E-04,9.07E-04,2.69E-04,0.003793598,0.001543783,2.24E-04,4.04E-05,7.10E-05,0.001502123,10.48206,8.86E-05,660798.8,660828.9
0.4910713,4.94E-04,6.283185,3.141593,6.283185,995.3517,0.2770664,-2.60E+07,1441.675,2.01E+08,1441.675,0.9999918,0.1693161,7.81E-06,0.02698642,1.94E-05,3.61E-04,0.035482,0.007844312,-3.80E-06,-2.08E-06,5.62E-04,1.44E-04,8.75E-05,0.1617716,7.19E-04,-1.47E-04,0.2962739,0.005798394,0.006209578,0.03466169,0.242585,9.66E-04,2.35E-04,9.07E-04,2.69E-04,0.003794246,0.001544129,2.24E-04,4.05E-05,7.11E-05,0.001502575,10.48205,8.86E-05,660798,660828
0.4951304,4.98E-04,6.283185,3.141593,6.283185,995.3269,0.2770664,-2.36E+07,1441.604,2.01E+08,1441.604,0.9999918,0.169307,8.35E-06,0.02702714,1.96E-05,3.61E-04,0.0355777,0.007872595,-3.80E-06,-2.07E-06,5.64E-04,1.45E-04,8.84E-05,0.1622892,7.26E-04,-1.50E-04,0.2961027,0.005775586,0.006214501,0.03475041,0.2419732,9.39E-04,2.37E-04,9.13E-04,2.70E-04,0.0038114,0.00155316,2.22E-04,4.09E-05,7.18E-05,0.001514476,10.4818,8.86E-05,660781.5,660812.9
0.4976888,5.00E-04,6.283185,3.141593,6.283185,995.31,0.2770664,-5.58E+07,1441.556,2.01E+08,1441.556,0.9999918,0.1693013,8.65E-06,0.02705319,1.99E-05,3.61E-04,0.03563979,0.00789048,-3.80E-06,-2.06E-06,5.66E-04,1.45E-04,8.89E-05,0.1626163,7.31E-04,-1.61E-04,0.2959931,0.005762896,0.00621763,0.03480621,0.2415901,9.23E-04,2.37E-04,9.17E-04,2.71E-04,0.003822229,0.001558842,2.21E-04,4.15E-05,7.23E-05,0.001521979,10.48163,8.86E-05,660775.6,660808.7
0.4990929,5.02E-04,6.283185,3.141593,6.283185,995.3012,0.2770664,-1.64E+07,1441.53,2.01E+08,1441.53,0.9999918,0.1692982,8.83E-06,0.02706761,1.97E-05,3.60E-04,0.03567375,0.007900228,-3.80E-06,-2.05E-06,5.66E-04,1.46E-04,8.92E-05,0.1627946,7.33E-04,-1.67E-04,0.2959333,0.005755534,0.006219304,0.0348366,0.2413803,9.14E-04,2.38E-04,9.19E-04,2.71E-04,0.00382815,0.001561955,2.21E-04,4.18E-05,7.26E-05,0.001526094,10.48153,8.86E-05,660771.9,660806.1
0.5005852,5.03E-04,6.283185,3.141593,6.283185,995.2922,0.2770664,-7.74E+07,1441.502,2.01E+08,1441.502,0.9999918,0.1692949,9.03E-06,0.02708278,1.96E-05,3.60E-04,0.03571136,0.007910603,-3.80E-06,-2.05E-06,5.67E-04,1.46E-04,8.95E-05,0.1629843,7.36E-04,-1.82E-04,0.2958698,0.005747794,0.006221108,0.03486885,0.2411586,9.05E-04,2.38E-04,9.21E-04,2.72E-04,0.003834449,0.001565261,2.20E-04,4.22E-05,7.28E-05,0.001530467,10.48142,8.86E-05,660771.7,660808.8
0.5006518,5.03E-04,6.283185,3.141593,6.283185,995.2921,0.2770664,-1.11E+07,1441.5,2.01E+08,1441.5,0.9999918,0.1692948,9.04E-06,0.02708346,1.95E-05,3.60E-04,0.03571362,0.007911062,-3.80E-06,-2.05E-06,5.67E-04,1.46E-04,8.95E-05,0.1629927,7.36E-04,-1.87E-04,0.2958671,0.005747335,0.006221189,0.03487027,0.2411489,9.05E-04,2.38E-04,9.21E-04,2.72E-04,0.00383473,0.001565409,2.20E-04,4.23E-05,7.29E-05,0.001530662,10.48141,8.86E-05,660772.9,660810.8
0.5011764,5.04E-04,6.283185,3.141593,6.283185,995.2879,0.2770664,-5.94E+07,1441.489,2.01E+08,1441.489,0.9999918,0.1692937,9.12E-06,0.02708872,1.95E-05,3.60E-04,0.03572628,0.007914661,-3.80E-06,-2.04E-06,5.67E-04,1.46E-04,8.97E-05,0.1630585,7.37E-04,-1.92E-04,0.2958457,0.00574374,0.00622181,0.0348814,0.2410723,9.01E-04,2.39E-04,9.22E-04,2.72E-04,0.003836936,0.001566573,2.20E-04,4.25E-05,7.30E-05,0.001532197,10.48138,8.86E-05,660772.6,660811.2
0.5013197,5.04E-04,6.283185,3.141593,6.283185,995.2868,0.2770664,-9.61E+07,1441.485,2.01E+08,1441.485,0.9999918,0.1692934,9.15E-06,0.02709018,1.96E-05,3.60E-04,0.03573067,0.007915639,-3.80E-06,-2.04E-06,5.68E-04,1.46E-04,8.97E-05,0.1630765,7.38E-04,-1.97E-04,0.2958401,0.005742639,0.006221985,0.03488441,0.2410516,9.01E-04,2.39E-04,9.22E-04,2.72E-04,0.003837538,0.001566891,2.20E-04,4.26E-05,7.30E-05,0.001532616,10.48136,8.86E-05,660774.2,660813.8
0.5013672,5.04E-04,6.283185,3.141593,6.283185,995.2862,0.2770664,-3.34E+07,1441.484,2.01E+08,1441.484,0.9999918,0.1692933,9.15E-06,0.02709067,1.96E-05,3.60E-04,0.0357317,0.007915962,-3.80E-06,-2.04E-06,5.68E-04,1.46E-04,8.97E-05,0.1630824,7.38E-04,-1.98E-04,0.2958383,0.005742251,0.006222043,0.0348854,0.2410448,9.00E-04,2.39E-04,9.22E-04,2.72E-04,0.003837738,0.001566997,2.20E-04,4.27E-05,7.30E-05,0.001532755,10.48136,8.86E-05,660773.8,660813.4
0.5089085,5.12E-04,6.283185,3.141593,6.283185,995.2439,0.2770664,-1.48E+07,1441.358,2.01E+08,1441.358,0.9999918,0.1692765,1.04E-05,0.02716607,1.94E-05,3.60E-04,0.035908,0.007968482,-3.80E-06,-2.01E-06,5.72E-04,1.48E-04,9.13E-05,0.1640418,7.52E-04,-1.97E-04,0.2955047,0.005710954,0.00623092,0.03504881,0.2399171,8.56E-04,2.41E-04,9.34E-04,2.74E-04,0.003869502,0.001583619,2.17E-04,4.31E-05,7.44E-05,0.001554849,10.48089,8.86E-05,660740.4,660782.5
0.5647901,5.68E-04,6.283185,3.141593,6.283185,994.8944,0.2770664,-1.74E+07,1440.403,2.01E+08,1440.403,0.9999918,0.1691586,1.59E-05,0.02769519,1.81E-05,3.57E-04,0.03715075,0.008343377,-3.80E-06,-1.83E-06,5.98E-04,1.60E-04,1.03E-04,0.1708507,8.58E-04,-1.97E-04,0.2930772,0.005495381,0.006288901,0.03618763,0.2319472,6.17E-04,2.60E-04,0.001015503,2.89E-04,0.004100268,0.001704241,2.04E-04,5.04E-05,8.66E-05,0.001718043,10.47762,8.86E-05,660534,660574.2
0.5846146,5.88E-04,6.283185,3.141593,6.283185,994.7635,0.2770664,-2.12E+07,1440.061,2.01E+08,1440.061,0.9999918,0.169119,1.76E-05,0.02787372,1.78E-05,3.56E-04,0.0375708,0.008471501,-3.80E-06,-1.77E-06,6.06E-04,1.64E-04,1.07E-04,0.1731683,8.97E-04,-2.04E-04,0.2922143,0.005429702,0.006306614,0.03656675,0.2292458,5.60E-04,2.67E-04,0.001044339,2.95E-04,0.004180259,0.001745697,2.00E-04,5.36E-05,9.10E-05,0.001775275,10.47651,8.87E-05,660467,660506.9
0.5857732,5.89E-04,6.283185,3.141593,6.283185,994.7567,0.2770664,-2.76E+07,1440.041,2.01E+08,1440.041,0.9999918,0.1691167,1.77E-05,0.02788397,1.75E-05,3.56E-04,0.03759631,0.008478899,-3.80E-06,-1.77E-06,6.06E-04,1.64E-04,1.07E-04,0.173302,8.99E-04,-2.12E-04,0.2921645,0.00542545,0.006307614,0.03658845,0.2290907,5.57E-04,2.67E-04,0.001046017,2.95E-04,0.004184908,0.001748103,2.00E-04,5.38E-05,9.13E-05,0.001778609,10.47644,8.87E-05,660465.7,660507.4
0.5859696,5.89E-04,6.283185,3.141593,6.283185,994.7553,0.2770664,-1.35E+08,1440.035,2.01E+08,1440.035,0.9999918,0.1691164,1.77E-05,0.02788572,1.76E-05,3.56E-04,0.03760293,0.008480136,-3.80E-06,-1.77E-06,6.07E-04,1.64E-04,1.07E-04,0.1733245,8.99E-04,-2.27E-04,0.2921571,0.005424134,0.00630781,0.03659202,0.2290658,5.57E-04,2.67E-04,0.001046302,2.95E-04,0.004185699,0.001748515,2.00E-04,5.42E-05,9.13E-05,0.001779173,10.47641,8.87E-05,660471.1,660515.1
0.5859824,5.89E-04,6.283185,3.141593,6.283185,994.7548,0.2770664,-6.56E+07,1440.035,2.01E+08,1440.035,0.9999918,0.1691164,1.77E-05,0.02788584,1.76E-05,3.56E-04,0.03760303,0.008480216,-3.80E-06,-1.77E-06,6.07E-04,1.64E-04,1.07E-04,0.1733259,8.99E-04,-2.27E-04,0.2921566,0.005424006,0.006307824,0.03659224,0.2290642,5.57E-04,2.67E-04,0.001046321,2.95E-04,0.004185751,0.001748542,2.00E-04,5.42E-05,9.13E-05,0.00177921,10.47641,8.87E-05,660470.8,660514.7
0.5876679,5.91E-04,6.283185,3.141593,6.283185,994.743,0.2770664,-1.70E+07,1440.004,2.01E+08,1440.004,0.9999918,0.1691131,1.80E-05,0.02790068,1.77E-05,3.55E-04,0.03763774,0.00849086,-3.80E-06,-1.76E-06,6.07E-04,1.65E-04,1.08E-04,0.1735184,9.03E-04,-2.27E-04,0.2920852,0.00541638,0.006309205,0.03662346,0.2288389,5.52E-04,2.68E-04,0.001048737,2.96E-04,0.004192473,0.001752033,2.00E-04,5.45E-05,9.16E-05,0.001784044,10.47632,8.87E-05,660464.2,660508.5
0.6,6.03E-04,6.283185,3.141593,6.283185,994.6633,0.2770664,-1.64E+07,1439.795,2.01E+08,1439.795,0.9999918,0.1690888,1.94E-05,0.02801001,1.77E-05,3.55E-04,0.0378938,0.00856963,-3.80E-06,-1.72E-06,6.12E-04,1.67E-04,1.10E-04,0.1749421,9.27E-04,-2.27E-04,0.291538,0.005382865,0.006319506,0.03685392,0.2271836,5.23E-04,2.72E-04,0.001066729,2.99E-04,0.004241825,0.001777453,1.97E-04,5.59E-05,9.43E-05,0.0018195,10.47563,8.87E-05,660419.1,660464.3
0.6705061,6.74E-04,6.283185,3.141593,6.283185,994.1895,0.2770664,-1.70E+07,1438.593,2.00E+08,1438.593,0.9999919,0.1689563,2.58E-05,0.02861246,1.71E-05,3.52E-04,0.03929189,0.009004333,-3.79E-06,-1.54E-06,6.39E-04,1.82E-04,1.25E-04,0.1827683,0.001067074,-2.45E-04,0.2884574,0.005205667,0.006369848,0.03809124,0.2181299,4.08E-04,2.97E-04,0.001169001,3.18E-04,0.004519223,0.001919288,1.88E-04,6.71E-05,1.11E-04,0.002021521,10.47187,8.87E-05,660190.1,660235.6
0.6809174,6.85E-04,6.283185,3.141593,6.283185,994.1143,0.2770664,-4.42E+07,1438.403,2.00E+08,1438.403,0.9999919,0.1689377,2.69E-05,0.02869971,1.76E-05,3.52E-04,0.03949645,0.009066391,-3.80E-06,-1.52E-06,6.43E-04,1.84E-04,1.27E-04,0.1838841,0.001088141,-2.92E-04,0.2880091,0.005177165,0.006376187,0.03826309,0.2168476,3.97E-04,3.00E-04,0.001184045,3.20E-04,0.004559501,0.001939696,1.87E-04,7.03E-05,1.13E-04,0.002051088,10.47128,8.87E-05,660173.1,660226.6
0.681276,6.85E-04,6.283185,3.141593,6.283185,994.1119,0.2770664,-2.74E+07,1438.396,2.00E+08,1438.396,0.9999919,0.168937,2.69E-05,0.02870285,1.76E-05,3.52E-04,0.03950418,0.009068527,-3.80E-06,-1.52E-06,6.43E-04,1.84E-04,1.27E-04,0.1839225,0.001088868,-2.96E-04,0.2879935,0.005176238,0.006376398,0.03826897,0.2168036,3.96E-04,3.01E-04,0.001184565,3.21E-04,0.004560886,0.001940395,1.87E-04,7.05E-05,1.13E-04,0.002052104,10.47125,8.87E-05,660173.4,660227.9
0.6813909,6.85E-04,6.283185,3.141593,6.283185,994.1111,0.2770664,-6.61E+07,1438.393,2.00E+08,1438.393,0.9999919,0.1689368,2.69E-05,0.02870386,1.76E-05,3.52E-04,0.03950784,0.009069206,-3.80E-06,-1.52E-06,6.43E-04,1.84E-04,1.27E-04,0.1839348,0.001089102,-3.05E-04,0.2879889,0.005175713,0.006376481,0.03827083,0.21679,3.96E-04,3.01E-04,0.001184732,3.21E-04,0.004561332,0.001940621,1.87E-04,7.08E-05,1.13E-04,0.002052429,10.47124,8.87E-05,660176.5,660232.4
0.6817325,6.85E-04,6.283185,3.141593,6.283185,994.1082,0.2770664,-2.23E+07,1438.386,2.00E+08,1438.386,0.9999919,0.1689362,2.70E-05,0.02870683,1.74E-05,3.52E-04,0.03951445,0.009071212,-3.80E-06,-1.52E-06,6.43E-04,1.85E-04,1.27E-04,0.1839709,0.001089793,-3.07E-04,0.2879747,0.005174278,0.00637668,0.03827629,0.2167492,3.96E-04,3.01E-04,0.001185222,3.21E-04,0.00456265,0.001941289,1.87E-04,7.10E-05,1.13E-04,0.002053396,10.47122,8.87E-05,660176,660232.2
0.6840959,6.88E-04,6.283185,3.141593,6.283185,994.0928,0.2770664,-1.36E+07,1438.346,2.00E+08,1438.346,0.9999919,0.1689319,2.74E-05,0.02872687,1.72E-05,3.52E-04,0.03955962,0.009085334,-3.80E-06,-1.51E-06,6.44E-04,1.85E-04,1.28E-04,0.1842251,0.001094588,-3.09E-04,0.2878694,0.005169791,0.006378067,0.03831539,0.2164557,3.94E-04,3.02E-04,0.001188661,3.21E-04,0.004571767,0.001945882,1.86E-04,7.12E-05,1.14E-04,0.00206009,10.47109,8.87E-05,660167.9,660225.1
0.7610076,7.65E-04,6.283185,3.141593,6.283185,993.5742,0.2770664,-1.38E+07,1437.073,2.00E+08,1437.073,0.9999919,0.1687973,3.56E-05,0.02935158,1.65E-05,3.51E-04,0.04095732,0.009532069,-3.84E-06,-1.34E-06,6.70E-04,2.01E-04,1.43E-04,0.192224,0.001253867,-3.06E-04,0.2845442,0.005029151,0.006417097,0.03951801,0.2073112,3.37E-04,3.29E-04,0.001300268,3.41E-04,0.004866032,0.002093004,1.80E-04,8.29E-05,1.33E-04,0.002278629,10.46728,8.88E-05,659925.4,659979.9
0.8,8.04E-04,6.283185,3.141593,6.283185,993.3062,0.2770664,-1.28E+07,1436.434,2.00E+08,1436.434,0.999992,0.1687322,3.85E-05,0.02965697,1.63E-05,3.50E-04,0.04162561,0.009749345,-3.86E-06,-1.30E-06,6.82E-04,2.09E-04,1.51E-04,0.1961001,0.001336319,-3.05E-04,0.2829014,0.004959831,0.006432268,0.04008091,0.2029142,3.19E-04,3.43E-04,0.001356587,3.52E-04,0.00501238,0.002164966,1.77E-04,9.01E-05,1.43E-04,0.002388377,10.46546,8.88E-05,659811.5,659863.9
0.8473224,8.52E-04,6.283185,3.141593,6.283185,992.9807,0.2770664,-1.21E+07,1435.669,2.00E+08,1435.669,0.999992,0.1686556,4.19E-05,0.03001943,1.60E-05,3.50E-04,0.04240533,0.01000582,-3.93E-06,-1.24E-06,6.95E-04,2.19E-04,1.60E-04,0.2006661,0.001437964,-3.06E-04,0.2809343,0.004881629,0.006447012,0.04072694,0.1977661,3.03E-04,3.60E-04,0.001424845,3.64E-04,0.005187851,0.002250142,1.73E-04,9.92E-05,1.56E-04,0.002520806,10.46331,8.88E-05,659678.2,659728.5
0.8748813,8.80E-04,6.283185,3.141593,6.283185,992.7904,0.2770664,-1.11E+07,1435.227,2.00E+08,1435.227,0.999992,0.1686121,4.39E-05,0.03022705,1.60E-05,3.50E-04,0.04284532,0.01015175,-3.99E-06,-1.20E-06,7.02E-04,2.25E-04,1.65E-04,0.2032603,0.001497934,-3.11E-04,0.2798018,0.004838399,0.006453895,0.04108566,0.1948567,2.96E-04,3.71E-04,0.001464558,3.71E-04,0.005289039,0.002298703,1.71E-04,1.05E-04,1.63E-04,0.002597554,10.46209,8.88E-05,659604,659653.5
0.8774466,8.82E-04,6.283185,3.141593,6.283185,992.7726,0.2770664,-3.95E+07,1435.183,2.00E+08,1435.183,0.999992,0.1686082,4.40E-05,0.03024644,1.59E-05,3.50E-04,0.04288875,0.01016515,-3.99E-06,-1.20E-06,7.02E-04,2.25E-04,1.65E-04,0.2034984,0.001503544,-3.30E-04,0.2796991,0.004832787,0.006454501,0.04111817,0.1945919,2.95E-04,3.72E-04,0.001468241,3.71E-04,0.005298423,0.002303192,1.71E-04,1.06E-04,1.64E-04,0.002604665,10.46196,8.88E-05,659604.4,659657.7
0.8777015,8.83E-04,6.283185,3.141593,6.283185,992.7702,0.2770664,-6.89E+07,1435.175,2.00E+08,1435.175,0.999992,0.1686079,4.40E-05,0.0302484,1.60E-05,3.50E-04,0.04289563,0.01016645,-3.99E-06,-1.20E-06,7.02E-04,2.25E-04,1.65E-04,0.2035216,0.001504104,-3.49E-04,0.2796904,0.004831161,0.006454595,0.04112125,0.1945674,2.95E-04,3.72E-04,0.001468604,3.72E-04,0.005299361,0.002303645,1.71E-04,1.07E-04,1.64E-04,0.002605369,10.46193,8.88E-05,659611.2,659667.4
0.8778054,8.83E-04,6.283185,3.141593,6.283185,992.7692,0.2770664,-3.99E+07,1435.173,2.00E+08,1435.173,0.999992,0.1686077,4.39E-05,0.03024921,1.59E-05,3.50E-04,0.04289738,0.01016697,-3.99E-06,-1.20E-06,7.02E-04,2.25E-04,1.65E-04,0.2035307,0.001504331,-3.50E-04,0.279687,0.004830347,0.006454623,0.04112244,0.1945579,2.95E-04,3.72E-04,0.001468748,3.72E-04,0.005299741,0.00230383,1.71E-04,1.07E-04,1.64E-04,0.002605656,10.46192,8.88E-05,659611.3,659667.7
0.8785406,8.83E-04,6.283185,3.141593,6.283185,992.7624,0.2770664,-8.19E+07,1435.155,2.00E+08,1435.155,0.999992,0.1686067,4.40E-05,0.03025479,1.59E-05,3.50E-04,0.04291241,0.01017066,-3.99E-06,-1.20E-06,7.02E-04,2.25E-04,1.66E-04,0.2035965,0.001505934,-3.75E-04,0.2796611,0.00482572,0.006454789,0.04113129,0.1944851,2.95E-04,3.72E-04,0.001469769,3.72E-04,0.005302408,0.002305125,1.71E-04,1.09E-04,1.64E-04,0.002607681,10.46186,8.88E-05,659619.2,659679.5
0.8786063,8.84E-04,6.283185,3.141593,6.283185,992.7625,0.2770664,-1.53E+08,1435.152,2.00E+08,1435.152,0.999992,0.1686066,4.40E-05,0.0302553,1.60E-05,3.50E-04,0.04291575,0.01017098,-3.99E-06,-1.20E-06,7.03E-04,2.25E-04,1.66E-04,0.2036023,0.001506077,-3.87E-04,0.279659,0.004825129,0.006454804,0.04113204,0.194479,2.95E-04,3.72E-04,0.001469859,3.72E-04,0.005302646,0.002305242,1.71E-04,1.09E-04,1.64E-04,0.002607861,10.46184,8.88E-05,659624.3,659686.8
0.8786123,8.84E-04,6.283185,3.141593,6.283185,992.7622,0.2770664,-1.48E+08,1435.151,2.00E+08,1435.151,0.999992,0.1686066,4.40E-05,0.03025535,1.60E-05,3.50E-04,0.04291585,0.01017101,-3.99E-06,-1.20E-06,7.03E-04,2.25E-04,1.66E-04,0.2036028,0.00150609,-3.88E-04,0.2796589,0.004825048,0.006454805,0.04113211,0.1944785,2.95E-04,3.72E-04,0.001469867,3.72E-04,0.005302668,0.002305253,1.71E-04,1.09E-04,1.64E-04,0.002607878,10.46184,8.88E-05,659624.5,659686.9
0.8786476,8.84E-04,6.283185,3.141593,6.283185,992.7613,0.2770664,-1.30E+08,1435.15,2.00E+08,1435.15,0.999992,0.1686066,4.40E-05,0.03025564,1.60E-05,3.50E-04,0.04291652,0.01017118,-3.99E-06,-1.20E-06,7.03E-04,2.25E-04,1.66E-04,0.2036059,0.001506169,-3.89E-04,0.2796581,0.004824546,0.006454826,0.04113251,0.1944755,2.95E-04,3.72E-04,0.001469917,3.72E-04,0.005302799,0.002305317,1.71E-04,1.09E-04,1.64E-04,0.002607975,10.46184,8.88E-05,659624.8,659687.4
0.878713,8.84E-04,6.283185,3.141593,6.283185,992.7605,0.2770664,-7.87E+07,1435.148,2.00E+08,1435.148,0.999992,0.1686065,4.41E-05,0.03025616,1.59E-05,3.50E-04,0.04291804,0.0101715,-3.99E-06,-1.20E-06,7.03E-04,2.25E-04,1.66E-04,0.2036116,0.001506312,-3.93E-04,0.2796563,0.004823757,0.006454853,0.04113321,0.1944699,2.95E-04,3.72E-04,0.001470006,3.72E-04,0.005303038,0.002305434,1.71E-04,1.10E-04,1.64E-04,0.002608154,10.46183,8.88E-05,659625.9,659689.1
0.8788078,8.84E-04,6.283185,3.141593,6.283185,992.7596,0.2770664,-2.96E+07,1435.146,2.00E+08,1435.146,0.999992,0.1686064,4.41E-05,0.03025689,1.58E-05,3.50E-04,0.0429195,0.01017196,-3.99E-06,-1.20E-06,7.03E-04,2.25E-04,1.66E-04,0.2036198,0.001506517,-3.93E-04,0.2796532,0.004822854,0.006454861,0.04113427,0.1944611,2.95E-04,3.72E-04,0.001470133,3.72E-04,0.005303379,0.002305602,1.71E-04,1.10E-04,1.64E-04,0.002608414,10.46183,8.88E-05,659625.7,659689
0.8797409,8.85E-04,6.283185,3.141593,6.283185,992.7519,0.2770664,-3.07E+07,1435.128,2.00E+08,1435.128,0.999992,0.1686049,4.43E-05,0.03026391,1.59E-05,3.50E-04,0.04293444,0.01017665,-4.00E-06,-1.20E-06,7.03E-04,2.25E-04,1.66E-04,0.2037035,0.001508535,-3.98E-04,0.2796179,0.004818099,0.006454986,0.04114571,0.1943642,2.95E-04,3.72E-04,0.00147142,3.72E-04,0.005306712,0.002307222,1.71E-04,1.10E-04,1.65E-04,0.002610973,10.46178,8.88E-05,659624.4,659688.9
0.8798802,8.85E-04,6.283185,3.141593,6.283185,992.7512,0.2770664,-1.45E+08,1435.125,2.00E+08,1435.125,0.999992,0.1686047,4.43E-05,0.03026497,1.59E-05,3.50E-04,0.04293791,0.01017736,-4.00E-06,-1.20E-06,7.03E-04,2.26E-04,1.66E-04,0.2037162,0.001508837,-4.06E-04,0.2796126,0.004817474,0.00645502,0.04114745,0.1943499,2.95E-04,3.72E-04,0.001471618,3.72E-04,0.005307214,0.002307464,1.71E-04,1.10E-04,1.65E-04,0.002611355,10.46176,8.88E-05,659626.9,659692.7
0.8799912,8.85E-04,6.283185,3.141593,6.283185,992.7501,0.2770664,-3.07E+07,1435.123,2.00E+08,1435.123,0.999992,0.1686045,4.43E-05,0.03026581,1.59E-05,3.50E-04,0.04293971,0.01017792,-4.00E-06,-1.19E-06,7.03E-04,2.26E-04,1.66E-04,0.2037264,0.001509079,-4.07E-04,0.2796085,0.004816864,0.006455054,0.04114879,0.1943389,2.95E-04,3.72E-04,0.001471775,3.72E-04,0.005307615,0.002307657,1.71E-04,1.11E-04,1.65E-04,0.002611659,10.46176,8.88E-05,659626.8,659692.8
0.8804787,8.85E-04,6.283185,3.141593,6.283185,992.7463,0.2770664,-1.20E+08,1435.111,2.00E+08,1435.111,0.999992,0.1686039,4.45E-05,0.03026951,1.59E-05,3.50E-04,0.04295024,0.0101804,-4.00E-06,-1.19E-06,7.03E-04,2.26E-04,1.66E-04,0.2037709,0.001510138,-4.25E-04,0.2795903,0.00481428,0.00645518,0.04115476,0.19429,2.95E-04,3.73E-04,0.001472466,3.72E-04,0.005309376,0.002308505,1.71E-04,1.12E-04,1.65E-04,0.002612995,10.46172,8.88E-05,659632.4,659701.7
0.8805204,8.85E-04,6.283185,3.141593,6.283185,992.7457,0.2770664,-3.01E+07,1435.111,2.00E+08,1435.111,0.999992,0.1686038,4.45E-05,0.03026983,1.59E-05,3.50E-04,0.04295078,0.01018061,-4.00E-06,-1.19E-06,7.03E-04,2.26E-04,1.66E-04,0.2037746,0.001510229,-4.25E-04,0.2795888,0.004813993,0.006455189,0.04115525,0.194286,2.95E-04,3.73E-04,0.001472524,3.72E-04,0.005309527,0.002308578,1.71E-04,1.12E-04,1.65E-04,0.002613109,10.46172,8.88E-05,659632.1,659701.4
0.885292,8.90E-04,6.283185,3.141593,6.283185,992.7154,0.2770664,-1.11E+07,1435.036,2.00E+08,1435.036,0.999992,0.1685962,4.57E-05,0.03030606,1.64E-05,3.50E-04,0.04302664,0.01020584,-4.01E-06,-1.18E-06,7.04E-04,2.27E-04,1.67E-04,0.204225,0.001520637,-4.27E-04,0.2793826,0.004808765,0.006456176,0.04121668,0.1937805,2.94E-04,3.74E-04,0.001479483,3.73E-04,0.005326853,0.002316756,1.70E-04,1.11E-04,1.65E-04,0.002626221,10.46149,8.88E-05,659612.9,659685.7
0.8890625,8.94E-04,6.283185,3.141593,6.283185,992.6915,0.2770664,-4.35E+07,1434.975,2.00E+08,1434.975,0.999992,0.1685903,4.66E-05,0.03033522,1.65E-05,3.50E-04,0.04308895,0.01022589,-4.02E-06,-1.18E-06,7.06E-04,2.27E-04,1.68E-04,0.2045824,0.001528935,-4.40E-04,0.2792181,0.004807012,0.006457003,0.04126525,0.1933831,2.93E-04,3.76E-04,0.001485036,3.74E-04,0.005340663,0.002323261,1.70E-04,1.11E-04,1.66E-04,0.002636655,10.4613,8.88E-05,659604,659680.7
0.8891983,8.94E-04,6.283185,3.141593,6.283185,992.6907,0.2770664,-4.50E+07,1434.972,2.00E+08,1434.972,0.999992,0.1685901,4.66E-05,0.0303363,1.65E-05,3.50E-04,0.0430922,0.0102266,-4.02E-06,-1.18E-06,7.06E-04,2.27E-04,1.68E-04,0.2045952,0.001529236,-4.46E-04,0.2792125,0.004806708,0.006457045,0.04126696,0.1933693,2.93E-04,3.76E-04,0.001485236,3.74E-04,0.005341163,0.002323498,1.70E-04,1.12E-04,1.66E-04,0.002637032,10.46128,8.88E-05,659606,659683.8
0.8893655,8.94E-04,6.283185,3.141593,6.283185,992.6892,0.2770664,-2.01E+07,1434.969,2.00E+08,1434.969,0.999992,0.1685898,4.67E-05,0.03033761,1.65E-05,3.50E-04,0.04309476,0.01022748,-4.02E-06,-1.17E-06,7.06E-04,2.27E-04,1.68E-04,0.2046108,0.001529604,-4.47E-04,0.2792056,0.00480634,0.006457082,0.04126905,0.1933522,2.93E-04,3.76E-04,0.00148548,3.75E-04,0.005341777,0.002323789,1.70E-04,1.12E-04,1.66E-04,0.002637495,10.46128,8.88E-05,659605.5,659683.2
0.8899578,8.95E-04,6.283185,3.141593,6.283185,992.6838,0.2770664,-2.49E+07,1434.956,2.00E+08,1434.956,0.999992,0.1685889,4.68E-05,0.03034232,1.68E-05,3.50E-04,0.04310476,0.01023058,-4.02E-06,-1.17E-06,7.06E-04,2.28E-04,1.68E-04,0.2046662,0.001530911,-4.51E-04,0.2791808,0.004805312,0.006457205,0.04127652,0.1932907,2.93E-04,3.76E-04,0.001486343,3.75E-04,0.005343944,0.002324818,1.70E-04,1.12E-04,1.66E-04,0.002639137,10.46124,8.88E-05,659605.6,659683.7
0.89012,8.95E-04,6.283185,3.141593,6.283185,992.6838,0.2770664,-3.67E+08,1434.953,2.00E+08,1434.953,0.999992,0.1685887,4.68E-05,0.03034363,1.68E-05,3.50E-04,0.04310873,0.01023143,-4.02E-06,-1.17E-06,7.06E-04,2.28E-04,1.68E-04,0.2046814,0.001531268,-4.56E-04,0.279174,0.00480507,0.006457235,0.04127857,0.1932738,2.93E-04,3.76E-04,0.001486579,3.75E-04,0.005344535,0.002325099,1.70E-04,1.12E-04,1.66E-04,0.002639586,10.46122,8.88E-05,659607.6,659687.2
0.8901408,8.95E-04,6.283185,3.141593,6.283185,992.6832,0.2770664,-1.42E+08,1434.953,2.00E+08,1434.953,0.999992,0.1685887,4.68E-05,0.0303438,1.68E-05,3.50E-04,0.04310902,0.01023154,-4.02E-06,-1.17E-06,7.06E-04,2.28E-04,1.68E-04,0.2046833,0.001531314,-4.58E-04,0.2791731,0.004805025,0.006457238,0.04127884,0.1932716,2.93E-04,3.76E-04,0.001486609,3.75E-04,0.005344612,0.002325135,1.70E-04,1.12E-04,1.66E-04,0.002639644,10.46123,8.88E-05,659607.7,659687.2
0.8902252,8.95E-04,6.283185,3.141593,6.283185,992.6824,0.2770664,-2.66E+07,1434.952,2.00E+08,1434.952,0.999992,0.1685885,4.69E-05,0.03034447,1.66E-05,3.50E-04,0.04311041,0.01023198,-4.02E-06,-1.17E-06,7.06E-04,2.28E-04,1.68E-04,0.2046912,0.001531501,-4.59E-04,0.2791697,0.004804784,0.006457265,0.04127989,0.193263,2.93E-04,3.76E-04,0.001486733,3.75E-04,0.005344921,0.002325282,1.70E-04,1.12E-04,1.66E-04,0.002639878,10.46122,8.88E-05,659607.6,659687.3
0.890547,8.96E-04,6.283185,3.141593,6.283185,992.68,0.2770664,-3.94E+07,1434.944,2.00E+08,1434.944,0.999992,0.1685881,4.69E-05,0.03034704,1.66E-05,3.50E-04,0.0431173,0.01023365,-4.02E-06,-1.17E-06,7.06E-04,2.28E-04,1.68E-04,0.2047211,0.001532211,-4.70E-04,0.2791567,0.004803902,0.006457336,0.04128391,0.1932302,2.93E-04,3.76E-04,0.0014872,3.75E-04,0.005346099,0.002325843,1.70E-04,1.13E-04,1.67E-04,0.002640769,10.46119,8.88E-05,659611,659692.5
0.8905649,8.96E-04,6.283185,3.141593,6.283185,992.6797,0.2770664,-4.07E+07,1434.944,2.00E+08,1434.944,0.999992,0.1685881,4.70E-05,0.03034719,1.66E-05,3.50E-04,0.0431176,0.01023374,-4.02E-06,-1.17E-06,7.06E-04,2.28E-04,1.68E-04,0.2047228,0.001532251,-4.71E-04,0.2791561,0.004803796,0.006457344,0.04128413,0.1932285,2.93E-04,3.76E-04,0.001487226,3.75E-04,0.005346165,0.002325875,1.70E-04,1.13E-04,1.67E-04,0.002640819,10.46119,8.88E-05,659611.1,659692.7
0.8906056,8.96E-04,6.283185,3.141593,6.283185,992.6794,0.2770664,-3.48E+07,1434.943,2.00E+08,1434.943,0.999992,0.168588,4.70E-05,0.03034752,1.66E-05,3.50E-04,0.04311839,0.01023395,-4.02E-06,-1.17E-06,7.06E-04,2.28E-04,1.68E-04,0.2047266,0.001532341,-4.72E-04,0.2791546,0.004803582,0.006457362,0.04128461,0.1932246,2.93E-04,3.76E-04,0.001487286,3.75E-04,0.005346315,0.002325946,1.70E-04,1.13E-04,1.67E-04,0.002640932,10.46119,8.88E-05,659611.3,659693.1
0.8911438,8.96E-04,6.283185,3.141593,6.283185,992.675,0.2770664,-6.84E+07,1434.932,2.00E+08,1434.932,0.999992,0.1685872,4.71E-05,0.03035179,1.66E-05,3.50E-04,0.04312832,0.01023673,-4.02E-06,-1.17E-06,7.06E-04,2.28E-04,1.68E-04,0.2047762,0.001533526,-4.81E-04,0.2791329,0.004801832,0.006457464,0.04129127,0.1931696,2.93E-04,3.77E-04,0.001488059,3.75E-04,0.005348276,0.002326883,1.70E-04,1.14E-04,1.67E-04,0.002642421,10.46115,8.88E-05,659613.4,659696.9
0.8911819,8.96E-04,6.283185,3.141593,6.283185,992.6747,0.2770664,-3.01E+07,1434.931,2.00E+08,1434.931,0.999992,0.1685872,4.71E-05,0.0303521,1.66E-05,3.50E-04,0.04312915,0.01023693,-4.02E-06,-1.17E-06,7.06E-04,2.28E-04,1.68E-04,0.2047797,0.00153361,-4.83E-04,0.2791315,0.004801664,0.006457476,0.04129174,0.1931658,2.93E-04,3.77E-04,0.001488114,3.75E-04,0.005348416,0.00232695,1.70E-04,1.14E-04,1.67E-04,0.002642526,10.46115,8.88E-05,659613.8,659697.5
0.8913018,8.96E-04,6.283185,3.141593,6.283185,992.6757,0.2770664,-4.51E+08,1434.928,2.00E+08,1434.928,0.999992,0.168587,4.71E-05,0.03035306,1.66E-05,3.50E-04,0.04313414,0.01023754,-4.02E-06,-1.17E-06,7.06E-04,2.28E-04,1.68E-04,0.2047907,0.001533875,-4.95E-04,0.2791268,0.004801142,0.006457508,0.04129319,0.1931539,2.93E-04,3.77E-04,0.001488287,3.75E-04,0.005348853,0.002327159,1.70E-04,1.14E-04,1.67E-04,0.002642858,10.46112,8.88E-05,659619.7,659706.5
0.8913157,8.96E-04,6.283185,3.141593,6.283185,992.6746,0.2770664,-7.28E+07,1434.927,2.00E+08,1434.927,0.999992,0.168587,4.72E-05,0.03035317,1.65E-05,3.50E-04,0.04313407,0.01023761,-4.02E-06,-1.17E-06,7.06E-04,2.28E-04,1.68E-04,0.204792,0.001533906,-4.98E-04,0.2791264,0.004801044,0.006457512,0.04129337,0.1931525,2.92E-04,3.77E-04,0.001488307,3.75E-04,0.005348905,0.002327184,1.70E-04,1.14E-04,1.67E-04,0.002642896,10.46113,8.88E-05,659619.5,659706.1
0.8913719,8.96E-04,6.283185,3.141593,6.283185,992.6736,0.2770664,-7.49E+07,1434.925,2.00E+08,1434.925,0.999992,0.1685869,4.72E-05,0.03035364,1.65E-05,3.50E-04,0.04313493,0.01023789,-4.02E-06,-1.17E-06,7.06E-04,2.28E-04,1.68E-04,0.2047971,0.001534031,-5.00E-04,0.2791247,0.004800531,0.006457544,0.04129403,0.1931474,2.92E-04,3.77E-04,0.001488389,3.75E-04,0.005349114,0.002327285,1.70E-04,1.14E-04,1.67E-04,0.002643051,10.46113,8.88E-05,659619.7,659706.3
0.8915225,8.97E-04,6.283185,3.141593,6.283185,992.672,0.2770664,-4.42E+07,1434.921,2.00E+08,1434.921,0.999992,0.1685867,4.72E-05,0.03035484,1.64E-05,3.50E-04,0.04313815,0.01023865,-4.02E-06,-1.17E-06,7.06E-04,2.28E-04,1.68E-04,0.2048107,0.001534363,-5.06E-04,0.2791194,0.004799439,0.006457585,0.04129577,0.1931333,2.92E-04,3.77E-04,0.001488602,3.75E-04,0.005349665,0.00232755,1.70E-04,1.15E-04,1.67E-04,0.002643467,10.46111,8.88E-05,659621.6,659709.2
0.891545,8.97E-04,6.283185,3.141593,6.283185,992.6718,0.2770664,-2.35E+07,1434.921,2.00E+08,1434.921,0.999992,0.1685867,4.72E-05,0.03035502,1.64E-05,3.50E-04,0.04313867,0.01023876,-4.02E-06,-1.17E-06,7.06E-04,2.28E-04,1.68E-04,0.2048127,0.001534413,-5.07E-04,0.2791185,0.004799296,0.006457588,0.04129604,0.1931312,2.92E-04,3.77E-04,0.001488634,3.75E-04,0.005349746,0.002327589,1.70E-04,1.15E-04,1.67E-04,0.002643529,10.46111,8.88E-05,659621.8,659709.7
0.8922236,8.97E-04,6.283185,3.141593,6.283185,992.6673,0.2770664,-2.13E+07,1434.909,2.00E+08,1434.909,0.999992,0.1685856,4.74E-05,0.03036029,1.62E-05,3.50E-04,0.04315006,0.01024223,-4.02E-06,-1.17E-06,7.07E-04,2.28E-04,1.68E-04,0.2048745,0.001535901,-5.13E-04,0.2790913,0.004796645,0.006457678,0.0413044,0.1930609,2.92E-04,3.77E-04,0.001489593,3.75E-04,0.005352195,0.002328765,1.70E-04,1.15E-04,1.67E-04,0.002645402,10.46107,8.88E-05,659621.1,659710.7
0.8924623,8.98E-04,6.283185,3.141593,6.283185,992.6654,0.2770664,-6.00E+07,1434.903,2.00E+08,1434.903,0.999992,0.1685853,4.75E-05,0.03036214,1.63E-05,3.50E-04,0.04315535,0.01024346,-4.02E-06,-1.17E-06,7.07E-04,2.28E-04,1.68E-04,0.2048966,0.001536426,-5.23E-04,0.2790819,0.004795695,0.006457744,0.04130736,0.1930365,2.92E-04,3.77E-04,0.001489939,3.75E-04,0.005353063,0.00232918,1.70E-04,1.16E-04,1.67E-04,0.002646061,10.46105,8.88E-05,659624.2,659715.4
0.8926181,8.98E-04,6.283185,3.141593,6.283185,992.6638,0.2770664,-6.85E+07,1434.898,2.00E+08,1434.898,0.999992,0.1685851,4.76E-05,0.03036337,1.63E-05,3.50E-04,0.04315923,0.01024425,-4.02E-06,-1.17E-06,7.07E-04,2.28E-04,1.68E-04,0.2049109,0.00153677,-5.33E-04,0.2790763,0.004794689,0.006457795,0.04130922,0.1930215,2.92E-04,3.77E-04,0.001490163,3.75E-04,0.005353632,0.002329453,1.70E-04,1.16E-04,1.67E-04,0.002646491,10.46103,8.88E-05,659627.5,659720.2
0.8927092,8.98E-04,6.283185,3.141593,6.283185,992.663,0.2770664,-1.35E+08,1434.896,2.00E+08,1434.896,0.999992,0.168585,4.76E-05,0.0303641,1.64E-05,3.50E-04,0.04316162,0.0102447,-4.02E-06,-1.17E-06,7.07E-04,2.28E-04,1.68E-04,0.2049191,0.001536971,-5.38E-04,0.2790731,0.00479405,0.006457818,0.04131029,0.1930128,2.92E-04,3.77E-04,0.001490293,3.75E-04,0.005353965,0.002329613,1.70E-04,1.16E-04,1.67E-04,0.002646742,10.46102,8.88E-05,659629.4,659723.2
0.8927476,8.98E-04,6.283185,3.141593,6.283185,992.6625,0.2770664,-3.63E+07,1434.895,2.00E+08,1434.895,0.999992,0.1685849,4.76E-05,0.0303644,1.64E-05,3.50E-04,0.04316219,0.0102449,-4.02E-06,-1.17E-06,7.07E-04,2.28E-04,1.68E-04,0.2049226,0.001537056,-5.39E-04,0.2790717,0.004793793,0.006457826,0.04131074,0.1930092,2.92E-04,3.77E-04,0.001490348,3.75E-04,0.005354104,0.00232968,1.70E-04,1.16E-04,1.67E-04,0.002646848,10.46102,8.88E-05,659629.3,659723.1
0.8952469,9.00E-04,6.283185,3.141593,6.283185,992.6463,0.2770664,-4.74E+07,1434.853,2.00E+08,1434.853,0.999992,0.168581,4.85E-05,0.03038379,1.67E-05,3.50E-04,0.04320346,0.01025803,-4.03E-06,-1.16E-06,7.08E-04,2.29E-04,1.69E-04,0.2051577,0.001542555,-5.50E-04,0.2789629,0.004790161,0.006458281,0.04134255,0.1927448,2.92E-04,3.78E-04,0.001494003,3.76E-04,0.005363173,0.002333968,1.69E-04,1.16E-04,1.67E-04,0.002653747,10.46088,8.88E-05,659622.4,659720.1
0.8958949,9.01E-04,6.283185,3.141593,6.283185,992.6419,0.2770664,-5.10E+08,1434.838,2.00E+08,1434.838,0.999992,0.1685801,4.88E-05,0.030389,1.69E-05,3.50E-04,0.04321823,0.01026143,-4.03E-06,-1.16E-06,7.08E-04,2.29E-04,1.69E-04,0.2052186,0.00154399,-5.75E-04,0.2789359,0.004788431,0.006458438,0.04135067,0.1926786,2.92E-04,3.78E-04,0.001494956,3.76E-04,0.005365548,0.00233509,1.69E-04,1.17E-04,1.67E-04,0.002655539,10.46082,8.88E-05,659630.4,659732.8
0.8959139,9.01E-04,6.283185,3.141593,6.283185,992.641,0.2770664,-1.07E+08,1434.837,2.00E+08,1434.837,0.999992,0.16858,4.88E-05,0.03038916,1.69E-05,3.50E-04,0.04321832,0.01026152,-4.03E-06,-1.16E-06,7.08E-04,2.29E-04,1.69E-04,0.2052204,0.001544033,-5.76E-04,0.2789353,0.004788291,0.006458448,0.04135089,0.1926769,2.92E-04,3.78E-04,0.001494985,3.76E-04,0.005365619,0.002335123,1.69E-04,1.18E-04,1.67E-04,0.002655592,10.46082,8.88E-05,659630.1,659732.3
0.8960156,9.01E-04,6.283185,3.141593,6.283185,992.64,0.2770664,-7.33E+07,1434.834,2.00E+08,1434.834,0.999992,0.1685799,4.88E-05,0.03039001,1.68E-05,3.50E-04,0.04322109,0.01026204,-4.03E-06,-1.16E-06,7.08E-04,2.29E-04,1.69E-04,0.2052298,0.001544259,-5.84E-04,0.2789317,0.004787599,0.00645849,0.04135208,0.1926674,2.92E-04,3.78E-04,0.001495133,3.76E-04,0.005365995,0.002335302,1.69E-04,1.18E-04,1.67E-04,0.002655873,10.46081,8.88E-05,659632.8,659736.2
0.8960987,9.01E-04,6.283185,3.141593,6.283185,992.6392,0.2770664,-6.63E+07,1434.831,2.00E+08,1434.831,0.999992,0.1685798,4.89E-05,0.0303907,1.69E-05,3.50E-04,0.04322314,0.01026246,-4.03E-06,-1.16E-06,7.08E-04,2.29E-04,1.69E-04,0.2052373,0.001544443,-5.88E-04,0.2789286,0.004787067,0.006458509,0.04135306,0.1926596,2.92E-04,3.78E-04,0.001495253,3.76E-04,0.0053663,0.002335448,1.69E-04,1.18E-04,1.67E-04,0.002656102,10.4608,8.88E-05,659634.3,659738.5
0.8967301,9.02E-04,6.283185,3.141593,6.283185,992.6348,0.2770664,-6110852,1434.821,2.00E+08,1434.821,0.999992,0.1685788,4.91E-05,0.03039576,1.67E-05,3.50E-04,0.043233,0.01026573,-4.03E-06,-1.16E-06,7.08E-04,2.29E-04,1.69E-04,0.2052957,0.001545832,-5.89E-04,0.2789018,0.004785337,0.006458585,0.04136094,0.1925933,2.92E-04,3.79E-04,0.00149616,3.76E-04,0.005368584,0.002336534,1.69E-04,1.18E-04,1.67E-04,0.002657845,10.46077,8.88E-05,659631,659736
0.9081422,9.13E-04,6.283185,3.141593,6.283185,992.5706,0.2770664,-9958125,1434.652,2.00E+08,1434.652,0.999992,0.1685604,5.31E-05,0.03048638,1.68E-05,3.51E-04,0.04341667,0.0103269,-4.05E-06,-1.12E-06,7.13E-04,2.31E-04,1.71E-04,0.2063884,0.001571379,-5.92E-04,0.2783796,0.004793112,0.006460839,0.04150844,0.1913789,2.90E-04,3.83E-04,0.001513286,3.79E-04,0.005410678,0.002356264,1.69E-04,1.15E-04,1.70E-04,0.002689762,10.46022,8.89E-05,659583.2,659695.7
0.9133709,9.19E-04,6.283185,3.141593,6.283185,992.5379,0.2770664,-6995899,1434.571,2.00E+08,1434.571,0.999992,0.1685522,5.46E-05,0.03052789,1.66E-05,3.51E-04,0.04349948,0.01035452,-4.06E-06,-1.11E-06,7.15E-04,2.32E-04,1.72E-04,0.2068805,0.001583194,-5.93E-04,0.2781503,0.004793173,0.006461797,0.04157452,0.1908323,2.89E-04,3.85E-04,0.001521058,3.81E-04,0.005430024,0.002365409,1.69E-04,1.15E-04,1.71E-04,0.002704571,10.45997,8.89E-05,659567.2,659680.1
0.9318763,9.37E-04,6.283185,3.141593,6.283185,992.4197,0.2770664,-1.17E+07,1434.287,2.00E+08,1434.287,0.999992,0.1685235,5.89E-05,0.03067013,1.62E-05,3.51E-04,0.04378572,0.01045044,-4.10E-06,-1.07E-06,7.21E-04,2.36E-04,1.76E-04,0.2085854,0.001625061,-5.97E-04,0.2773775,0.004774627,0.00646484,0.04180166,0.1889398,2.86E-04,3.92E-04,0.001548184,3.85E-04,0.005498086,0.002397607,1.69E-04,1.17E-04,1.78E-04,0.00275723,10.45915,8.89E-05,659516.2,659628.8
0.9778686,9.84E-04,6.283185,3.141593,6.283185,992.1132,0.2770664,-9099163,1433.579,2.00E+08,1433.579,0.9999921,0.1684544,6.78E-05,0.03101197,1.58E-05,3.52E-04,0.04446756,0.01068224,-4.18E-06,-9.95E-07,7.34E-04,2.46E-04,1.84E-04,0.2126897,0.001729041,-5.95E-04,0.2755378,0.004702297,0.006470252,0.04233681,0.1843995,2.79E-04,4.09E-04,0.001614733,3.97E-04,0.00566436,0.002475198,1.66E-04,1.26E-04,1.93E-04,0.002885517,10.45721,8.89E-05,659396.3,659501.6
1,0.001005875,6.283185,3.141593,6.283185,991.9636,0.2770664,-8928132,1433.239,1.99E+08,1433.239,0.9999921,0.168422,7.17E-05,0.03117281,1.56E-05,3.52E-04,0.04478515,0.01079126,-4.21E-06,-9.63E-07,7.39E-04,2.50E-04,1.88E-04,0.2146156,0.001779303,-5.96E-04,0.2746688,0.004667322,0.006471828,0.04258233,0.1822794,2.75E-04,4.17E-04,0.001646568,4.02E-04,0.005743346,0.002511564,1.65E-04,1.31E-04,1.99E-04,0.002946309,10.45631,8.89E-05,659341.3,659443.4
1.091447,0.001098092,6.283185,3.141593,6.283185,991.3451,0.2770664,-7144058,1431.856,1.99E+08,1431.856,0.9999921,0.1682929,8.56E-05,0.03181932,1.52E-05,3.55E-04,0.04603387,0.0112268,-4.34E-06,-8.44E-07,7.59E-04,2.69E-04,2.04E-04,0.2222903,0.00198961,-5.98E-04,0.2711417,0.00453749,0.006471883,0.04352495,0.1738985,2.64E-04,4.51E-04,0.001777418,4.25E-04,0.0060646,0.002656577,1.59E-04,1.51E-04,2.27E-04,0.003194699,10.45273,8.90E-05,659121.7,659213.2
1.101243,0.001107974,6.283185,3.141593,6.283185,991.2784,0.2770664,-1.24E+07,1431.707,1.99E+08,1431.707,0.9999921,0.1682796,8.70E-05,0.03188715,1.53E-05,3.55E-04,0.04616353,0.01127209,-4.35E-06,-8.32E-07,7.60E-04,2.71E-04,2.06E-04,0.2230869,0.002012384,-6.07E-04,0.2707708,0.004523642,0.006471335,0.04361943,0.1730356,2.63E-04,4.55E-04,0.001791369,4.27E-04,0.006098565,0.002671646,1.59E-04,1.53E-04,2.30E-04,0.003221061,10.45235,8.90E-05,659102.3,659194.4
1.101339,0.001108071,6.283185,3.141593,6.283185,991.2779,0.2770664,-1.00E+08,1431.706,1.99E+08,1431.706,0.9999921,0.1682795,8.70E-05,0.03188782,1.52E-05,3.55E-04,0.04616521,0.01127253,-4.35E-06,-8.32E-07,7.60E-04,2.71E-04,2.06E-04,0.2230947,0.002012607,-6.09E-04,0.2707673,0.004523443,0.006471328,0.04362035,0.1730272,2.63E-04,4.55E-04,0.001791504,4.27E-04,0.006098896,0.002671794,1.59E-04,1.53E-04,2.30E-04,0.003221317,10.45235,8.90E-05,659102.8,659195.4
1.101421,0.001108154,6.283185,3.141593,6.283185,991.277,0.2770664,-1.27E+07,1431.704,1.99E+08,1431.704,0.9999921,0.1682794,8.70E-05,0.03188839,1.52E-05,3.55E-04,0.04616619,0.01127291,-4.35E-06,-8.32E-07,7.60E-04,2.71E-04,2.06E-04,0.2231013,0.002012799,-6.10E-04,0.2707644,0.004523204,0.006471329,0.04362112,0.1730202,2.63E-04,4.55E-04,0.001791621,4.27E-04,0.006099181,0.00267192,1.59E-04,1.54E-04,2.30E-04,0.003221536,10.45234,8.90E-05,659102.5,659195.1
1.11173,0.001118553,6.283185,3.141593,6.283185,991.207,0.2770664,-7938597,1431.549,1.99E+08,1431.549,0.9999921,0.1682653,8.85E-05,0.0319598,1.53E-05,3.56E-04,0.04630061,0.01132037,-4.36E-06,-8.21E-07,7.62E-04,2.73E-04,2.08E-04,0.2239361,0.002036808,-6.13E-04,0.2703724,0.004509927,0.006470618,0.04371946,0.1721163,2.62E-04,4.59E-04,0.001806312,4.30E-04,0.006134816,0.002687661,1.58E-04,1.56E-04,2.33E-04,0.003249124,10.45195,8.90E-05,659079.1,659171.6
1.121117,0.001128024,6.283185,3.141593,6.283185,991.1422,0.2770664,-9299932,1431.403,1.99E+08,1431.403,0.9999921,0.1682527,9.01E-05,0.03202477,1.53E-05,3.56E-04,0.04642606,0.01136325,-4.37E-06,-8.11E-07,7.64E-04,2.75E-04,2.10E-04,0.2246905,0.002058729,-6.42E-04,0.2700198,0.004495014,0.006469893,0.04380759,0.171302,2.61E-04,4.63E-04,0.001819657,4.32E-04,0.0061672,0.002701939,1.58E-04,1.60E-04,2.36E-04,0.003274185,10.45157,8.90E-05,659067.5,659164.3
1.121871,0.001128785,6.283185,3.141593,6.283185,991.1355,0.2770664,-3.66E+07,1431.386,1.99E+08,1431.386,0.9999921,0.1682518,9.02E-05,0.03203012,1.55E-05,3.56E-04,0.04643894,0.01136665,-4.37E-06,-8.10E-07,7.64E-04,2.75E-04,2.10E-04,0.2247505,0.002060494,-6.62E-04,0.2699931,0.004492666,0.00646987,0.04381448,0.1712388,2.60E-04,4.63E-04,0.001820727,4.32E-04,0.006169803,0.002703089,1.57E-04,1.61E-04,2.36E-04,0.003276189,10.45151,8.90E-05,659074.5,659174.1
1.121899,0.001128813,6.283185,3.141593,6.283185,991.1352,0.2770664,-3.52E+07,1431.385,1.99E+08,1431.385,0.9999921,0.1682518,9.02E-05,0.03203033,1.55E-05,3.56E-04,0.04643929,0.01136677,-4.37E-06,-8.10E-07,7.64E-04,2.75E-04,2.10E-04,0.2247527,0.00206056,-6.63E-04,0.2699922,0.004492503,0.006469869,0.04381474,0.1712365,2.60E-04,4.63E-04,0.001820767,4.32E-04,0.006169901,0.002703133,1.57E-04,1.62E-04,2.36E-04,0.003276264,10.45151,8.90E-05,659074.5,659174
1.127398,0.001134361,6.283185,3.141593,6.283185,991.0993,0.2770664,-4984106,1431.305,1.99E+08,1431.305,0.9999922,0.1682443,9.13E-05,0.03206865,1.54E-05,3.56E-04,0.04651,0.01139195,-4.37E-06,-8.02E-07,7.65E-04,2.76E-04,2.11E-04,0.2251959,0.002073405,-6.62E-04,0.2697799,0.0044866,0.006469349,0.04386631,0.1707567,2.60E-04,4.65E-04,0.001828625,4.34E-04,0.006188798,0.002711407,1.57E-04,1.62E-04,2.37E-04,0.003290889,10.4513,8.90E-05,659058.3,659158.8
1.2,0.001207633,6.283185,3.141593,6.283185,990.6143,0.2770664,-5407293,1430.245,1.99E+08,1430.245,0.9999922,0.1681483,1.02E-04,0.03256248,1.50E-05,3.59E-04,0.04741101,0.01171645,-4.09E-06,-9.70E-07,7.78E-04,2.90E-04,2.23E-04,0.2308909,0.002244922,-6.57E-04,0.2670669,0.004402083,0.006460344,0.04451156,0.1646436,2.53E-04,4.92E-04,0.001931789,4.51E-04,0.006437106,0.002819037,1.54E-04,1.76E-04,2.62E-04,0.003484819,10.44868,8.90E-05,658891.5,658984.8
1.261445,0.001269674,6.283185,3.141593,6.283185,990.1977,0.2770664,-4288978,1429.355,1.99E+08,1429.355,0.9999922,0.1680704,1.09E-04,0.03296763,1.47E-05,3.62E-04,0.04813084,0.01198039,-3.76E-06,-1.15E-06,7.87E-04,3.03E-04,2.33E-04,0.2355082,0.002391291,-6.58E-04,0.2648423,0.004325354,0.006448964,0.04500969,0.1597339,2.47E-04,5.15E-04,0.002018181,4.66E-04,0.006643215,0.002906256,1.51E-04,1.91E-04,2.81E-04,0.00364583,10.44657,8.91E-05,658762.3,658849.3
1.4,0.001409667,6.283185,3.141593,6.283185,989.2601,0.2770664,-2443867,1427.397,1.98E+08,1427.397,0.9999923,0.1679042,1.22E-04,0.03384653,1.43E-05,3.69E-04,0.04962702,0.0125446,-3.77E-06,-1.00E-06,8.03E-04,3.29E-04,2.55E-04,0.2453459,0.002725486,-6.48E-04,0.2599879,0.004164568,0.006412545,0.04599547,0.1494184,2.36E-04,5.67E-04,0.002210637,4.98E-04,0.00709652,0.00309148,1.44E-04,2.25E-04,3.29E-04,0.004001892,10.44214,8.92E-05,658485,658559.2
1.6,0.001611976,6.283185,3.141593,6.283185,987.905,0.2770664,-205895.9,1424.663,1.98E+08,1424.663,0.9999924,0.1676847,1.35E-04,0.03504208,1.38E-05,3.80E-04,0.05151787,0.0132908,-3.82E-06,-7.88E-07,8.19E-04,3.67E-04,2.84E-04,0.2582932,0.003214866,-6.34E-04,0.2533529,0.003952262,0.00633875,0.0471272,0.1361644,2.21E-04,6.41E-04,0.002482237,5.43E-04,0.007723889,0.003332929,1.36E-04,2.76E-04,4.01E-04,0.004497186,10.43644,8.93E-05,658125.1,658186.1
1.8,0.001814564,6.283185,3.141593,6.283185,986.5468,0.2770664,1581066,1422.018,1.97E+08,1422.018,0.9999925,0.167486,1.43E-04,0.03616168,1.33E-05,3.94E-04,0.05314028,0.01396647,-3.91E-06,-5.77E-07,8.31E-04,4.03E-04,3.11E-04,0.2699596,0.003707856,-6.22E-04,0.2471204,0.003758052,0.006246486,0.04797601,0.1245566,2.09E-04,7.13E-04,0.002745838,5.85E-04,0.008320634,0.003546898,1.28E-04,3.29E-04,4.78E-04,0.004970054,10.43141,8.94E-05,657806.4,657858.2
2,0.002017432,6.283185,3.141593,6.283185,985.1838,0.2770664,3008004,1419.447,1.97E+08,1419.447,0.9999927,0.1673052,1.47E-04,0.03721367,1.28E-05,4.08E-04,0.05453788,0.01458074,-4.04E-06,-3.76E-07,8.39E-04,4.38E-04,3.35E-04,0.2805233,0.004200252,-6.09E-04,0.2412542,0.003579179,0.006141279,0.04859569,0.1143403,1.97E-04,7.84E-04,0.003000959,6.25E-04,0.008887884,0.003736567,1.22E-04,3.83E-04,5.57E-04,0.005420552,10.42695,8.95E-05,657522.8,657568.1
2.2,0.002220581,6.283185,3.141593,6.283185,983.8146,0.2770664,4146207,1416.935,1.97E+08,1416.935,0.9999928,0.1671399,1.50E-04,0.03820479,1.24E-05,4.23E-04,0.05574609,0.01514116,-4.21E-06,-1.87E-07,8.44E-04,4.72E-04,3.57E-04,0.2901307,0.00468872,-5.98E-04,0.2357233,0.003413598,0.006027332,0.04902937,0.1053078,1.87E-04,8.52E-04,0.00324734,6.64E-04,0.009426737,0.003904813,1.15E-04,4.38E-04,6.39E-04,0.005849089,10.42298,8.96E-05,657269.5,657309.9
2.4,0.002424013,6.283185,3.141593,6.283185,982.438,0.2770664,5053961,1414.471,1.96E+08,1414.471,0.9999929,0.1669882,1.51E-04,0.03914053,1.20E-05,4.38E-04,0.05679356,0.01565398,-4.40E-06,-1.47E-08,8.47E-04,5.05E-04,3.77E-04,0.2989022,0.005170686,-5.87E-04,0.2305007,0.003259699,0.005907788,0.04931137,0.09729028,1.78E-04,9.19E-04,0.003484896,7.00E-04,0.009938286,0.004054184,1.10E-04,4.92E-04,7.22E-04,0.006256373,10.41943,8.98E-05,657042.5,657079.2
2.6,0.002627732,6.283185,3.141593,6.283185,981.0532,0.2770664,5772434,1412.045,1.96E+08,1412.045,0.999993,0.1668484,1.52E-04,0.04002561,1.16E-05,4.54E-04,0.05770407,0.0161245,-4.61E-06,1.35E-07,8.49E-04,5.36E-04,3.94E-04,0.3069388,0.005644147,-5.77E-04,0.2255625,0.00311617,0.005785059,0.0494697,0.09014718,1.70E-04,9.83E-04,0.003713656,7.33E-04,0.01042363,0.004186936,1.04E-04,5.46E-04,8.08E-04,0.006643224,10.41624,8.99E-05,656838.3,656872.4
2.8,0.002831739,6.283185,3.141593,6.283185,979.6596,0.2770664,6335943,1409.652,1.95E+08,1409.652,0.9999931,0.1667192,1.52E-04,0.04086406,1.13E-05,4.69E-04,0.05849729,0.01655721,-4.81E-06,2.53E-07,8.49E-04,5.67E-04,4.10E-04,0.3143256,0.006107584,-5.67E-04,0.2208878,0.002981911,0.005660968,0.04952711,0.08376175,1.62E-04,0.001044807,0.00393373,7.66E-04,0.01088388,0.004305044,9.96E-05,5.99E-04,8.94E-04,0.007010538,10.41338,9.00E-05,656654.2,656686.2
3,0.003036038,6.283185,3.141593,6.283185,978.2568,0.2770664,6773031,1407.284,1.95E+08,1407.284,0.9999933,0.1665993,1.51E-04,0.04165938,1.09E-05,4.85E-04,0.05918964,0.01695595,-4.97E-06,3.29E-07,8.49E-04,5.96E-04,4.24E-04,0.3211348,0.006559866,-5.58E-04,0.2164579,0.002855998,0.0055369,0.0495022,0.078036,1.56E-04,0.001104506,0.004145281,7.96E-04,0.01132012,0.004410234,9.52E-05,6.51E-04,9.81E-04,0.007359257,10.4108,9.02E-05,656487.9,656518.2
3.2,0.003240631,6.283185,3.141593,6.283185,976.8445,0.2770664,7105810,1404.938,1.94E+08,1404.938,0.9999934,0.1664879,1.51E-04,0.0424147,1.06E-05,5.01E-04,0.059795,0.01732405,-5.06E-06,3.48E-07,8.48E-04,6.25E-04,4.36E-04,0.3274284,0.00700016,-5.49E-04,0.212256,0.002737639,0.005413908,0.04941038,0.07288683,1.49E-04,0.001162061,0.004348513,8.24E-04,0.01173344,0.004504016,9.10E-05,7.03E-04,0.001068435,0.007690322,10.40846,9.03E-05,656337.2,656366.2
3.4,0.00344552,6.283185,3.141593,6.283185,975.4226,0.2770664,7350545,1402.608,1.94E+08,1402.608,0.9999935,0.166384,1.50E-04,0.04313277,1.03E-05,5.16E-04,0.0603251,0.01766439,-5.05E-06,2.92E-07,8.46E-04,6.52E-04,4.47E-04,0.3332598,0.007427884,-5.41E-04,0.2082668,0.002626152,0.005292787,0.04926438,0.06824359,1.44E-04,0.001217528,0.004543648,8.51E-04,0.01212491,0.004587709,8.72E-05,7.52E-04,0.001155917,0.008004658,10.40635,9.04E-05,656200.5,656228.3
3.6,0.00365071,6.283185,3.141593,6.283185,973.9913,0.2770664,7522032,1400.292,1.94E+08,1400.292,0.9999936,0.1662869,1.48E-04,0.04381607,9.98E-06,5.31E-04,0.06078991,0.01797949,-4.88E-06,1.40E-07,8.44E-04,6.79E-04,4.57E-04,0.3386751,0.00784266,-5.33E-04,0.2044767,0.002520945,0.005174124,0.04907474,0.06404595,1.38E-04,0.001270976,0.004730928,8.76E-04,0.01249557,0.004662466,8.36E-05,8.00E-04,0.001243197,0.008303162,10.40443,9.05E-05,656076.3,656103.1
3.8,0.003856203,6.283185,3.141593,6.283185,972.5504,0.2770664,7637328,1397.986,1.93E+08,1397.986,0.9999938,0.1661959,1.47E-04,0.04446681,9.69E-06,5.47E-04,0.06119792,0.01827154,-4.51E-06,-1.29E-07,8.43E-04,7.05E-04,4.66E-04,0.3437146,0.008244269,-5.25E-04,0.2008731,0.0024215,0.005058349,0.04885023,0.06024216,1.33E-04,0.001322476,0.0049106,9.00E-04,0.01284643,0.004729293,8.03E-05,8.47E-04,0.001330037,0.008586696,10.40269,9.07E-05,655963.2,655989.2
4,0.004062001,6.283185,3.141593,6.283185,971.1003,0.2770664,7712253,1395.69,1.93E+08,1395.69,0.9999939,0.1661104,1.46E-04,0.04508703,9.41E-06,5.62E-04,0.06155649,0.01854253,-3.88E-06,-5.33E-07,8.41E-04,7.30E-04,4.73E-04,0.3484137,0.008632618,-5.18E-04,0.1974446,0.002327361,0.004945774,0.04859825,0.05678721,1.29E-04,0.001372105,0.005082916,9.23E-04,0.01317848,0.004789079,7.72E-05,8.92E-04,0.001416236,0.008856086,10.40111,9.08E-05,655860.1,655885.5
4.2,0.004268108,6.283185,3.141593,6.283185,969.641,0.2770664,7766963,1393.399,1.92E+08,1393.399,0.999994,0.16603,1.44E-04,0.04567857,9.13E-06,5.77E-04,0.0618719,0.01879418,-2.95E-06,-1.09E-06,8.39E-04,7.54E-04,4.80E-04,0.3528035,0.009007723,-5.11E-04,0.1941806,0.002238123,0.004836608,0.04832492,0.05364227,1.25E-04,0.001419936,0.005248131,9.44E-04,0.01349268,0.004842602,7.43E-05,9.36E-04,0.00150161,0.009112118,10.39966,9.10E-05,655766.1,655791
4.4,0.004474526,6.283185,3.141593,6.283185,968.1729,0.2770664,7743370,1391.114,1.92E+08,1391.114,0.9999941,0.1659542,1.43E-04,0.04624309,8.87E-06,5.92E-04,0.06214958,0.01902801,-1.67E-06,-1.82E-06,8.37E-04,7.78E-04,4.85E-04,0.3569113,0.009369685,-5.04E-04,0.1910715,0.002153416,0.004730984,0.04803535,0.05077365,1.21E-04,0.001466047,0.005406493,9.64E-04,0.01378993,0.004890545,7.16E-05,9.77E-04,0.001585976,0.009355518,10.39835,9.11E-05,655680.3,655704.7
4.6,0.004681258,6.283185,3.141593,6.283185,966.6961,0.2770664,7689563,1388.833,1.92E+08,1388.833,0.9999943,0.1658826,1.41E-04,0.04678226,8.61E-06,6.06E-04,0.06239449,0.01924552,-3.29E-08,-2.70E-06,8.35E-04,8.01E-04,4.90E-04,0.3607627,0.009718685,-4.98E-04,0.1881078,0.002072935,0.004628977,0.04773407,0.04815022,1.18E-04,0.001510518,0.005558269,9.82E-04,0.01407117,0.004933544,6.90E-05,0.001017627,0.001669218,0.009587047,10.39716,9.12E-05,655601.8,655625.9
4.8,0.004888307,6.283185,3.141593,6.283185,965.2122,0.2770664,7765025,1386.555,1.91E+08,1386.555,0.9999944,0.1658149,1.40E-04,0.04729769,8.37E-06,6.21E-04,0.06261109,0.01944792,-2.64E-06,-5.23E-07,8.34E-04,8.23E-04,4.94E-04,0.3643799,0.01005509,-4.92E-04,0.1852785,0.001997732,0.004530542,0.04742399,0.04574733,1.14E-04,0.001553509,0.005703792,0.001000182,0.0143373,0.004972074,6.67E-05,0.001056208,0.001751274,0.00980743,10.39606,9.14E-05,655530,655553.8
5,0.005095676,6.283185,3.141593,6.283185,963.7222,0.2770664,7797169,1384.28,1.91E+08,1384.28,0.9999945,0.1657508,1.40E-04,0.04779104,8.14E-06,6.36E-04,0.06280362,0.01963654,-1.11E-05,5.40E-06,8.33E-04,8.44E-04,4.97E-04,0.3677852,0.01037935,-4.86E-04,0.182575,0.001926341,0.004435643,0.04710819,0.04353966,1.11E-04,0.001595113,0.005843392,0.001016873,0.01458932,0.005006657,6.45E-05,0.001093249,0.001832064,0.01001745,10.39505,9.15E-05,655464.5,655491
5.2,0.005303366,6.283185,3.141593,6.283185,962.2266,0.2770664,7813344,1382.007,1.90E+08,1382.007,0.9999947,0.16569,1.41E-04,0.0482635,7.92E-06,6.51E-04,0.06297505,0.01981237,-2.53E-05,1.46E-05,8.32E-04,8.65E-04,5.00E-04,0.3709948,0.01069177,-4.80E-04,0.1799907,0.001858459,0.004344237,0.04678892,0.04150865,1.09E-04,0.001635372,0.005977294,0.001032608,0.01482795,0.005037675,6.25E-05,0.001128791,0.001911501,0.01021765,10.39411,9.17E-05,655404.8,655436.2
5.4,0.005511379,6.283185,3.141593,6.283185,960.7257,0.2770664,7816473,1379.737,1.90E+08,1379.737,0.9999948,0.1656323,1.43E-04,0.04871615,7.70E-06,6.65E-04,0.063128,0.01997633,-4.54E-05,2.68E-05,8.31E-04,8.86E-04,5.02E-04,0.3740234,0.01099265,-4.75E-04,0.1775192,0.001793867,0.004256264,0.04646812,0.03963771,1.06E-04,0.001674339,0.006105722,0.001047444,0.01505389,0.005065473,6.07E-05,0.001162882,0.001989513,0.01040855,10.39325,9.18E-05,655350.5,655388.5
5.6,0.005719718,6.283185,3.141593,6.283185,959.2198,0.2770664,7809096,1377.468,1.90E+08,1377.468,0.9999949,0.1655774,1.47E-04,0.04915009,7.50E-06,6.80E-04,0.06326498,0.02012934,-7.12E-05,4.17E-05,8.31E-04,9.06E-04,5.04E-04,0.3768857,0.01128237,-4.70E-04,0.1751541,0.001732355,0.004171647,0.04614758,0.03791064,1.04E-04,0.001712074,0.006228904,0.001061435,0.01526785,0.005090389,5.89E-05,0.001195572,0.002066032,0.0105907,10.39244,9.19E-05,655301.2,655347.4
5.8,0.005928385,6.283185,3.141593,6.283185,957.7093,0.2770664,7793495,1375.199,1.89E+08,1375.199,0.9999951,0.1655252,1.53E-04,0.04956639,7.29E-06,6.95E-04,0.06338824,0.02027222,-1.03E-04,5.91E-05,8.31E-04,9.25E-04,5.05E-04,0.3795948,0.01156129,-4.65E-04,0.1728892,0.001673739,0.004090293,0.04582878,0.03631295,1.02E-04,0.001748642,0.006347068,0.001074637,0.01547052,0.005112729,5.72E-05,0.001226919,0.002141,0.0107646,10.39169,9.21E-05,655256.6,655312.3
6,0.006137382,6.283185,3.141593,6.283185,956.1946,0.2770664,7771501,1372.931,1.89E+08,1372.931,0.9999952,0.1654754,1.60E-04,0.04996596,7.10E-06,7.09E-04,0.06349959,0.02040569,-1.40E-04,7.86E-05,8.32E-04,9.44E-04,5.06E-04,0.3821621,0.01182977,-4.60E-04,0.170719,0.001617854,0.004012101,0.04551283,0.03483256,9.98E-05,0.001784105,0.006460425,0.001087097,0.01566253,0.005132746,5.57E-05,0.001256981,0.002214375,0.0109307,10.39098,9.22E-05,655216.4,655282.9
6.2,0.006346711,6.283185,3.141593,6.283185,954.676,0.2770664,7744278,1370.664,1.88E+08,1370.664,0.9999953,0.1654279,1.69E-04,0.05034966,6.91E-06,7.24E-04,0.06360052,0.02053037,-1.83E-04,1.00E-04,8.33E-04,9.62E-04,5.06E-04,0.3845974,0.01208818,-4.56E-04,0.1686386,0.001564544,0.003936963,0.04520056,0.03345929,9.80E-05,0.001818517,0.006569171,0.001098859,0.01584444,0.005150656,5.42E-05,0.001285815,0.002286128,0.01108942,10.39032,9.24E-05,655180.3,655258.8
6.4,0.006556373,6.283185,3.141593,6.283185,953.1538,0.2770664,7712617,1368.397,1.88E+08,1368.397,0.9999955,0.1653826,1.80E-04,0.05071825,6.73E-06,7.39E-04,0.06369234,0.02064681,-2.31E-04,1.24E-04,8.35E-04,9.80E-04,5.06E-04,0.3869095,0.01233687,-4.51E-04,0.1666436,0.001513664,0.003864772,0.04489262,0.0321841,9.63E-05,0.001851927,0.006673496,0.001109963,0.01601679,0.005166649,5.29E-05,0.001313481,0.002356235,0.01124113,10.3897,9.25E-05,655148,655239.7
6.6,0.006766371,6.283185,3.141593,6.283185,951.6283,0.2770664,7677319,1366.13,1.88E+08,1366.13,0.9999956,0.1653393,1.92E-04,0.05107251,6.55E-06,7.54E-04,0.06377634,0.02075559,-2.85E-04,1.49E-04,8.37E-04,9.97E-04,5.06E-04,0.3891073,0.0125762,-4.47E-04,0.1647292,0.001465073,0.003795423,0.04458969,0.030998,9.47E-05,0.001884383,0.006773586,0.00112045,0.01618012,0.005180916,5.16E-05,0.001340037,0.002424674,0.01138622,10.38912,9.27E-05,655119.4,655225.3
6.8,0.006976706,6.283185,3.141593,6.283185,950.0997,0.2770664,7638208,1363.863,1.87E+08,1363.863,0.9999957,0.1652978,2.07E-04,0.05141319,6.38E-06,7.69E-04,0.06385367,0.02085723,-3.45E-04,1.77E-04,8.39E-04,0.001014462,5.05E-04,0.391199,0.01280651,-4.43E-04,0.1628912,0.00141864,0.003728807,0.0442923,0.02989273,9.33E-05,0.001915935,0.006869622,0.001130357,0.01633492,0.005193632,5.04E-05,0.001365541,0.002491426,0.01152505,10.38857,9.28E-05,655094.1,655215.1
7,0.00718738,6.283185,3.141593,6.283185,948.5683,0.2770664,7596678,1361.597,1.87E+08,1361.597,0.9999959,0.1652582,2.23E-04,0.05174095,6.21E-06,7.84E-04,0.06392527,0.02095218,-4.09E-04,2.05E-04,8.41E-04,0.001031121,5.04E-04,0.3931916,0.01302815,-4.39E-04,0.1611258,0.001374235,0.003664818,0.04400082,0.02886139,9.20E-05,0.001946625,0.006961776,0.001139719,0.01648167,0.005204943,4.93E-05,0.001390053,0.002556483,0.01165794,10.38804,9.30E-05,655072,655209.1
7.2,0.007398395,6.283185,3.141593,6.283185,947.0344,0.2770664,7547793,1359.33,1.86E+08,1359.33,0.999996,0.1652201,2.41E-04,0.05205638,6.05E-06,7.99E-04,0.06399187,0.02104085,-4.79E-04,2.35E-04,8.44E-04,0.001047397,5.03E-04,0.3950912,0.01324144,-4.36E-04,0.1594294,0.001331734,0.003603349,0.04371549,0.02789813,9.08E-05,0.001976492,0.007050205,0.001148568,0.0166208,0.005214974,4.82E-05,0.001413633,0.002619836,0.01178519,10.38754,9.31E-05,655052.9,655206.8
7.4,0.007609752,6.283185,3.141593,6.283185,945.498,0.2770664,7505870,1357.063,1.86E+08,1357.063,0.9999961,0.1651837,2.60E-04,0.05236006,5.89E-06,8.15E-04,0.06405415,0.02112361,-5.53E-04,2.67E-04,8.48E-04,0.001063304,5.02E-04,0.3969036,0.0134467,-4.32E-04,0.1577987,0.001291023,0.0035443,0.04343649,0.02699753,8.96E-05,0.002005568,0.00713506,0.001156932,0.0167527,0.005223843,4.72E-05,0.001436327,0.002681488,0.01190707,10.38707,9.33E-05,655036.6,655208.1
7.6,0.007821453,6.283185,3.141593,6.283185,943.9595,0.2770664,7443054,1354.795,1.86E+08,1354.795,0.9999963,0.1651487,2.81E-04,0.05265253,5.74E-06,8.30E-04,0.06411274,0.02120084,-6.31E-04,2.99E-04,8.51E-04,0.001078855,5.00E-04,0.3986343,0.01364423,-4.29E-04,0.1562306,0.001251971,0.003487574,0.04316403,0.02615436,8.86E-05,0.002033887,0.007216485,0.001164842,0.01687777,0.00523166,4.63E-05,0.001458196,0.002741435,0.01202386,10.38661,9.34E-05,655023,655212.6
7.8,0.008033499,6.283185,3.141593,6.283185,942.4188,0.2770664,7367033,1352.528,1.85E+08,1352.528,0.9999964,0.1651151,3.04E-04,0.05293429,5.59E-06,8.45E-04,0.06416814,0.02127285,-7.14E-04,3.32E-04,8.55E-04,0.001094059,4.98E-04,0.4002883,0.01383431,-4.25E-04,0.1547223,0.001214431,0.003433078,0.04289824,0.02536399,8.76E-05,0.002061474,0.007294615,0.001172326,0.01699636,0.005238528,4.54E-05,0.001479315,0.002799654,0.01213579,10.38618,9.36E-05,655011.8,655219.9
8,0.008245893,6.283185,3.141593,6.283185,940.876,0.2770664,7290575,1350.26,1.85E+08,1350.26,0.9999965,0.1650828,3.28E-04,0.05320575,5.44E-06,8.61E-04,0.06422071,0.02133994,-7.99E-04,3.65E-04,8.60E-04,0.001108924,4.96E-04,0.4018697,0.01401721,-4.22E-04,0.1532715,0.00117823,0.003380729,0.0426392,0.02462255,8.68E-05,0.00208835,0.007369568,0.001179412,0.01710881,0.005244529,4.45E-05,0.001499757,0.002856102,0.01224306,10.38577,9.37E-05,655003,655229.8
8.2,0.008458635,6.283185,3.141593,6.283185,939.331,0.2770664,7206491,1347.992,1.84E+08,1347.992,0.9999967,0.1650517,3.54E-04,0.0534673,5.30E-06,8.77E-04,0.06427071,0.02140238,-8.86E-04,3.98E-04,8.64E-04,0.001123455,4.94E-04,0.4033821,0.01419317,-4.19E-04,0.151876,0.001143218,0.003330448,0.042387,0.0239266,8.59E-05,0.002114522,0.007441446,0.001186124,0.0172154,0.005249752,4.37E-05,0.001519512,0.002910829,0.01234588,10.38538,9.39E-05,654996.4,655241.6
8.4,0.008671728,6.283185,3.141593,6.283185,937.7835,0.2770664,7073714,1345.724,1.84E+08,1345.724,0.9999968,0.1650218,3.80E-04,0.05371924,5.15E-06,8.92E-04,0.06431829,0.0214604,-9.75E-04,4.30E-04,8.69E-04,0.001137652,4.92E-04,0.4048287,0.01436239,-4.16E-04,0.1505343,0.001109147,0.003282172,0.04214175,0.02327302,8.52E-05,0.002139992,0.007510337,0.001192488,0.01731641,0.005254273,4.29E-05,0.001538605,0.002963845,0.01244441,10.385,9.40E-05,654991.8,655254.9
8.6,0.008885174,6.283185,3.141593,6.283185,936.233,0.2770664,6923285,1343.453,1.84E+08,1343.453,0.9999969,0.1649929,4.07E-04,0.05396179,5.01E-06,9.08E-04,0.06436348,0.02151421,-0.001061413,4.59E-04,8.74E-04,0.001151508,4.90E-04,0.406212,0.01452505,-4.13E-04,0.1492455,0.001075673,0.003235847,0.04190362,0.02265911,8.44E-05,0.002164742,0.007576303,0.001198533,0.01741208,0.00525817,4.21E-05,0.001557134,0.003015047,0.01253876,10.38466,9.42E-05,654989.1,655268.7
8.8,0.009098973,6.283185,3.141593,6.283185,934.679,0.2770664,6712231,1341.182,1.83E+08,1341.182,0.9999971,0.1649651,4.33E-04,0.05419505,4.86E-06,9.24E-04,0.06440611,0.02156398,-0.001144482,4.85E-04,8.79E-04,0.00116501,4.88E-04,0.4075338,0.01468125,-4.11E-04,0.1480093,0.001042465,0.003191439,0.04167283,0.02208266,8.37E-05,0.002188737,0.007639376,0.001204289,0.0175026,0.005261512,4.13E-05,0.001575146,0.003064367,0.012629,10.38433,9.44E-05,654988,655282.2
9,0.009313129,6.283185,3.141593,6.283185,933.1208,0.2770664,6443603,1338.908,1.83E+08,1338.908,0.9999972,0.1649382,4.60E-04,0.05441904,4.70E-06,9.40E-04,0.06444587,0.02160987,-0.001220398,5.04E-04,8.84E-04,0.001178136,4.85E-04,0.4087949,0.01483107,-4.08E-04,0.146826,0.001009122,0.003148932,0.04144968,0.02154196,8.30E-05,0.002211919,0.007699557,0.00120979,0.01758812,0.005264369,4.04E-05,0.001592634,0.003111765,0.01271517,10.38404,9.45E-05,654988.5,655294.3
9.2,0.009527643,6.283185,3.141593,6.283185,931.5573,0.2770664,6088511,1336.632,1.82E+08,1336.632,0.9999973,0.1649122,4.84E-04,0.05463359,4.54E-06,9.56E-04,0.06448222,0.02165197,-0.001284849,5.16E-04,8.89E-04,0.00119085,4.83E-04,0.4099952,0.01497451,-4.06E-04,0.1456974,9.75E-04,0.003108331,0.04123459,0.02103569,8.22E-05,0.00223421,0.007756809,0.001215074,0.01766878,0.005266814,3.95E-05,0.001609597,0.003157155,0.01279725,10.38378,9.47E-05,654990.3,655303.1
9.4,0.009742518,6.283185,3.141593,6.283185,929.9868,0.2770664,5630619,1334.352,1.82E+08,1334.352,0.9999975,0.164887,5.07E-04,0.05483838,4.36E-06,9.71E-04,0.0645144,0.02169037,-0.001332399,5.16E-04,8.94E-04,0.001203105,4.80E-04,0.4111337,0.01511148,-4.03E-04,0.1446259,9.40E-04,0.003069674,0.04102817,0.02056305,8.13E-05,0.002255494,0.007811045,0.001220184,0.01774462,0.005268927,3.84E-05,0.001626023,0.003200408,0.01287514,10.38357,9.48E-05,654993,655306.5
9.6,0.009957758,6.283185,3.141593,6.283185,928.4073,0.2770664,5041580,1332.066,1.82E+08,1332.066,0.9999976,0.1648626,5.25E-04,0.05503289,4.16E-06,9.87E-04,0.06454141,0.0217251,-0.001356318,5.01E-04,8.99E-04,0.001214835,4.77E-04,0.4122078,0.01524182,-4.01E-04,0.1436157,9.02E-04,0.003033033,0.04083121,0.02012376,8.03E-05,0.002275611,0.007862122,0.001225174,0.01781567,0.00527079,3.70E-05,0.001641872,0.003241373,0.01294869,10.38341,9.50E-05,654996.6,655302.1
9.8,0.01017336,6.283185,3.141593,6.283185,926.8164,0.2770664,4291904,1329.772,1.81E+08,1329.772,0.9999977,0.1648389,5.38E-04,0.05521633,3.93E-06,0.001001541,0.06456195,0.02175619,-0.001348416,4.65E-04,9.03E-04,0.001225953,4.75E-04,0.4132137,0.01536524,-3.99E-04,0.1426724,8.61E-04,0.002998523,0.04064474,0.01971812,7.90E-05,0.002294352,0.007909835,0.001230104,0.01788189,0.005272498,3.55E-05,0.00165706,0.003279867,0.01301763,10.38333,9.52E-05,655000.5,655286.9
10,0.01038934,6.283185,3.141593,6.283185,925.211,0.2770664,3352186,1327.469,1.81E+08,1327.469,0.9999979,0.1648158,5.43E-04,0.05538762,3.67E-06,0.001015734,0.06457443,0.02178363,-0.001298884,4.04E-04,9.07E-04,0.001236348,4.72E-04,0.4141455,0.01548134,-3.97E-04,0.1418041,8.15E-04,0.002966315,0.04047013,0.01934712,7.75E-05,0.002311442,0.007953897,0.001235052,0.01794316,0.005274156,3.35E-05,0.001671447,0.003315673,0.0130816,10.38333,9.53E-05,655004.4,655257.2
10.2,0.0106057,6.283185,3.141593,6.283185,923.5875,0.2770664,2187667,1325.153,1.80E+08,1325.153,0.999998,0.1647934,5.39E-04,0.05554529,3.36E-06,0.001028973,0.06457697,0.02180739,-0.00119616,3.09E-04,9.09E-04,0.001245879,4.69E-04,0.4149951,0.01558956,-3.95E-04,0.1410212,7.62E-04,0.002936658,0.0403091,0.01901257,7.56E-05,0.002326507,0.007993925,0.001240108,0.01799929,0.005275887,3.10E-05,0.001684827,0.003348532,0.01314011,10.38343,9.55E-05,655008,655208.6
10.4,0.01082244,6.283185,3.141593,6.283185,921.9416,0.2770664,749822.5,1322.821,1.80E+08,1322.821,0.9999982,0.1647717,5.24E-04,0.05568739,2.99E-06,0.001040866,0.06456741,0.02182747,-0.001026825,1.72E-04,9.10E-04,0.001254371,4.67E-04,0.4157516,0.01568913,-3.93E-04,0.1403381,7.00E-04,0.002909901,0.04016394,0.01871727,7.33E-05,0.002339039,0.008029414,0.001245388,0.01804999,0.00527784,2.79E-05,0.001696914,0.003378119,0.01319248,10.38366,9.57E-05,655010.8,655135.9
10.6,0.01103957,6.283185,3.141593,6.283185,920.2684,0.2770664,-1003913,1320.469,1.80E+08,1320.469,0.9999983,0.1647508,4.94E-04,0.05581125,2.54E-06,0.001050893,0.06454335,0.02184391,-7.76E-04,-1.68E-05,9.10E-04,0.001261598,4.64E-04,0.4163998,0.01577904,-3.92E-04,0.1397745,6.25E-04,0.00288655,0.04003764,0.01846553,7.03E-05,0.002348315,0.008059689,0.001251041,0.01809483,0.005280195,2.39E-05,0.00170731,0.003404019,0.01323779,10.38404,9.58E-05,655012.6,655042.4
10.8,0.0112571,6.283185,3.141593,6.283185,918.5625,0.2770664,-3074052,1318.091,1.79E+08,1318.091,0.9999985,0.1647309,4.49E-04,0.05591321,1.97E-06,0.001058343,0.06450222,0.02185687,-4.25E-04,-2.71E-04,9.09E-04,0.001267269,4.61E-04,0.4169183,0.01585787,-3.91E-04,0.1393587,5.29E-04,0.002867372,0.03993429,0.01826391,6.67E-05,0.002353257,0.008083824,0.001257261,0.01813317,0.005283184,1.90E-05,0.001715483,0.003425654,0.01327474,10.38459,9.60E-05,655013.4,655043.5
10.87944,0.01134362,6.283185,3.141593,6.283185,917.8738,0.2770664,-1523241,1317.135,1.79E+08,1317.135,0.9999985,0.1647234,4.27E-04,0.05594642,2.11E-06,0.001060408,0.06448159,0.02186114,-2.63E-04,-3.87E-04,9.08E-04,0.001269026,4.60E-04,0.4170836,0.01588556,-3.91E-04,0.139237,4.87E-04,0.002861017,0.03990047,0.0181983,6.51E-05,0.002353764,0.008091488,0.001259934,0.01814619,0.005284547,1.66E-05,0.001717935,0.003432896,0.01328673,10.38485,9.61E-05,655013.2,655043.4
10.92692,0.01139536,6.283185,3.141593,6.283185,917.4694,0.2770664,1486104,1316.551,1.79E+08,1316.551,0.9999986,0.1647204,4.25E-04,0.05597337,2.87E-06,0.001062975,0.06448207,0.021864,-2.61E-04,-3.85E-04,9.07E-04,0.001270651,4.60E-04,0.4172303,0.01590337,-3.90E-04,0.1390254,5.55E-04,0.00285553,0.03987213,0.01814173,6.47E-05,0.002356789,0.008098097,0.001261204,0.01815446,0.005284484,1.70E-05,0.001719262,0.003438563,0.01329595,10.38481,9.61E-05,655009.6,655040
10.93132,0.01140015,6.283185,3.141593,6.283185,917.4325,0.2770664,2301785,1316.498,1.79E+08,1316.498,0.9999986,0.16472,4.24E-04,0.0559766,3.06E-06,0.001063237,0.06448193,0.02186426,-2.58E-04,-3.87E-04,9.07E-04,0.001270801,4.60E-04,0.4172437,0.01590525,-3.90E-04,0.1390092,5.58E-04,0.002855064,0.03986954,0.01813712,6.47E-05,0.002357085,0.008098717,0.00126132,0.01815547,0.005284528,1.71E-05,0.00171935,0.003439191,0.0132969,10.38482,9.61E-05,655010.1,655042.4
10.94049,0.01141014,6.283185,3.141593,6.283185,917.3557,0.2770664,1648412,1316.387,1.79E+08,1316.387,0.9999986,0.1647193,4.23E-04,0.05598267,2.89E-06,0.001063858,0.06448299,0.02186474,-2.58E-04,-3.86E-04,9.07E-04,0.001271133,4.60E-04,0.4172734,0.01590896,-3.90E-04,0.1389691,5.69E-04,0.002853933,0.03986377,0.0181254,6.46E-05,0.00235781,0.008100064,0.001261547,0.01815724,0.005284544,1.75E-05,0.001719754,0.003440424,0.01329888,10.38481,9.61E-05,655011.2,655043.5
10.97231,0.01144484,6.283185,3.141593,6.283185,917.0917,0.2770664,2324004,1316.007,1.79E+08,1316.007,0.9999986,0.1647168,4.22E-04,0.05600292,2.91E-06,0.00106592,0.06448488,0.02186639,-2.58E-04,-3.83E-04,9.06E-04,0.001272333,4.59E-04,0.4173799,0.01592221,-3.90E-04,0.138832,5.99E-04,0.002850017,0.03984326,0.01808504,6.46E-05,0.002360537,0.008104891,0.001262303,0.0181638,0.005284626,1.91E-05,0.001720934,0.00344489,0.01330601,10.3848,9.62E-05,655011.4,655043.7
11,0.01147503,6.283185,3.141593,6.283185,916.8638,0.2770664,2588493,1315.68,1.79E+08,1315.68,0.9999986,0.1647146,4.21E-04,0.05602055,2.95E-06,0.001067676,0.06448535,0.02186778,-2.58E-04,-3.81E-04,9.06E-04,0.001273404,4.59E-04,0.4174744,0.01593389,-3.90E-04,0.1387173,6.19E-04,0.002846566,0.03982505,0.0180493,6.47E-05,0.002363079,0.008109174,0.001262932,0.01816963,0.005284715,2.06E-05,0.001721996,0.003448901,0.0133124,10.3848,9.62E-05,655009.8,655042.1
11.06757,0.01154875,6.283185,3.141593,6.283185,916.3121,0.2770664,3382506,1314.889,1.79E+08,1314.889,0.9999987,0.1647089,4.18E-04,0.05606474,3.04E-06,0.001072298,0.06448786,0.02187098,-2.58E-04,-3.76E-04,9.05E-04,0.001276093,4.58E-04,0.4177102,0.01596271,-3.89E-04,0.1384493,6.50E-04,0.002838061,0.03977968,0.0179605,6.50E-05,0.002369682,0.00811985,0.00126438,0.01818405,0.005284943,2.40E-05,0.001724655,0.003458959,0.0133284,10.38481,9.62E-05,655008.4,655040.8
11.19332,0.01168606,6.283185,3.141593,6.283185,915.2959,0.2770664,4089609,1313.436,1.78E+08,1313.436,0.9999987,0.1646975,4.12E-04,0.05614828,3.09E-06,0.001081354,0.06449302,0.02187635,-2.58E-04,-3.66E-04,9.03E-04,0.001281215,4.56E-04,0.4181555,0.0160165,-3.88E-04,0.1379829,6.70E-04,0.002822306,0.03969396,0.01779409,6.60E-05,0.002382348,0.008139966,0.001266874,0.01821099,0.005285359,2.79E-05,0.0017297,0.003478056,0.01335874,10.38485,9.64E-05,655007.8,655040.3
11.2,0.01169336,6.283185,3.141593,6.283185,915.2422,0.2770664,3964126,1313.359,1.78E+08,1313.359,0.9999988,0.1646969,4.12E-04,0.05615279,3.08E-06,0.00108186,0.0644935,0.02187662,-2.58E-04,-3.65E-04,9.03E-04,0.001281488,4.56E-04,0.4181791,0.01601934,-3.88E-04,0.137959,6.70E-04,0.002821476,0.03968941,0.01778529,6.61E-05,0.002383013,0.008141031,0.001267002,0.0182124,0.00528538,2.81E-05,0.001729968,0.003479071,0.01336035,10.38485,9.64E-05,655008.1,655040.6
11.4,0.01191208,6.283185,3.141593,6.283185,913.6349,0.2770664,3930645,1311.065,1.78E+08,1311.065,0.9999989,0.1646787,4.04E-04,0.05628385,3.05E-06,0.001096679,0.06449822,0.02188372,-2.57E-04,-3.50E-04,9.02E-04,0.001289682,4.53E-04,0.4188829,0.01610341,-3.87E-04,0.1372565,6.70E-04,0.002796972,0.03955368,0.01752522,6.78E-05,0.002402379,0.008172644,0.001270668,0.01825407,0.005285811,3.01E-05,0.001737897,0.003509332,0.01340829,10.38494,9.65E-05,655002.6,655035.2
11.6,0.01213118,6.283185,3.141593,6.283185,912.0321,0.2770664,3859281,1308.778,1.78E+08,1308.778,0.999999,0.1646605,3.96E-04,0.05641224,2.97E-06,0.001112096,0.06450497,0.02188919,-2.57E-04,-3.35E-04,9.02E-04,0.001297778,4.50E-04,0.4195694,0.01618503,-3.85E-04,0.1365845,6.56E-04,0.00277326,0.03942086,0.01727471,6.93E-05,0.00242042,0.008203278,0.001274113,0.01829394,0.005285998,3.06E-05,0.001745595,0.003538953,0.01345501,10.38505,9.67E-05,655002.6,655035.4
11.74181,0.01228677,6.283185,3.141593,6.283185,910.8967,0.2770664,5062073,1307.158,1.77E+08,1307.158,0.9999991,0.1646478,3.91E-04,0.05650107,2.99E-06,0.001123237,0.06451202,0.02189211,-2.57E-04,-3.26E-04,9.02E-04,0.001303388,4.48E-04,0.4200405,0.0162411,-3.84E-04,0.1361274,6.43E-04,0.00275704,0.03932942,0.01710463,7.01E-05,0.002432375,0.008224175,0.001276475,0.01832096,0.005286032,3.05E-05,0.001750858,0.00355934,0.01348705,10.38512,9.68E-05,655007.3,655040.2
11.8,0.01235066,6.283185,3.141593,6.283185,910.4313,0.2770664,3892357,1306.495,1.77E+08,1306.495,0.9999992,0.1646427,3.88E-04,0.05653638,2.86E-06,0.001127579,0.06451316,0.02189309,-2.57E-04,-3.22E-04,9.02E-04,0.001305639,4.47E-04,0.4202286,0.01626355,-3.84E-04,0.1359462,6.36E-04,0.002750554,0.03929281,0.017037,7.04E-05,0.002437047,0.008232485,0.001277436,0.01833166,0.005286035,3.03E-05,0.001752955,0.003567495,0.01349983,10.38515,9.69E-05,655005.9,655038.8
12,0.01257053,6.283185,3.141593,6.283185,908.8292,0.2770664,3773846,1304.211,1.77E+08,1304.211,0.9999993,0.1646256,3.82E-04,0.05665528,2.80E-06,0.001142891,0.06451889,0.02189556,-2.56E-04,-3.09E-04,9.02E-04,0.001313273,4.44E-04,0.4208619,0.01633894,-3.83E-04,0.1353298,6.20E-04,0.002728743,0.03916935,0.01681111,7.13E-05,0.002452657,0.008260318,0.001280646,0.01836726,0.005285914,2.99E-05,0.001759961,0.003594951,0.01354277,10.38527,9.70E-05,655005.5,655038.6
12.2,0.0127908,6.283185,3.141593,6.283185,907.2278,0.2770665,3678437,1301.927,1.76E+08,1301.927,0.9999995,0.1646089,3.75E-04,0.05677019,2.72E-06,0.001158384,0.064525,0.02189665,-2.56E-04,-2.98E-04,9.03E-04,0.001320722,4.41E-04,0.4214729,0.01641155,-3.81E-04,0.1347345,6.04E-04,0.002707734,0.0390499,0.01659568,7.20E-05,0.002467664,0.008286949,0.001283717,0.01840099,0.005285666,2.97E-05,0.001766676,0.003621491,0.01358408,10.38539,9.72E-05,655007,655040.2
12.4,0.01301144,6.283185,3.141593,6.283185,905.6271,0.2770665,3590319,1299.645,1.76E+08,1299.645,0.9999996,0.1645927,3.69E-04,0.05688117,2.64E-06,0.001173952,0.06453125,0.02189649,-2.55E-04,-2.87E-04,9.05E-04,0.001327982,4.38E-04,0.4220619,0.01648149,-3.80E-04,0.1341607,5.88E-04,0.002687507,0.03893441,0.01639015,7.26E-05,0.00248215,0.008312415,0.001286671,0.01843298,0.005285326,2.95E-05,0.001773113,0.00364712,0.01362383,10.38551,9.74E-05,655009.5,655042.8
12.6,0.01323248,6.283185,3.141593,6.283185,904.027,0.2770665,3530505,1297.365,1.76E+08,1297.365,0.9999997,0.1645769,3.64E-04,0.05698817,2.56E-06,0.001189539,0.06453758,0.02189513,-2.55E-04,-2.77E-04,9.07E-04,0.001335045,4.35E-04,0.4226288,0.01654876,-3.79E-04,0.1336088,5.71E-04,0.002668066,0.03882298,0.01619441,7.31E-05,0.002496151,0.008336708,0.00128952,0.01846326,0.005284914,2.92E-05,0.001779271,0.003671814,0.01366199,10.38563,9.76E-05,655012.7,655046.2
12.8,0.01345391,6.283185,3.141593,6.283185,902.4276,0.2770665,3475191,1295.085,1.75E+08,1295.085,0.9999999,0.1645616,3.58E-04,0.05709127,2.48E-06,0.001205112,0.06454429,0.02189264,-2.55E-04,-2.68E-04,9.08E-04,0.001341903,4.32E-04,0.4231733,0.01661339,-3.78E-04,0.1330791,5.55E-04,0.002649409,0.03871566,0.01600827,7.35E-05,0.002509684,0.008359837,0.001292275,0.01849188,0.005284451,2.89E-05,0.001785158,0.003695561,0.01369855,10.38576,9.77E-05,655017,655050.6
13,0.01367573,6.283185,3.141593,6.283185,900.8291,0.2770665,3405534,1292.808,1.75E+08,1292.808,1,0.1645467,3.54E-04,0.05719053,2.38E-06,0.001220614,0.06455178,0.02188908,-2.54E-04,-2.59E-04,9.10E-04,0.001348541,4.30E-04,0.4236948,0.01667539,-3.77E-04,0.1325731,5.37E-04,0.002631552,0.0386126,0.01583174,7.39E-05,0.002522734,0.008381782,0.001294953,0.01851888,0.005283963,2.84E-05,0.001790776,0.003718327,0.0137335,10.38589,9.79E-05,655022.9,655056.5
13.2,0.01389795,6.283185,3.141593,6.283185,899.2304,0.2770665,3272138,1290.53,1.74E+08,1290.53,1,0.1645323,3.49E-04,0.05728542,2.31E-06,0.001235887,0.06455746,0.02188454,-2.54E-04,-2.51E-04,9.12E-04,0.001354973,4.27E-04,0.4241951,0.01673484,-3.76E-04,0.132086,5.22E-04,0.002614426,0.03851353,0.01566397,7.42E-05,0.002535365,0.00840262,0.001297554,0.01854433,0.005283436,2.80E-05,0.001796131,0.003740153,0.01376691,10.38602,9.81E-05,655025.8,655059.6
13.4,0.01412056,6.283185,3.141593,6.283185,897.6324,0.2770665,3238492,1288.254,1.74E+08,1288.254,1,0.1645183,3.45E-04,0.05737728,2.25E-06,0.00125131,0.06456409,0.02187908,-2.53E-04,-2.44E-04,9.14E-04,0.001361245,4.24E-04,0.4246778,0.01679207,-3.75E-04,0.1316147,5.08E-04,0.002597919,0.03841779,0.01550362,7.45E-05,0.00254774,0.008422529,0.001300058,0.01856845,0.005282866,2.78E-05,0.001801273,0.003761207,0.01379905,10.38616,9.83E-05,655031,655064.8
13.6,0.01434357,6.283185,3.141593,6.283185,896.0355,0.2770665,3152006,1285.979,1.74E+08,1285.979,1,0.1645047,3.41E-04,0.05746568,2.18E-06,0.001266658,0.06457044,0.02187275,-2.53E-04,-2.37E-04,9.16E-04,0.001367337,4.21E-04,0.425142,0.01684707,-3.74E-04,0.1311621,4.94E-04,0.002582067,0.03832556,0.0153508,7.47E-05,0.002559793,0.008441475,0.001302482,0.01859125,0.005282277,2.75E-05,0.001806197,0.00378144,0.01382987,10.38629,9.84E-05,655036,655069.9
13.8,0.01456698,6.283185,3.141593,6.283185,894.4397,0.2770665,3103917,1283.706,1.73E+08,1283.706,1.000001,0.1644914,3.37E-04,0.05755094,2.10E-06,0.001281989,0.06457768,0.0218656,-2.52E-04,-2.30E-04,9.18E-04,0.001373244,4.18E-04,0.4255875,0.01689985,-3.73E-04,0.1307286,4.79E-04,0.00256687,0.0382369,0.01520544,7.50E-05,0.002571503,0.008459468,0.001304836,0.01861277,0.00528168,2.72E-05,0.00181091,0.003800845,0.01385937,10.38643,9.86E-05,655042.8,655076.8
14,0.01479082,6.283185,3.141593,6.283185,892.8446,0.2770667,3004501,1281.435,1.73E+08,1281.435,1.000001,0.1644786,3.33E-04,0.05763246,2.03E-06,0.001297158,0.06458399,0.02185765,-2.52E-04,-2.24E-04,9.21E-04,0.001378961,4.15E-04,0.4260141,0.01695034,-3.72E-04,0.1303128,4.66E-04,0.002552332,0.0381519,0.01506753,7.53E-05,0.002582863,0.008476484,0.001307116,0.01863297,0.005281071,2.69E-05,0.001815403,0.003819386,0.0138875,10.38657,9.88E-05,655048.2,655082.4
14.2,0.01501507,6.283185,3.141593,6.283185,891.2504,0.2770669,2929399,1279.164,1.72E+08,1279.164,1.000001,0.1644662,3.30E-04,0.05771096,1.98E-06,0.001312346,0.06459003,0.02184899,-2.52E-04,-2.19E-04,9.23E-04,0.001384528,4.13E-04,0.4264253,0.01699886,-3.71E-04,0.1299106,4.54E-04,0.002538336,0.03806989,0.01493573,7.56E-05,0.002593982,0.008492697,0.001309313,0.01865204,0.005280438,2.67E-05,0.001819715,0.00383722,0.01391451,10.38672,9.90E-05,655053.6,655087.9
14.4,0.0152397,6.283185,3.141593,6.283185,889.6573,0.277067,2869989,1276.896,1.72E+08,1276.896,1.000001,0.1644541,3.27E-04,0.05778699,1.92E-06,0.001327569,0.06459626,0.02183973,-2.51E-04,-2.13E-04,9.26E-04,0.001389965,4.10E-04,0.4268233,0.01704569,-3.70E-04,0.1295215,4.42E-04,0.002524815,0.03799049,0.01480917,7.59E-05,0.002604885,0.008508218,0.001311439,0.01867017,0.005279793,2.65E-05,0.001823875,0.00385444,0.01394057,10.38686,9.91E-05,655059.8,655094
14.6,0.0154647,6.283185,3.141593,6.283185,888.0654,0.277067,2811577,1274.629,1.72E+08,1274.629,1.000001,0.1644422,3.24E-04,0.05786047,1.86E-06,0.001342784,0.0646026,0.02182989,-2.51E-04,-2.08E-04,9.29E-04,0.001395265,4.07E-04,0.4272076,0.01709082,-3.69E-04,0.129146,4.30E-04,0.002511777,0.03791375,0.01468787,7.62E-05,0.002615546,0.00852304,0.001313499,0.01868735,0.005279143,2.63E-05,0.001827884,0.003871032,0.01396565,10.38701,9.93E-05,655066.3,655100.7
14.8,0.01569011,6.283185,3.141593,6.283185,886.4748,0.277067,2752036,1272.364,1.71E+08,1272.364,1.000001,0.1644307,3.21E-04,0.05793129,1.80E-06,0.001357959,0.06460899,0.02181949,-2.50E-04,-2.04E-04,9.32E-04,0.001400419,4.05E-04,0.4275778,0.01713421,-3.68E-04,0.1287846,4.19E-04,0.002499242,0.0378398,0.01457197,7.65E-05,0.002625944,0.008537143,0.001315495,0.01870358,0.005278491,2.61E-05,0.001831737,0.003886965,0.01398972,10.38715,9.95E-05,655073.2,655107.6
15,0.01591592,6.283185,3.141593,6.283185,884.8855,0.277067,2691769,1270.101,1.71E+08,1270.101,1.000001,0.1644195,3.19E-04,0.05799952,1.74E-06,0.001373076,0.06461538,0.02180858,-2.50E-04,-1.99E-04,9.35E-04,0.001405429,4.02E-04,0.4279341,0.01717591,-3.68E-04,0.1284368,4.07E-04,0.002487192,0.03776857,0.01446124,7.69E-05,0.002636076,0.008550552,0.001317431,0.0187189,0.005277844,2.59E-05,0.001835442,0.003902254,0.0140128,10.3873,9.97E-05,655080.2,655114.7
15.2,0.01614215,6.283185,3.141593,6.283185,883.2975,0.277067,2630187,1267.84,1.70E+08,1267.84,1.000002,0.1644086,3.16E-04,0.05806523,1.69E-06,0.001388127,0.06462175,0.0217972,-2.49E-04,-1.95E-04,9.38E-04,0.001410297,3.99E-04,0.4282772,0.01721598,-3.67E-04,0.1281022,3.96E-04,0.00247561,0.03769997,0.01435545,7.72E-05,0.002645948,0.008563296,0.001319311,0.01873336,0.005277202,2.57E-05,0.001839005,0.003916919,0.01403494,10.38744,9.98E-05,655087.4,655122
15.4,0.01636877,6.283185,3.141593,6.283185,881.7109,0.277067,2573372,1265.58,1.70E+08,1265.58,1.000002,0.164398,3.14E-04,0.05812853,1.64E-06,0.001403109,0.06462811,0.02178537,-2.49E-04,-1.91E-04,9.42E-04,0.001415029,3.97E-04,0.4286075,0.0172545,-3.66E-04,0.1277801,3.85E-04,0.002464475,0.0376339,0.01425433,7.76E-05,0.002655569,0.008575406,0.001321137,0.01874699,0.005276567,2.55E-05,0.001842435,0.003930982,0.01405617,10.38759,1.00E-04,655094.7,655129.3
15.6,0.01659581,6.283185,3.141593,6.283185,880.1257,0.277067,2518683,1263.323,1.70E+08,1263.323,1.000002,0.1643877,3.11E-04,0.05818951,1.58E-06,0.001418023,0.0646345,0.02177315,-2.49E-04,-1.87E-04,9.45E-04,0.001419628,3.94E-04,0.4289256,0.01729153,-3.66E-04,0.12747,3.75E-04,0.002453769,0.03757028,0.01415766,7.80E-05,0.002664945,0.008586913,0.00132291,0.01875986,0.005275944,2.53E-05,0.00184574,0.003944463,0.01407653,10.38774,1.00E-04,655102.2,655136.9
15.8,0.01682325,6.283185,3.141593,6.283185,878.5419,0.277067,2467829,1261.068,1.69E+08,1261.068,1.000002,0.1643776,3.09E-04,0.05824827,1.53E-06,0.001432861,0.06464097,0.02176057,-2.48E-04,-1.84E-04,9.48E-04,0.001424095,3.92E-04,0.4292317,0.01732712,-3.65E-04,0.1271718,3.64E-04,0.002443479,0.03750902,0.01406525,7.84E-05,0.002674082,0.00859784,0.001324634,0.01877198,0.005275333,2.51E-05,0.001848924,0.003957379,0.01409605,10.38789,1.00E-04,655110,655144.8
16,0.01705111,6.283185,3.141593,6.283185,876.9597,0.277067,2418972,1258.815,1.69E+08,1258.815,1.000002,0.1643678,3.07E-04,0.05830487,1.48E-06,0.001447611,0.06464755,0.02174766,-2.48E-04,-1.81E-04,9.51E-04,0.001428433,3.89E-04,0.4295262,0.01736132,-3.64E-04,0.1268852,3.54E-04,0.002433594,0.03745008,0.01397694,7.88E-05,0.002682981,0.008608209,0.001326312,0.01878341,0.005274738,2.49E-05,0.001851995,0.003969744,0.01411475,10.38803,1.01E-04,655118.1,655152.9
16.2,0.01727938,6.283185,3.141593,6.283185,875.379,0.277067,2367884,1256.564,1.68E+08,1256.564,1.000002,0.1643583,3.05E-04,0.05835934,1.43E-06,0.001462248,0.0646542,0.02173446,-2.47E-04,-1.78E-04,9.54E-04,0.001432641,3.87E-04,0.4298094,0.01739418,-3.64E-04,0.12661,3.44E-04,0.002424104,0.0373934,0.0138926,7.92E-05,0.002691639,0.008618038,0.001327948,0.01879418,0.005274162,2.47E-05,0.001854957,0.003981567,0.01413266,10.38818,1.01E-04,655126.4,655161.3
16.4,0.01750805,6.283185,3.141593,6.283185,873.7999,0.277067,2309067,1254.315,1.68E+08,1254.315,1.000002,0.1643491,3.03E-04,0.05841172,1.38E-06,0.001476748,0.06466071,0.02172099,-2.47E-04,-1.75E-04,9.57E-04,0.001436723,3.85E-04,0.4300815,0.01742575,-3.63E-04,0.1263457,3.34E-04,0.002414993,0.03733891,0.01381203,7.97E-05,0.002700063,0.008627351,0.001329543,0.01880432,0.005273606,2.45E-05,0.001857815,0.003992866,0.01414979,10.38833,1.01E-04,655134.5,655169.4
16.6,0.01773715,6.283185,3.141593,6.283185,872.2222,0.277067,2209055,1252.069,1.68E+08,1252.069,1.000002,0.1643401,3.02E-04,0.05846205,1.34E-06,0.001491113,0.06466683,0.02170729,-2.46E-04,-1.72E-04,9.60E-04,0.001440688,3.82E-04,0.4303435,0.01745609,-3.63E-04,0.126091,3.25E-04,0.002406234,0.03728647,0.01373496,8.01E-05,0.002708268,0.008636184,0.001331096,0.01881386,0.005273066,2.43E-05,0.001860577,0.004003673,0.01416621,10.38848,1.01E-04,655142,655176.9
16.8,0.01796665,6.283185,3.141593,6.283185,870.6461,0.277067,2202051,1249.824,1.67E+08,1249.824,1.000003,0.1643314,3.00E-04,0.05851057,1.30E-06,0.001505416,0.06467298,0.02169337,-2.46E-04,-1.70E-04,9.63E-04,0.001444543,3.80E-04,0.4305961,0.01748527,-3.62E-04,0.1258453,3.16E-04,0.002397803,0.03723593,0.01366112,8.05E-05,0.002716273,0.008644574,0.001332605,0.01882285,0.005272539,2.41E-05,0.00186325,0.004014023,0.01418197,10.38863,1.01E-04,655149.8,655184.7
17,0.01819658,6.283185,3.141593,6.283185,869.0719,0.277067,2192893,1247.582,1.67E+08,1247.582,1.000003,0.1643228,2.98E-04,0.05855754,1.26E-06,0.001519713,0.06468008,0.02167926,-2.45E-04,-1.67E-04,9.66E-04,0.001448286,3.77E-04,0.4308391,0.01751334,-3.62E-04,0.1256094,3.08E-04,0.002389703,0.0371873,0.0135905,8.10E-05,0.002724074,0.008652528,0.001334074,0.01883131,0.005272034,2.39E-05,0.00186584,0.004023916,0.01419707,10.38877,1.01E-04,655159.3,655194.3
17.15738,0.0183778,6.283185,3.141593,6.283185,867.8347,0.277067,2177435,1245.819,1.66E+08,1245.819,1.000003,0.1643162,2.97E-04,0.05859353,1.22E-06,0.001530943,0.06468711,0.02166805,-2.45E-04,-1.66E-04,9.68E-04,0.001451139,3.76E-04,0.4310227,0.01753462,-3.61E-04,0.1254326,3.00E-04,0.002383589,0.03715052,0.0135374,8.14E-05,0.002730049,0.008658462,0.001335213,0.01883761,0.005271664,2.37E-05,0.001867818,0.00403135,0.01420844,10.38888,1.02E-04,655169.2,655204.3
17.2,0.01842692,6.283185,3.141593,6.283185,867.4999,0.277067,2128022,1245.342,1.66E+08,1245.342,1.000003,0.1643145,2.97E-04,0.05860285,1.20E-06,0.001533851,0.0646882,0.021665,-2.45E-04,-1.65E-04,9.69E-04,0.001451895,3.75E-04,0.4310711,0.01754025,-3.61E-04,0.1253861,2.97E-04,0.002381978,0.03714081,0.01352343,8.15E-05,0.002731636,0.008660013,0.00133552,0.01883926,0.005271569,2.37E-05,0.001868343,0.004033302,0.01421144,10.38891,1.02E-04,655170.5,655205.5
17.4,0.01865768,6.283185,3.141593,6.283185,865.929,0.277067,2043571,1243.105,1.66E+08,1243.105,1.000003,0.1643065,2.96E-04,0.05864554,1.16E-06,0.001547481,0.0646936,0.02165064,-2.45E-04,-1.63E-04,9.72E-04,0.001455382,3.73E-04,0.4312933,0.01756604,-3.61E-04,0.1251719,2.88E-04,0.002374585,0.0370963,0.01345955,8.19E-05,0.002738953,0.008667057,0.001336942,0.0188467,0.005271129,2.33E-05,0.001870759,0.004042206,0.01422511,10.38906,1.02E-04,655176.7,655211.8
17.6,0.01888886,6.283185,3.141593,6.283185,864.3595,0.277067,1997887,1240.87,1.66E+08,1240.87,1.000003,0.1642987,2.94E-04,0.05868682,1.13E-06,0.00156112,0.06469923,0.02163615,-2.44E-04,-1.61E-04,9.74E-04,0.00145878,3.71E-04,0.431508,0.01759089,-3.60E-04,0.1249633,2.81E-04,0.002367446,0.03705331,0.01339814,8.24E-05,0.002746096,0.008673759,0.00133832,0.01885371,0.005270697,2.31E-05,0.001873108,0.004050739,0.01423826,10.38921,1.02E-04,655183.7,655218.8
17.8,0.01912045,6.283185,3.141593,6.283185,862.7921,0.277067,1975046,1238.637,1.65E+08,1238.637,1.000003,0.1642911,2.93E-04,0.05872686,1.09E-06,0.001574794,0.06470553,0.02162153,-2.44E-04,-1.59E-04,9.77E-04,0.00146209,3.69E-04,0.4317154,0.01761483,-3.60E-04,0.1247618,2.74E-04,0.002360561,0.03701182,0.01333916,8.29E-05,0.002753076,0.00868013,0.001339655,0.01886031,0.005270278,2.30E-05,0.001875396,0.004058912,0.0142509,10.38935,1.02E-04,655192.1,655227.2
18,0.01935247,6.283185,3.141593,6.283185,861.2267,0.277067,1920412,1236.406,1.65E+08,1236.406,1.000003,0.1642837,2.92E-04,0.05876544,1.05E-06,0.001588352,0.06471177,0.02160683,-2.43E-04,-1.58E-04,9.80E-04,0.001465305,3.66E-04,0.4319152,0.01763786,-3.59E-04,0.1245684,2.66E-04,0.002353942,0.03697186,0.01328266,8.34E-05,0.002759884,0.008686167,0.001340954,0.01886652,0.005269877,2.29E-05,0.001877623,0.004066715,0.01426302,10.38949,1.02E-04,655200.4,655235.7
18.2,0.01958491,6.283185,3.141593,6.283185,859.6631,0.277067,1890945,1234.179,1.64E+08,1234.179,1.000004,0.1642765,2.90E-04,0.0588025,1.03E-06,0.001601769,0.06471759,0.02159207,-2.43E-04,-1.56E-04,9.83E-04,0.00146843,3.64E-04,0.4321077,0.01766003,-3.59E-04,0.124382,2.59E-04,0.002347574,0.03693337,0.01322848,8.39E-05,0.002766518,0.008691887,0.001342219,0.01887234,0.005269494,2.28E-05,0.001879791,0.004074162,0.01427463,10.38963,1.03E-04,655208.2,655243.5
18.4,0.01981777,6.283185,3.141593,6.283185,858.1018,0.277067,1897073,1231.954,1.64E+08,1231.954,1.000004,0.1642694,2.89E-04,0.05883867,9.92E-07,0.001615258,0.06472539,0.02157725,-2.42E-04,-1.54E-04,9.86E-04,0.001471458,3.62E-04,0.4322926,0.01768135,-3.59E-04,0.1242039,2.52E-04,0.00234147,0.03689639,0.01317673,8.45E-05,0.002772979,0.008697294,0.001343455,0.01887782,0.005269136,2.26E-05,0.001881904,0.004081249,0.01428574,10.38977,1.03E-04,655219.6,655254.8
18.6,0.02005107,6.283185,3.141593,6.283185,856.5424,0.2770671,1794084,1229.732,1.64E+08,1229.732,1.000004,0.1642626,2.88E-04,0.05887277,9.45E-07,0.001628244,0.06473119,0.02156244,-2.42E-04,-1.53E-04,9.89E-04,0.001474377,3.60E-04,0.432469,0.01770178,-3.58E-04,0.1240348,2.44E-04,0.002335649,0.03686107,0.01312754,8.50E-05,0.002779233,0.00870236,0.001344672,0.01888294,0.005268811,2.24E-05,0.001883957,0.004087936,0.01429628,10.38991,1.03E-04,655227.2,655262.5
18.8,0.02028481,6.283185,3.141593,6.283185,854.9848,0.2770672,1748678,1227.512,1.63E+08,1227.512,1.000004,0.1642561,2.87E-04,0.05890543,9.16E-07,0.00164109,0.06473659,0.02154761,-2.41E-04,-1.52E-04,9.91E-04,0.001477209,3.58E-04,0.4326387,0.01772141,-3.58E-04,0.1238714,2.37E-04,0.002330057,0.03682712,0.01308047,8.55E-05,0.002785307,0.00870714,0.001345856,0.01888772,0.0052685,2.22E-05,0.001885958,0.004094285,0.01430636,10.39005,1.03E-04,655234.1,655269.5
19,0.02051902,6.283185,3.141593,6.283185,853.4293,0.2770675,1707052,1225.295,1.63E+08,1225.295,1.000004,0.1642497,2.86E-04,0.05893683,8.88E-07,0.001653865,0.06474197,0.02153277,-2.41E-04,-1.50E-04,9.94E-04,0.001479958,3.56E-04,0.432802,0.01774025,-3.57E-04,0.1237136,2.31E-04,0.002324684,0.03679448,0.01303542,8.61E-05,0.002791216,0.008711651,0.001347001,0.01889217,0.005268202,2.20E-05,0.001887912,0.004100317,0.01431599,10.39019,1.03E-04,655241.3,655276.7
19.2,0.02075367,6.283185,3.141593,6.283185,851.876,0.2770679,1667538,1223.081,1.62E+08,1223.081,1.000004,0.1642434,2.85E-04,0.0589671,8.61E-07,0.001666566,0.06474718,0.02151791,-2.40E-04,-1.49E-04,9.97E-04,0.001482636,3.54E-04,0.4329598,0.01775841,-3.57E-04,0.1235611,2.25E-04,0.002319501,0.03676297,0.01299208,8.67E-05,0.002796983,0.008715931,0.001348112,0.01889635,0.005267916,2.19E-05,0.001889827,0.004106076,0.01432525,10.39033,1.04E-04,655248.5,655283.8
19.4,0.02098867,6.283185,3.141593,6.283185,850.3246,0.277068,1632107,1220.87,1.62E+08,1220.87,1.000004,0.1642373,2.84E-04,0.05899649,8.36E-07,0.001679213,0.06475231,0.02150307,-2.40E-04,-1.48E-04,1.00E-03,0.001485255,3.52E-04,0.4331131,0.01777602,-3.57E-04,0.1234128,2.20E-04,0.002314473,0.03673236,0.01295015,8.73E-05,0.00280263,0.008720025,0.001349194,0.0189003,0.00526764,2.19E-05,0.00189171,0.004111612,0.0143342,10.39046,1.04E-04,655255.6,655291
19.6,0.02122409,6.283185,3.141593,6.283185,848.7752,0.277068,1603476,1218.661,1.62E+08,1218.661,1.000005,0.1642314,2.84E-04,0.05902495,8.12E-07,0.001691815,0.06475757,0.02148823,-2.39E-04,-1.47E-04,0.00100242,0.00148781,3.50E-04,0.4332614,0.01779303,-3.57E-04,0.1232694,2.14E-04,0.002309617,0.03670277,0.01290975,8.79E-05,0.002808144,0.008723917,0.001350244,0.01890402,0.005267376,2.19E-05,0.001893561,0.004116904,0.01434281,10.39059,1.04E-04,655263.1,655298.6
19.8,0.02145994,6.283185,3.141593,6.283185,847.2281,0.277068,1577575,1216.456,1.61E+08,1216.456,1.000005,0.1642255,2.83E-04,0.05905249,7.87E-07,0.001704355,0.06476304,0.02147343,-2.39E-04,-1.46E-04,0.00100525,0.001490295,3.49E-04,0.4334046,0.01780943,-3.56E-04,0.1231313,2.09E-04,0.002304939,0.03667421,0.01287092,8.85E-05,0.002813522,0.008727606,0.001351265,0.0189075,0.005267127,2.19E-05,0.001895378,0.004121945,0.01435108,10.39073,1.04E-04,655271.2,655306.7
20,0.02169622,6.283185,3.141593,6.283185,845.6833,0.277068,1546402,1214.253,1.61E+08,1214.253,1.000005,0.1642199,2.82E-04,0.05907907,7.61E-07,0.001716786,0.06476861,0.02145867,-2.39E-04,-1.45E-04,0.001008033,0.001492709,3.47E-04,0.4335426,0.01782524,-3.56E-04,0.1229987,2.03E-04,0.002300442,0.0366467,0.01283368,8.92E-05,0.00281876,0.008731094,0.00135226,0.01891075,0.005266894,2.18E-05,0.001897162,0.004126732,0.014359,10.39086,1.04E-04,655279.5,655315
