Distance_PFRC2 (cm),Plug_flow_residence_time_PFRC2 (sec),Internal_surface_area_per_unit_distance_PFRC2 (cm),Cross-section_area_PFRC2 (cm2),External_surface_area_per_unit_distance_PFRC2 (cm),Velocity_PFRC2 (cm/sec),Exit_mass_flow_rate_PFRC2 (g/sec),Volumetric_heat_production_rate_PFRC2 (erg/cm3-sec),Surface_temperature_PFRC2 (K),Heat_loss_rate_PFRC2 (erg/cm-sec),Temperature_PFRC2 (K),Pressure_PFRC2 (atm),Mole_fraction_H2_PFRC2 (),Mole_fraction_CH4_PFRC2 (),Mole_fraction_CH3_PFRC2 (),Mole_fraction_C2H6_PFRC2 (),Mole_fraction_C2H4_PFRC2 (),Mole_fraction_C2H2_PFRC2 (),Mole_fraction_C3H8_PFRC2 (),Mole_fraction_C3H6_PFRC2 (),Mole_fraction_C4H8-2_PFRC2 (),Mole_fraction_C4H6_PFRC2 (),Mole_fraction_C4H4_PFRC2 (),Mole_fraction_C6H6_PFRC2 (),Mole_fraction_C5H6_PFRC2 (),Mole_fraction_C10H8_PFRC2 (),Mole_fraction_C7H8_PFRC2 (),Mole_fraction_C7H7_PFRC2 (),Mole_fraction_STILB_PFRC2 (),Mole_fraction_C6H5C2H_PFRC2 (),Mole_fraction_C6H5C2H3_PFRC2 (),Mole_fraction_C6H5C2H5_PFRC2 (),Mole_fraction_C6H5CHCH3_PFRC2 (),Mole_fraction_INDENE_PFRC2 (),Mole_fraction_BIPHENYL_PFRC2 (),Mole_fraction_FLUORENE_PFRC2 (),Mole_fraction_C14H10_PFRC2 (),Mole_fraction_C16H10_PFRC2 (),Mole_fraction_C6H5C2H4C6H5_PFRC2 (),Mole_fraction_BIN1A_PFRC2 (),Mole_fraction_NPBENZ_PFRC2 (),Mole_fraction_C10H10_PFRC2 (),Molecular_weight_PFRC2 (g/mole),Mass_density_PFRC2 (g/cm3),Unburned_hydrocarbons_PFRC2 (ppm),Volatile_organic_compounds_PFRC2 (ppm)
0.0,0.0,6.283185,3.141593,6.283185,804.0651,0.2720914,-2.632371E7,1181.992,0.0,1181.992,1.0,0.9154937,7.258018E-17,1.023057E-23,1.336062E-20,1.611874E-20,1.230518E-22,9.502968E-24,4.004852E-23,4.405629E-26,6.080475E-25,4.383682E-27,7.956158E-23,4.128174E-26,7.744378E-26,0.01867569,5.882138E-29,5.926426E-35,1.116692E-28,0.05367462,0.012156,6.914052E-32,1.272505E-27,4.770274E-30,2.497091E-29,1.690737E-28,4.683196E-27,5.933317E-36,8.472324E-38,3.002907E-31,5.068873E-32,10.44735,1.077144E-4,657374.8,657374.8
0.006434544,8.002844E-6,6.283185,3.141593,6.283185,804.0005,0.2720914,-1.591832E7,1181.892,1.552192E8,1181.892,1.0,0.9154865,3.471355E-6,2.663252E-6,1.527554E-8,1.088924E-6,1.038425E-7,5.792068E-11,2.964837E-10,2.674097E-15,1.158196E-11,1.629469E-12,1.376013E-6,2.000155E-13,5.682562E-14,0.01867518,6.265835E-6,3.526488E-8,1.747038E-7,0.05367082,0.0121492,2.723752E-6,1.476541E-13,1.361242E-12,1.130102E-9,7.222814E-9,9.51198E-10,1.202873E-9,2.228092E-10,3.267248E-11,1.025673E-14,10.44731,1.07723E-4,657372.0,657372.0
0.06273709,7.805372E-5,6.283185,3.141593,6.283185,803.4793,0.2720914,-1.476401E7,1181.079,1.550761E8,1181.079,1.0,0.9153634,6.203429E-5,3.614772E-6,8.912017E-7,6.376103E-5,5.521723E-6,5.656084E-9,3.526155E-8,2.110412E-11,7.819624E-9,2.709973E-10,7.621189E-5,2.59421E-11,1.797564E-10,0.01866206,6.049652E-5,2.101893E-6,9.136241E-6,0.05356447,0.01208025,4.241351E-5,1.692421E-10,1.193864E-9,6.591298E-8,4.790189E-7,5.046328E-8,6.435595E-7,1.175334E-8,1.873979E-8,3.917149E-11,10.44689,1.077929E-4,657346.0,657346.0
0.2,2.490136E-4,6.283185,3.141593,6.283185,802.3438,0.2720914,-8573616.0,1179.198,1.547451E8,1179.198,1.0,0.9148197,2.299089E-4,4.141223E-6,6.052404E-6,4.42816E-4,3.769022E-5,4.58501E-8,3.182399E-7,1.343813E-9,3.422784E-7,7.740769E-9,5.279265E-4,3.804252E-10,8.716046E-9,0.01862994,1.343915E-4,1.482612E-5,6.19497E-5,0.05309976,0.01187691,9.202693E-5,6.185246E-9,4.586738E-8,4.603048E-7,3.552497E-6,3.688489E-7,1.145584E-5,8.631177E-8,3.255805E-7,1.95196E-9,10.44502,1.079455E-4,657228.1,657228.1
0.4,4.985124E-4,6.283185,3.141593,6.283185,800.8888,0.2720914,-5057951.0,1176.701,1.543056E8,1176.701,1.0,0.9138717,4.833462E-4,4.069556E-6,1.635227E-5,0.00114728,9.699005E-5,1.31683E-7,9.186899E-7,1.027785E-8,2.244004E-6,4.916146E-8,0.001371921,2.713993E-9,6.141873E-8,0.01861628,1.53868E-4,3.998477E-5,1.593498E-4,0.05230893,0.01156952,1.031957E-4,4.061963E-8,2.920586E-7,1.202215E-6,9.482954E-6,1.077536E-6,3.428971E-5,2.592864E-7,1.138937E-6,1.279201E-8,10.44183,1.081416E-4,657027.6,657027.6
0.6,7.48455E-4,6.283185,3.141593,6.283185,799.4814,0.2720914,-4037053.0,1174.293,1.538817E8,1174.293,1.0,0.9129529,7.230915E-4,3.848967E-6,2.742979E-5,0.001830011,1.539475E-4,2.226249E-7,1.50356E-6,2.788056E-8,5.637514E-6,1.26303E-7,0.002196112,9.109448E-9,1.64266E-7,0.01861878,1.537993E-4,6.602738E-5,2.533164E-4,0.05154929,0.01128256,1.015067E-4,1.048832E-7,7.343051E-7,1.926396E-6,1.538831E-5,1.911206E-6,5.075023E-5,4.733742E-7,2.006969E-6,3.211515E-8,10.4388,1.083319E-4,656837.0,656837.0
0.8,9.988364E-4,6.283185,3.141593,6.283185,798.0824,0.2720914,-3387456.0,1171.924,1.534648E8,1171.924,1.000001,0.9120917,9.469E-4,3.633854E-6,3.880477E-5,0.002465249,2.064591E-4,3.131551E-7,2.037015E-6,5.294129E-8,1.013261E-5,2.337633E-7,0.00296856,2.089145E-8,3.121799E-7,0.01862736,1.508895E-4,9.127534E-5,3.403759E-4,0.05083896,0.01101849,9.888366E-5,1.936668E-7,1.329712E-6,2.600234E-6,2.100321E-5,2.814611E-6,6.123426E-5,7.151345E-7,2.846797E-6,5.809765E-8,10.43601,1.085218E-4,656661.2,656661.2
1.0,0.001249657,6.283185,3.141593,6.283185,796.6866,0.2720914,-2869667.0,1169.586,1.530533E8,1169.586,1.000001,0.9112861,0.001155972,3.435338E-6,5.038036E-5,0.003055655,2.548142E-4,4.02332E-7,2.523308E-6,8.441665E-8,1.544168E-5,3.66918E-7,0.003691384,3.871364E-8,5.002772E-7,0.01863818,1.471275E-4,1.153067E-4,4.209351E-4,0.05017488,0.01077526,9.640317E-5,3.023836E-7,2.045595E-6,3.224268E-6,2.631567E-5,3.763165E-6,6.780402E-5,9.777067E-7,3.64837E-6,8.947736E-8,10.43344,1.08712E-4,656499.4,656499.4
1.2,0.001500916,6.283185,3.141593,6.283185,795.2924,0.2720914,-2436232.0,1167.274,1.526464E8,1167.274,1.000001,0.9105317,0.001351604,3.252243E-6,6.210364E-5,0.003605533,2.994299E-4,4.897572E-7,2.968795E-6,1.214174E-7,2.134743E-5,5.217229E-7,0.004368902,6.280052E-8,7.23927E-7,0.01864929,1.430001E-4,1.379831E-4,4.95622E-4,0.04955293,0.01055074,9.412679E-5,4.272093E-7,2.856074E-6,3.802481E-6,3.133898E-5,4.7399E-6,7.186324E-5,1.255994E-6,4.410716E-6,1.252614E-7,10.43107,1.089026E-4,656350.1,656350.1
1.4,0.001752617,6.283185,3.141593,6.283185,793.8992,0.2720914,-2066036.0,1164.985,1.522434E8,1164.985,1.000001,0.9098245,0.001534946,3.082763E-6,7.393173E-5,0.004118723,3.406761E-4,5.751635E-7,3.378902E-6,1.631677E-7,2.768071E-5,6.945603E-7,0.005005043,9.309392E-8,9.786995E-7,0.01865963,1.38731E-4,1.592808E-4,5.64998E-4,0.04896942,0.01034311,9.203336E-5,5.649243E-7,3.739974E-6,4.339052E-6,3.608972E-5,5.731794E-6,7.429621E-5,1.545854E-6,5.134813E-6,1.646216E-7,10.42888,1.090937E-4,656212.3,656212.3
1.6,0.002004759,6.283185,3.141593,6.283185,792.5064,0.2720914,-1746489.0,1162.715,1.51844E8,1162.715,1.000001,0.9091605,0.001707006,2.925333E-6,8.58279E-5,0.004598559,3.788736E-4,6.583622E-7,3.758131E-6,2.089926E-7,3.43086E-5,8.821982E-7,0.005603252,1.293524E-7,1.260413E-6,0.01866868,1.344416E-4,1.79234E-4,6.295524E-4,0.04842116,0.01015076,9.009871E-5,7.128119E-7,4.679806E-6,4.837879E-6,4.058483E-5,6.72869E-6,7.566348E-5,1.843867E-6,5.822423E-6,2.068577E-7,10.42685,1.092854E-4,656084.8,656084.8
1.8,0.002257345,6.283185,3.141593,6.283185,791.114,0.2720914,-1468281.0,1160.463,1.514476E8,1160.463,1.000001,0.9085365,0.001868675,2.778674E-6,9.776034E-5,0.005047944,4.143018E-4,7.392232E-7,4.110232E-6,2.583081E-7,4.112618E-5,1.081762E-6,0.006166558,1.712197E-7,1.565172E-6,0.01867621,1.302031E-4,1.97906E-4,6.897132E-4,0.0479053,0.009972291,8.830411E-5,8.685778E-7,5.661062E-6,5.302475E-6,4.484063E-5,7.722656E-6,7.632384E-5,2.147194E-6,6.475632E-6,2.513728E-7,10.42497,1.094777E-4,655966.7,655966.7
2.0,0.002510376,6.283185,3.141593,6.283185,789.7218,0.2720914,-1223979.0,1158.228,1.510542E8,1158.228,1.000001,0.9079494,0.002020748,2.641746E-6,1.097014E-4,0.005469424,4.472055E-4,8.176624E-7,4.43835E-6,3.106112E-7,4.805036E-5,1.290709E-6,0.006697641,2.182747E-7,1.889389E-6,0.01868214,1.260625E-4,2.153719E-4,7.458568E-4,0.04741934,0.009806471,8.663717E-5,1.030284E-6,6.671671E-6,5.735955E-6,4.887244E-5,8.707497E-6,7.651351E-5,2.453474E-6,7.096608E-6,2.976567E-7,10.42323,1.096707E-4,655857.1,655857.1
2.2,0.002763853,6.283185,3.141593,6.283185,788.3298,0.2720914,-1008784.0,1156.007,1.506633E8,1156.007,1.000001,0.9073964,0.00216394,2.513615E-6,1.216276E-4,0.005865266,4.778024E-4,8.936349E-7,4.745165E-6,3.654713E-7,5.501549E-5,1.506804E-6,0.007198911,2.700638E-7,2.229794E-6,0.0186865,1.220388E-4,2.317119E-4,7.983192E-4,0.04696103,0.009652206,8.50839E-5,1.196293E-6,7.701605E-6,6.141104E-6,5.269466E-5,9.678444E-6,7.639072E-5,2.760751E-6,7.687562E-6,3.452728E-7,10.42162,1.098644E-4,655755.5,655755.5
2.4,0.003017778,6.283185,3.141593,6.283185,786.9379,0.2720914,-818478.4,1153.8,1.502749E8,1153.8,1.000001,0.906875,0.002298894,2.393467E-6,1.335182E-4,0.006237487,5.062861E-4,9.67125E-7,5.032959E-6,4.225186E-7,6.196978E-5,1.728088E-6,0.007672528,3.261201E-7,2.583417E-6,0.01868939,1.181407E-4,2.470064E-4,8.473998E-4,0.04652833,0.009508523,8.363151E-5,1.365222E-6,8.742516E-6,6.520402E-6,5.632066E-5,1.063185E-5,7.605803E-5,3.067402E-6,8.250609E-6,3.938462E-7,10.42012,1.100587E-4,655661.0,655661.0
2.6,0.003272153,6.283185,3.141593,6.283185,785.5462,0.2720914,-650162.4,1151.606,1.498886E8,1151.606,1.000002,0.906383,0.00242619,2.280636E-6,1.453553E-4,0.006587878,5.328284E-4,1.038137E-6,5.303675E-6,4.814355E-7,6.887229E-5,1.952846E-6,0.008120427,3.859805E-7,2.947574E-6,0.01869089,1.143791E-4,2.613316E-4,8.93365E-4,0.04611944,0.009374554,8.227365E-5,1.535897E-6,9.787446E-6,6.876038E-6,5.976266E-5,1.156492E-5,7.558408E-5,3.372078E-6,8.787687E-6,4.430541E-7,10.41872,1.102537E-4,655573.2,655573.2
2.8,0.003526978,6.283185,3.141593,6.283185,784.1548,0.2720914,-499530.4,1149.423,1.495044E8,1149.423,1.000002,0.9059182,0.002546356,2.174525E-6,1.571235E-4,0.00691806,5.57584E-4,1.106693E-6,5.558995E-6,5.419529E-7,7.569099E-5,2.179594E-6,0.008544372,4.491985E-7,3.319867E-6,0.01869114,1.107525E-4,2.747592E-4,9.364558E-4,0.0457327,0.009249519,8.100275E-5,1.707333E-6,1.083063E-5,7.209966E-6,6.303202E-5,1.247563E-5,7.501915E-5,3.673672E-6,9.300646E-6,4.926199E-7,10.41742,1.104493E-4,655491.4,655491.4
3.0,0.003782257,6.283185,3.141593,6.283185,782.7638,0.2720914,-366109.8,1147.25,1.49122E8,1147.25,1.000002,0.9054788,0.002659874,2.074549E-6,1.688097E-4,0.007229499,5.806931E-4,1.172834E-6,5.800389E-6,6.038404E-7,8.240104E-5,2.407048E-6,0.008945975,5.153472E-7,3.698154E-6,0.01869026,1.072543E-4,2.873562E-4,9.768905E-4,0.04536661,0.009132716,7.980806E-5,1.878698E-6,1.186732E-5,7.523946E-6,6.613928E-5,1.336251E-5,7.439739E-5,3.971281E-6,9.791206E-6,5.423064E-7,10.41621,1.106456E-4,655415.2,655415.2
3.2,0.004037989,6.283185,3.141593,6.283185,781.3731,0.2720914,-247306.2,1145.088,1.487415E8,1145.088,1.000002,0.9050632,0.002767184,1.980239E-6,1.804019E-4,0.00752351,6.02281E-4,1.236602E-6,6.029117E-6,6.668975E-7,8.898309E-5,2.634094E-6,0.009326685,5.840214E-7,4.080517E-6,0.01868837,1.038868E-4,2.991846E-4,0.001014865,0.0450198,0.009023512,7.868483E-5,2.049286E-6,1.289353E-5,7.819543E-6,6.909403E-5,1.422455E-5,7.373972E-5,4.264158E-6,1.026087E-5,5.919083E-7,10.41508,1.108425E-4,655344.2,655344.2
3.4,0.004294176,6.283185,3.141593,6.283185,779.9829,0.2720914,-140063.0,1142.935,1.483626E8,1142.935,1.000002,0.9046696,0.002868685,1.891205E-6,1.9189E-4,0.007801287,6.224614E-4,1.298051E-6,6.246282E-6,7.309549E-7,9.542248E-5,2.85978E-6,0.009687833,6.548439E-7,4.465259E-6,0.01868557,1.006451E-4,3.103006E-4,0.001050556,0.04469103,0.008921336,7.76298E-5,2.218509E-6,1.390603E-5,8.098158E-6,7.190517E-5,1.50611E-5,7.306264E-5,4.551703E-6,1.071104E-5,6.412504E-7,10.41403,1.110401E-4,655278.0,655278.0
3.6,0.004550821,6.283185,3.141593,6.283185,778.5932,0.2720914,-45723.52,1140.792,1.479853E8,1140.792,1.000002,0.9042968,0.002964751,1.807007E-6,2.032656E-4,0.008063929,6.413386E-4,1.357242E-6,6.452867E-6,7.958683E-7,1.017084E-4,3.083302E-6,0.01003065,7.274655E-7,4.850892E-6,0.01868199,9.751981E-5,3.207566E-4,0.001084128,0.04437916,0.008825665,7.663481E-5,2.385875E-6,1.490218E-5,8.361067E-6,7.458103E-5,1.587184E-5,7.237869E-5,4.833445E-6,1.114304E-5,6.901839E-7,10.41305,1.112383E-4,655216.2,655216.2
3.8,0.004807924,6.283185,3.141593,6.283185,777.2041,0.2720914,39304.26,1138.656,1.476094E8,1138.656,1.000002,0.9039434,0.003055719,1.727306E-6,2.145209E-4,0.00831243,6.590065E-4,1.414237E-6,6.649726E-6,8.615119E-7,1.078331E-4,3.303969E-6,0.01035626,8.015615E-7,5.236094E-6,0.0186777,9.450832E-5,3.306001E-4,0.001115728,0.04408312,0.008736029,7.569483E-5,2.550972E-6,1.587984E-5,8.609413E-6,7.712924E-5,1.665668E-5,7.169499E-5,5.109011E-6,1.155802E-5,7.38581E-7,10.41213,1.114371E-4,655158.6,655158.6
4.0,0.005065487,6.283185,3.141593,6.283185,775.8158,0.2720914,114994.0,1136.529,1.47235E8,1136.529,1.000002,0.9036081,0.003141902,1.651794E-6,2.256493E-4,0.008547697,6.755512E-4,1.469099E-6,6.837613E-6,9.27777E-7,1.137911E-4,3.521204E-6,0.01066568,8.768336E-7,5.619707E-6,0.01867281,9.160672E-5,3.398747E-4,0.00114549,0.04380196,0.008651996,7.480713E-5,2.713462E-6,1.683729E-5,8.844231E-6,7.955687E-5,1.741569E-5,7.101652E-5,5.37811E-6,1.195701E-5,7.86333E-7,10.41127,1.116365E-4,655104.7,655104.7
4.2,0.005323511,6.283185,3.141593,6.283185,774.4281,0.2720914,182780.1,1134.409,1.468619E8,1134.409,1.000003,0.90329,0.003223591,1.580186E-6,2.366452E-4,0.008770567,6.910512E-4,1.521895E-6,7.017201E-6,9.945705E-7,1.195789E-4,3.734523E-6,0.01095988,9.530088E-7,6.000719E-6,0.0186674,8.880918E-5,3.486202E-4,0.001173539,0.04353479,0.008573173,7.396793E-5,2.873064E-6,1.777318E-5,9.066461E-6,8.187053E-5,1.814911E-5,7.03471E-5,5.640531E-6,1.234097E-5,8.333484E-7,10.41047,1.118366E-4,655054.4,655054.4
4.4,0.005581997,6.283185,3.141593,6.283185,773.0414,0.2720914,243255.8,1132.297,1.464901E8,1132.297,1.000003,0.9029879,0.003301053,1.512218E-6,2.475036E-4,0.00898181,7.055791E-4,1.57269E-6,7.189095E-6,1.061811E-6,1.251947E-4,3.943526E-6,0.01123974,1.029837E-6,6.378248E-6,0.01866153,8.611104E-5,3.568733E-4,0.001199989,0.04328079,0.008499198,7.31734E-5,3.02955E-6,1.868645E-5,9.276962E-6,8.407637E-5,1.885731E-5,6.968931E-5,5.896122E-6,1.271079E-5,8.7955E-7,10.40973,1.120372E-4,655007.4,655007.4
4.6,0.005840948,6.283185,3.141593,6.283185,771.6555,0.2720914,297033.7,1130.191,1.461195E8,1130.191,1.000003,0.9027009,0.003374537,1.447647E-6,2.582203E-4,0.009182136,7.192012E-4,1.621551E-6,7.35383E-6,1.129429E-6,1.30638E-4,4.14789E-6,0.01150607,1.107093E-6,6.751535E-6,0.01865529,8.350753E-5,3.646677E-4,0.001224943,0.04303918,0.008429742,7.24199E-5,3.182739E-6,1.957633E-5,9.476515E-6,8.618014E-5,1.954073E-5,6.904484E-5,6.144788E-6,1.306725E-5,9.248741E-7,10.40903,1.122384E-4,654963.4,654963.4
4.8,0.006100364,6.283185,3.141593,6.283185,770.2706,0.2720914,344946.9,1128.092,1.4575E8,1128.092,1.000003,0.9024281,0.003444273,1.386252E-6,2.687918E-4,0.009372192,7.31978E-4,1.668544E-6,7.511882E-6,1.197364E-6,1.359095E-4,4.347365E-6,0.01175963,1.18457E-6,7.119934E-6,0.01864872,8.099359E-5,3.720337E-4,0.001248498,0.04280928,0.008364502,7.170424E-5,3.332494E-6,2.044228E-5,9.665827E-6,8.818716E-5,2.019992E-5,6.841455E-5,6.386485E-6,1.341108E-5,9.692696E-7,10.40838,1.124402E-4,654922.3,654922.3
5.0,0.006360246,6.283185,3.141593,6.283185,768.8867,0.2720914,387497.1,1125.999,1.453817E8,1125.999,1.000003,0.9021688,0.003510475,1.327838E-6,2.792151E-4,0.009552587,7.43966E-4,1.713734E-6,7.663686E-6,1.265563E-6,1.410104E-4,4.541745E-6,0.01200112,1.262081E-6,7.482881E-6,0.01864189,7.856583E-5,3.789999E-4,0.001270742,0.04259041,0.008303199,7.102405E-5,3.478703E-6,2.128393E-5,9.845554E-6,9.010244E-5,2.083543E-5,6.779896E-5,6.621197E-6,1.374292E-5,1.012693E-6,10.40777,1.126426E-4,654883.9,654883.9
5.2,0.006620597,6.283185,3.141593,6.283185,767.504,0.2720914,425242.3,1123.913,1.450145E8,1123.913,1.000003,0.9019222,0.003573342,1.272224E-6,2.894874E-4,0.009723873,7.552166E-4,1.757183E-6,7.809626E-6,1.333978E-6,1.459431E-4,4.730885E-6,0.0122312,1.339459E-6,7.839909E-6,0.01863484,7.622052E-5,3.855919E-4,0.001291756,0.04238198,0.008245577,7.037706E-5,3.621291E-6,2.210109E-5,1.001629E-5,9.193064E-5,2.144791E-5,6.719808E-5,6.848951E-6,1.406336E-5,1.055113E-6,10.40719,1.128455E-4,654848.0,654848.0
5.4,0.006881417,6.283185,3.141593,6.283185,766.1223,0.2720914,458502.2,1121.832,1.446483E8,1121.832,1.000003,0.9016875,0.00363306,1.219243E-6,2.996068E-4,0.009886571,7.657776E-4,1.798954E-6,7.950057E-6,1.402568E-6,1.507101E-4,4.914677E-6,0.01245047,1.416554E-6,8.190623E-6,0.01862762,7.39541E-5,3.918338E-4,0.001311617,0.04218342,0.008191398,6.976122E-5,3.760202E-6,2.289369E-5,1.017858E-5,9.367614E-5,2.203799E-5,6.66119E-5,7.069793E-6,1.437295E-5,1.096502E-6,10.40666,1.13049E-4,654814.4,654814.4
5.6,0.007142707,6.283185,3.141593,6.283185,764.7419,0.2720914,487826.6,1119.757,1.442831E8,1119.757,1.000003,0.9014641,0.003689803,1.168737E-6,3.095714E-4,0.01004116,7.756937E-4,1.839107E-6,8.085301E-6,1.471296E-6,1.553143E-4,5.093048E-6,0.01265951,1.493227E-6,8.53469E-6,0.01862027,7.176299E-5,3.977476E-4,0.001330395,0.0419942,0.008140441,6.917429E-5,3.895402E-6,2.366176E-5,1.033294E-5,9.534308E-5,2.260633E-5,6.604034E-5,7.283791E-6,1.46722E-5,1.136841E-6,10.40616,1.132531E-4,654783.0,654783.0
5.8,0.007404469,6.283185,3.141593,6.283185,763.3628,0.2720914,513655.8,1117.688,1.439189E8,1117.688,1.000003,0.9012514,0.003743732,1.120566E-6,3.193799E-4,0.0101881,7.850057E-4,1.877701E-6,8.215648E-6,1.540131E-6,1.597591E-4,5.265969E-6,0.01285885,1.569359E-6,8.87185E-6,0.01861282,6.964387E-5,4.033535E-4,0.001348155,0.04181382,0.008092506,6.861433E-5,4.026879E-6,2.440549E-5,1.047983E-5,9.693534E-5,2.315361E-5,6.548308E-5,7.491042E-6,1.496155E-5,1.176118E-6,10.4057,1.134577E-4,654753.7,654753.7
6.0,0.007666705,6.283185,3.141593,6.283185,761.985,0.2720914,536197.0,1115.624,1.435556E8,1115.624,1.000004,0.9010489,0.003795001,1.074595E-6,3.290311E-4,0.0103278,7.93752E-4,1.914794E-6,8.341367E-6,1.609041E-6,1.640481E-4,5.433428E-6,0.01304899,1.644841E-6,9.201886E-6,0.01860531,6.759363E-5,4.086706E-4,0.001364957,0.04164182,0.008047402,6.80794E-5,4.154633E-6,2.512507E-5,1.061969E-5,9.845655E-5,2.368051E-5,6.493983E-5,7.691648E-6,1.524144E-5,1.214324E-6,10.40526,1.136628E-4,654726.2,654726.2
6.2,0.007929415,6.283185,3.141593,6.283185,760.6086,0.2720914,555736.3,1113.565,1.431933E8,1113.565,1.000004,0.9008559,0.003843752,1.030702E-6,3.385242E-4,0.01046066,8.019679E-4,1.950439E-6,8.462703E-6,1.678002E-6,1.681851E-4,5.595442E-6,0.01323039,1.719577E-6,9.524634E-6,0.01859776,6.560939E-5,4.137163E-4,0.001380857,0.04147777,0.008004955,6.756783E-5,4.27868E-6,2.582081E-5,1.075292E-5,9.991018E-5,2.418769E-5,6.441021E-5,7.885729E-6,1.551225E-5,1.251458E-6,10.40485,1.138685E-4,654700.6,654700.6
6.4,0.0081926,6.283185,3.141593,6.283185,759.2336,0.2720914,572516.0,1111.512,1.428318E8,1111.512,1.000004,0.9006721,0.003890117,9.88771E-7,3.478588E-4,0.01058703,8.096864E-4,1.984693E-6,8.579879E-6,1.746988E-6,1.72174E-4,5.752051E-6,0.0134035,1.793482E-6,9.839975E-6,0.01859021,6.368848E-5,4.185066E-4,0.001395909,0.04132126,0.007965002,6.707812E-5,4.399048E-6,2.649308E-5,1.087988E-5,1.012994E-4,2.467585E-5,6.389375E-5,8.073415E-6,1.577434E-5,1.287519E-6,10.40447,1.140747E-4,654676.6,654676.6
6.6,0.008456262,6.283185,3.141593,6.283185,757.8601,0.2720914,586818.8,1109.463,1.424712E8,1109.463,1.000004,0.9004969,0.003934223,9.486988E-7,3.570343E-4,0.01070727,8.169382E-4,2.017605E-6,8.693101E-6,1.815977E-6,1.760186E-4,5.90331E-6,0.01356873,1.86648E-6,1.014782E-5,0.01858266,6.182838E-5,4.230565E-4,0.001410161,0.04117191,0.007927392,6.660894E-5,4.515772E-6,2.714226E-5,1.100093E-5,1.026274E-4,2.514563E-5,6.339002E-5,8.254843E-6,1.602805E-5,1.322511E-6,10.40412,1.142815E-4,654654.2,654654.2
6.8,0.008720402,6.283185,3.141593,6.283185,756.488,0.2720914,598901.5,1107.419,1.421115E8,1107.419,1.000004,0.9003298,0.003976187,9.103878E-7,3.660508E-4,0.01082169,8.237518E-4,2.049226E-6,8.80256E-6,1.884949E-6,1.797232E-4,6.049291E-6,0.01372647,1.938507E-6,1.044813E-5,0.01857515,6.00267E-5,4.2738E-4,0.001423658,0.04102936,0.007891984,6.615903E-5,4.628899E-6,2.776881E-5,1.111638E-5,1.03897E-4,2.559769E-5,6.289856E-5,8.43016E-6,1.627368E-5,1.356444E-6,10.40378,1.144888E-4,654633.3,654633.3
7.0,0.008985022,6.283185,3.141593,6.283185,755.1176,0.2720914,608936.6,1105.38,1.417526E8,1105.38,1.000004,0.9001706,0.00401612,8.737464E-7,3.749083E-4,0.01093059,8.30154E-4,2.079605E-6,8.908431E-6,1.953884E-6,1.832917E-4,6.190078E-6,0.01387708,2.009506E-6,1.074088E-5,0.01856769,5.828116E-5,4.3149E-4,0.001436444,0.04089327,0.007858647,6.572718E-5,4.73848E-6,2.837319E-5,1.122653E-5,1.051108E-4,2.603268E-5,6.241893E-5,8.599513E-6,1.651153E-5,1.389325E-6,10.40347,1.146965E-4,654613.8,654613.8
7.2,0.009250121,6.283185,3.141593,6.283185,753.7487,0.2720914,617123.5,1103.346,1.413946E8,1103.346,1.000004,0.9000187,0.004054125,8.386894E-7,3.83607E-4,0.01103426,8.361695E-4,2.108788E-6,9.010878E-6,2.022765E-6,1.867281E-4,6.325768E-6,0.0140209,2.079426E-6,1.102607E-5,0.0185603,5.658963E-5,4.353985E-4,0.001448558,0.04076333,0.007827259,6.53123E-5,4.844575E-6,2.895591E-5,1.133167E-5,1.062716E-4,2.645121E-5,6.195068E-5,8.763058E-6,1.674186E-5,1.421168E-6,10.40318,1.149048E-4,654595.6,654595.6
7.4,0.009515703,6.283185,3.141593,6.283185,752.3815,0.2720914,623592.5,1101.316,1.410373E8,1101.316,1.000004,0.8998738,0.004090302,8.051363E-7,3.921474E-4,0.01113296,8.418217E-4,2.136821E-6,9.11005E-6,2.091574E-6,1.900366E-4,6.456465E-6,0.01415827,2.148227E-6,1.130374E-5,0.01855299,5.495006E-5,4.391167E-4,0.001460037,0.04063924,0.007797706,6.491331E-5,4.947248E-6,2.95175E-5,1.143205E-5,1.073818E-4,2.685391E-5,6.149339E-5,8.920952E-6,1.696493E-5,1.451988E-6,10.40291,1.151136E-4,654578.6,654578.6
7.6,0.009781767,6.283185,3.141593,6.283185,751.016,0.2720914,628416.3,1099.291,1.406808E8,1099.291,1.000005,0.8997356,0.004124743,7.730101E-7,4.005301E-4,0.01122693,8.471323E-4,2.163748E-6,9.206087E-6,2.160297E-6,1.932212E-4,6.582284E-6,0.01428948,2.215873E-6,1.157394E-5,0.01854578,5.336052E-5,4.426551E-4,0.001470917,0.04052072,0.00776988,6.452914E-5,5.046567E-6,3.005848E-5,1.152791E-5,1.084436E-4,2.724138E-5,6.104665E-5,9.073352E-6,1.718096E-5,1.481801E-6,10.40266,1.153229E-4,654562.8,654562.8
7.8,0.01004832,6.283185,3.141593,6.283185,749.6522,0.2720914,631834.1,1097.27,1.403252E8,1097.27,1.000005,0.8996038,0.004157534,7.422431E-7,4.087557E-4,0.01131643,8.521216E-4,2.18961E-6,9.299124E-6,2.228916E-6,1.962857E-4,6.703339E-6,0.01441483,2.282334E-6,1.183673E-5,0.01853867,5.181917E-5,4.460236E-4,0.00148123,0.04040749,0.007743681,6.415893E-5,5.142601E-6,3.057941E-5,1.161949E-5,1.094593E-4,2.761417E-5,6.061011E-5,9.220416E-6,1.73902E-5,1.510623E-6,10.40243,1.155327E-4,654548.1,654548.1
8.0,0.01031535,6.283185,3.141593,6.283185,748.2902,0.2720914,633989.4,1095.254,1.399702E8,1095.254,1.000005,0.8994779,0.004188761,7.127692E-7,4.16825E-4,0.01140167,8.568092E-4,2.214449E-6,9.389286E-6,2.297418E-6,1.99234E-4,6.819747E-6,0.0145346,2.347585E-6,1.209218E-5,0.01853167,5.032424E-5,4.492315E-4,0.001491007,0.04029931,0.007719014,6.380179E-5,5.235421E-6,3.10808E-5,1.1707E-5,1.104311E-4,2.797286E-5,6.018343E-5,9.362297E-6,1.759286E-5,1.538473E-6,10.40221,1.15743E-4,654534.3,654534.3
8.2,0.01058287,6.283185,3.141593,6.283185,746.9299,0.2720914,635034.6,1093.241,1.396161E8,1093.241,1.000005,0.8993579,0.004218501,6.845265E-7,4.247389E-4,0.01148287,8.612133E-4,2.238302E-6,9.476693E-6,2.365785E-6,2.020697E-4,6.931626E-6,0.01464905,2.411605E-6,1.234039E-5,0.01852479,4.887405E-5,4.522875E-4,0.001500279,0.04019593,0.007695788,6.345687E-5,5.325099E-6,3.156319E-5,1.179066E-5,1.113608E-4,2.831797E-5,5.976635E-5,9.499147E-6,1.778915E-5,1.56537E-6,10.40201,1.159538E-4,654521.6,654521.6
8.4,0.01085087,6.283185,3.141593,6.283185,745.5714,0.2720914,635014.5,1091.233,1.392627E8,1091.233,1.000005,0.8992432,0.004246829,6.574574E-7,4.324984E-4,0.01156022,8.653503E-4,2.261209E-6,9.56145E-6,2.434006E-6,2.047966E-4,7.039111E-6,0.01475842,2.47438E-6,1.258146E-5,0.01851804,4.746708E-5,4.551996E-4,0.001509072,0.04009712,0.007673923,6.312349E-5,5.411713E-6,3.202717E-5,1.187064E-5,1.122505E-4,2.865003E-5,5.935848E-5,9.631128E-6,1.797925E-5,1.591335E-6,10.40182,1.161651E-4,654509.7,654509.7
8.6,0.01111937,6.283185,3.141593,6.283185,744.2148,0.2720914,633969.6,1089.23,1.3891E8,1089.23,1.000005,0.8991338,0.004273811,6.315077E-7,4.401048E-4,0.0116339,8.692357E-4,2.283205E-6,9.643655E-6,2.502065E-6,2.074185E-4,7.142335E-6,0.01486295,2.5359E-6,1.281552E-5,0.01851143,4.61019E-5,4.57975E-4,0.001517411,0.04000269,0.007653343,6.280104E-5,5.495345E-6,3.247328E-5,1.194712E-5,1.131018E-4,2.896957E-5,5.895948E-5,9.758395E-6,1.816334E-5,1.616389E-6,10.40164,1.163768E-4,654498.7,654498.7
8.8,0.01138835,6.283185,3.141593,6.283185,742.8601,0.2720914,631983.6,1087.23,1.38558E8,1087.23,1.000005,0.8990294,0.004299517,6.066265E-7,4.475592E-4,0.0117041,8.728845E-4,2.304326E-6,9.723407E-6,2.569949E-6,2.099389E-4,7.241424E-6,0.01496286,2.596159E-6,1.304268E-5,0.01850495,4.477711E-5,4.606211E-4,0.001525321,0.03991242,0.007633973,6.248893E-5,5.576071E-6,3.290208E-5,1.202027E-5,1.139165E-4,2.927705E-5,5.856909E-5,9.881098E-6,1.83416E-5,1.640554E-6,10.40148,1.165891E-4,654488.4,654488.4
9.0,0.01165783,6.283185,3.141593,6.283185,741.5073,0.2720914,629148.1,1085.235,1.382068E8,1085.235,1.000005,0.8989297,0.004324006,5.82765E-7,4.548629E-4,0.01177099,8.763105E-4,2.324605E-6,9.800795E-6,2.637643E-6,2.123612E-4,7.336507E-6,0.01505835,2.655151E-6,1.326307E-5,0.01849862,4.349138E-5,4.631445E-4,0.001532824,0.03982612,0.007615746,6.218661E-5,5.653968E-6,3.33141E-5,1.209026E-5,1.146962E-4,2.957296E-5,5.818704E-5,9.999385E-6,1.851419E-5,1.663852E-6,10.40133,1.168018E-4,654478.9,654478.9
9.2,0.0119278,6.283185,3.141593,6.283185,740.1565,0.2720914,625585.3,1083.243,1.378563E8,1083.243,1.000005,0.8988344,0.00434734,5.598759E-7,4.620174E-4,0.01183471,8.795268E-4,2.344075E-6,9.875905E-6,2.705135E-6,2.146889E-4,7.427714E-6,0.01514964,2.712877E-6,1.347684E-5,0.01849243,4.22434E-5,4.655513E-4,0.001539942,0.03974361,0.007598596,6.189346E-5,5.729116E-6,3.370989E-5,1.215722E-5,1.154425E-4,2.985776E-5,5.781306E-5,1.01134E-5,1.868129E-5,1.686305E-6,10.40119,1.17015E-4,654470.2,654470.2
9.4,0.01219826,6.283185,3.141593,6.283185,738.8076,0.2720914,621323.0,1081.256,1.375065E8,1081.256,1.000006,0.8987435,0.004369574,5.379151E-7,4.69024E-4,0.01189544,8.825457E-4,2.362767E-6,9.948818E-6,2.772411E-6,2.169251E-4,7.515174E-6,0.01523691,2.769339E-6,1.368411E-5,0.01848639,4.103199E-5,4.678476E-4,0.001546695,0.03966471,0.007582464,6.160908E-5,5.801591E-6,3.408998E-5,1.222131E-5,1.161569E-4,3.013187E-5,5.74469E-5,1.02233E-5,1.884304E-5,1.707936E-6,10.40106,1.172286E-4,654462.0,654462.0
9.6,0.01246921,6.283185,3.141593,6.283185,737.4606,0.2720914,616438.8,1079.272,1.371574E8,1079.272,1.000006,0.8986567,0.004390762,5.168412E-7,4.758842E-4,0.0119533,8.853787E-4,2.380712E-6,1.001961E-5,2.839458E-6,2.190732E-4,7.599013E-6,0.01532033,2.824539E-6,1.388504E-5,0.0184805,3.985598E-5,4.70039E-4,0.001553103,0.03958927,0.007567291,6.133299E-5,5.871472E-6,3.445488E-5,1.228265E-5,1.168407E-4,3.039572E-5,5.708833E-5,1.032921E-5,1.899959E-5,1.728767E-6,10.40094,1.174427E-4,654454.5,654454.5
9.8,0.01274066,6.283185,3.141593,6.283185,736.1157,0.2720914,611079.0,1077.293,1.36809E8,1077.293,1.000006,0.8985738,0.004410953,4.966196E-7,4.825997E-4,0.01200843,8.880365E-4,2.397939E-6,1.008836E-5,2.906264E-6,2.211362E-4,7.679363E-6,0.01540009,2.878488E-6,1.407976E-5,0.01847476,3.871422E-5,4.721303E-4,0.001559182,0.03951712,0.007553026,6.106467E-5,5.938838E-6,3.480513E-5,1.234138E-5,1.174953E-4,3.064972E-5,5.673715E-5,1.043127E-5,1.915109E-5,1.748821E-6,10.40083,1.176573E-4,654447.6,654447.6
10.0,0.0130126,6.283185,3.141593,6.283185,734.7729,0.2720914,605304.6,1075.317,1.364613E8,1075.317,1.000006,0.8984946,0.004430196,4.772121E-7,4.891721E-4,0.01206096,8.905294E-4,2.414476E-6,1.015512E-5,2.972816E-6,2.231172E-4,7.756343E-6,0.01547635,2.931192E-6,1.426844E-5,0.01846917,3.760562E-5,4.741268E-4,0.001564951,0.03944812,0.007539617,6.080369E-5,6.003764E-6,3.514123E-5,1.23976E-5,1.18122E-4,3.089427E-5,5.639317E-5,1.052963E-5,1.929769E-5,1.768121E-6,10.40073,1.178723E-4,654441.2,654441.2
10.2,0.01328504,6.283185,3.141593,6.283185,733.4321,0.2720914,599188.8,1073.345,1.361142E8,1073.345,1.000006,0.8984189,0.004448536,4.585844E-7,4.95603E-4,0.01211102,8.928671E-4,2.430351E-6,1.021998E-5,3.039101E-6,2.250191E-4,7.830076E-6,0.01554926,2.982662E-6,1.445121E-5,0.01846373,3.652911E-5,4.760331E-4,0.001570425,0.03938212,0.007527015,6.05496E-5,6.066324E-6,3.546366E-5,1.245144E-5,1.187219E-4,3.112974E-5,5.60562E-5,1.06244E-5,1.943951E-5,1.786689E-6,10.40064,1.180878E-4,654435.4,654435.4
10.4,0.01355798,6.283185,3.141593,6.283185,732.0933,0.2720914,592647.0,1071.377,1.357679E8,1071.377,1.000006,0.8983467,0.004466016,4.40702E-7,5.018942E-4,0.01215872,8.950583E-4,2.445589E-6,1.028298E-5,3.105108E-6,2.268447E-4,7.900685E-6,0.01561896,3.032912E-6,1.462823E-5,0.01845845,3.548377E-5,4.778534E-4,0.001575619,0.03931899,0.007515178,6.030217E-5,6.126594E-6,3.577292E-5,1.2503E-5,1.192964E-4,3.135649E-5,5.572608E-5,1.071571E-5,1.957669E-5,1.804547E-6,10.40055,1.183037E-4,654430.0,654430.0
10.6,0.01383142,6.283185,3.141593,6.283185,730.7567,0.2720914,585714.4,1069.413,1.354222E8,1069.413,1.000006,0.8982776,0.004482678,4.235334E-7,5.080474E-4,0.01220417,8.971118E-4,2.460216E-6,1.034419E-5,3.170822E-6,2.28597E-4,7.968283E-6,0.01568561,3.081956E-6,1.479965E-5,0.01845331,3.44686E-5,4.79592E-4,0.001580548,0.03925861,0.007504062,6.006095E-5,6.184647E-6,3.606947E-5,1.255238E-5,1.198464E-4,3.157488E-5,5.540264E-5,1.08037E-5,1.970937E-5,1.821718E-6,10.40047,1.185201E-4,654425.1,654425.1
10.8,0.01410536,6.283185,3.141593,6.283185,729.4222,0.2720914,578344.3,1067.453,1.350772E8,1067.453,1.000006,0.8982117,0.004498561,4.070478E-7,5.140645E-4,0.01224747,8.990356E-4,2.474256E-6,1.040367E-5,3.236233E-6,2.302784E-4,8.032984E-6,0.01574934,3.129806E-6,1.496561E-5,0.01844833,3.348266E-5,4.812529E-4,0.001585226,0.03920084,0.007493626,5.98256E-5,6.240552E-6,3.635378E-5,1.259969E-5,1.203731E-4,3.178523E-5,5.508577E-5,1.088848E-5,1.983766E-5,1.838223E-6,10.4004,1.18737E-4,654420.6,654420.6
11.0,0.0143798,6.283185,3.141593,6.283185,728.0899,0.2720914,570744.5,1065.497,1.347329E8,1065.497,1.000006,0.8981487,0.0045137,3.912172E-7,5.199473E-4,0.01228873,9.008371E-4,2.487732E-6,1.046148E-5,3.301327E-6,2.318916E-4,8.094903E-6,0.01581028,3.176481E-6,1.512627E-5,0.01844349,3.252513E-5,4.828396E-4,0.001589664,0.03914558,0.007483833,5.959594E-5,6.294381E-6,3.66263E-5,1.264501E-5,1.208774E-4,3.198787E-5,5.47753E-5,1.097017E-5,1.996169E-5,1.854083E-6,10.40034,1.189542E-4,654416.5,654416.5
11.2,0.01465474,6.283185,3.141593,6.283185,726.7596,0.2720914,562879.0,1063.544,1.343892E8,1063.544,1.000007,0.8980886,0.004528133,3.760129E-7,5.256977E-4,0.01232804,9.025236E-4,2.500667E-6,1.051766E-5,3.36609E-6,2.334392E-4,8.154144E-6,0.01586854,3.221997E-6,1.528178E-5,0.0184388,3.159514E-5,4.843558E-4,0.001593877,0.03909271,0.007474648,5.937167E-5,6.346201E-6,3.688746E-5,1.268843E-5,1.213603E-4,3.21831E-5,5.44711E-5,1.104888E-5,2.008158E-5,1.86932E-6,10.40028,1.19172E-4,654412.8,654412.8
11.4,0.01493019,6.283185,3.141593,6.283185,725.4316,0.2720914,554787.3,1061.596,1.340462E8,1061.596,1.000007,0.8980311,0.004541892,3.614077E-7,5.313175E-4,0.0123655,9.041018E-4,2.513083E-6,1.057227E-5,3.430511E-6,2.349235E-4,8.210814E-6,0.01592425,3.266371E-6,1.543227E-5,0.01843425,3.069191E-5,4.858047E-4,0.001597874,0.03904213,0.007466036,5.915261E-5,6.39608E-6,3.713768E-5,1.273004E-5,1.218228E-4,3.237123E-5,5.417305E-5,1.112471E-5,2.019744E-5,1.883955E-6,10.40022,1.193901E-4,654409.4,654409.4
11.6,0.01520614,6.283185,3.141593,6.283185,724.1058,0.2720914,546515.4,1059.651,1.337039E8,1059.651,1.000007,0.8979762,0.004555009,3.473797E-7,5.368087E-4,0.01240118,9.055779E-4,2.525E-6,1.062535E-5,3.494577E-6,2.363469E-4,8.265014E-6,0.01597752,3.309623E-6,1.557789E-5,0.01842984,2.981464E-5,4.871896E-4,0.001601668,0.03899373,0.007457965,5.89385E-5,6.444083E-6,3.737738E-5,1.276991E-5,1.222657E-4,3.255253E-5,5.388105E-5,1.119778E-5,2.030939E-5,1.898006E-6,10.40018,1.196087E-4,654406.4,654406.4
11.8,0.0154826,6.283185,3.141593,6.283185,722.7821,0.2720914,538119.6,1057.709,1.333622E8,1057.709,1.000007,0.8979237,0.004567515,3.339066E-7,5.421732E-4,0.01243518,9.06958E-4,2.536438E-6,1.067695E-5,3.558276E-6,2.377117E-4,8.316845E-6,0.01602846,3.351771E-6,1.571879E-5,0.01842558,2.89626E-5,4.885134E-4,0.001605268,0.03894743,0.007450407,5.872915E-5,6.490275E-6,3.760696E-5,1.280813E-5,1.226899E-4,3.272728E-5,5.359496E-5,1.126819E-5,2.041754E-5,1.911496E-6,10.40013,1.198278E-4,654403.7,654403.7
12.0,0.01575956,6.283185,3.141593,6.283185,721.4607,0.2720914,529666.4,1055.772,1.330212E8,1055.772,1.000007,0.8978736,0.004579438,3.209668E-7,5.474129E-4,0.01246756,9.082476E-4,2.547417E-6,1.072712E-5,3.621595E-6,2.390201E-4,8.366401E-6,0.01607716,3.392835E-6,1.585511E-5,0.01842145,2.813507E-5,4.897789E-4,0.001608684,0.03890312,0.00744333,5.85244E-5,6.534716E-6,3.78268E-5,1.284475E-5,1.230962E-4,3.289574E-5,5.331469E-5,1.133604E-5,2.0522E-5,1.924442E-6,10.40009,1.200473E-4,654401.2,654401.2
12.2,0.01603703,6.283185,3.141593,6.283185,720.1415,0.2720914,521138.5,1053.838,1.326808E8,1053.838,1.000007,0.8978257,0.004590805,3.085381E-7,5.525297E-4,0.01249841,9.094521E-4,2.557956E-6,1.07759E-5,3.684523E-6,2.402741E-4,8.413776E-6,0.01612373,3.432837E-6,1.598697E-5,0.01841746,2.733135E-5,4.909889E-4,0.001611925,0.03886072,0.00743671,5.832407E-5,6.577467E-6,3.803728E-5,1.287985E-5,1.234854E-4,3.305816E-5,5.304014E-5,1.140143E-5,2.062288E-5,1.936865E-6,10.40006,1.202672E-4,654399.1,654399.1
12.4,0.01631501,6.283185,3.141593,6.283185,718.8246,0.2720914,512490.9,1051.908,1.323411E8,1051.908,1.000007,0.8977799,0.004601644,2.965982E-7,5.575258E-4,0.0125278,9.105765E-4,2.568072E-6,1.082333E-5,3.74705E-6,2.414759E-4,8.45906E-6,0.01616826,3.471795E-6,1.611453E-5,0.0184136,2.655075E-5,4.921459E-4,0.001615001,0.03882014,0.00743052,5.812797E-5,6.618589E-6,3.823877E-5,1.291351E-5,1.238581E-4,3.321479E-5,5.277122E-5,1.146444E-5,2.072028E-5,1.948782E-6,10.40003,1.204875E-4,654397.2,654397.2
12.6,0.01659349,6.283185,3.141593,6.283185,717.51,0.2720914,503729.2,1049.981,1.32002E8,1049.981,1.000007,0.8977362,0.004611979,2.851282E-7,5.624031E-4,0.01255578,9.116254E-4,2.577782E-6,1.086945E-5,3.809166E-6,2.426275E-4,8.502339E-6,0.01621083,3.509732E-6,1.623791E-5,0.01840987,2.57926E-5,4.932523E-4,0.00161792,0.03878132,0.007424737,5.793595E-5,6.658138E-6,3.843161E-5,1.294577E-5,1.242152E-4,3.336585E-5,5.250783E-5,1.152516E-5,2.081431E-5,1.960212E-6,10.4,1.207083E-4,654395.5,654395.5
12.8,0.01687249,6.283185,3.141593,6.283185,716.1976,0.2720914,494872.0,1048.059,1.316636E8,1048.059,1.000008,0.8976945,0.004621833,2.741087E-7,5.671637E-4,0.01258244,9.126034E-4,2.587104E-6,1.091431E-5,3.870859E-6,2.437307E-4,8.543697E-6,0.01625154,3.546669E-6,1.635723E-5,0.01840627,2.505628E-5,4.943105E-4,0.00162069,0.03874416,0.007419337,5.774785E-5,6.696171E-6,3.861616E-5,1.297669E-5,1.245572E-4,3.351157E-5,5.22499E-5,1.15837E-5,2.090506E-5,1.971172E-6,10.39998,1.209294E-4,654394.1,654394.1
13.0,0.017152,6.283185,3.141593,6.283185,714.8875,0.2720914,486016.6,1046.14,1.313259E8,1046.14,1.000008,0.8976546,0.004631229,2.635217E-7,5.718095E-4,0.01260783,9.135146E-4,2.596052E-6,1.095793E-5,3.932117E-6,2.447875E-4,8.583217E-6,0.01629046,3.582626E-6,1.647264E-5,0.0184028,2.434115E-5,4.953226E-4,0.001623318,0.0387086,0.007414299,5.756359E-5,6.732741E-6,3.879274E-5,1.300635E-5,1.248848E-4,3.365216E-5,5.199733E-5,1.164011E-5,2.099263E-5,1.98168E-6,10.39996,1.211511E-4,654392.8,654392.8
13.2,0.01743202,6.283185,3.141593,6.283185,713.5797,0.2720914,477138.8,1044.224,1.309888E8,1044.224,1.000008,0.8976164,0.004640189,2.533484E-7,5.763425E-4,0.012632,9.14363E-4,2.604643E-6,1.100036E-5,3.99293E-6,2.457996E-4,8.620974E-6,0.01632768,3.617624E-6,1.658425E-5,0.01839944,2.36466E-5,4.962907E-4,0.001625811,0.03867457,0.007409603,5.7383E-5,6.767901E-6,3.896167E-5,1.303478E-5,1.251987E-4,3.378782E-5,5.175006E-5,1.16945E-5,2.107712E-5,1.991753E-6,10.39994,1.213731E-4,654391.8,654391.8
13.4,0.01771255,6.283185,3.141593,6.283185,712.2742,0.2720914,468260.5,1042.313,1.306523E8,1042.313,1.000008,0.89758,0.004648734,2.435718E-7,5.807649E-4,0.01265502,9.151524E-4,2.612891E-6,1.104163E-5,4.053289E-6,2.467688E-4,8.657046E-6,0.01636326,3.651686E-6,1.669218E-5,0.0183962,2.297203E-5,4.972168E-4,0.001628176,0.03864199,0.007405229,5.720597E-5,6.801702E-6,3.912326E-5,1.306204E-5,1.254995E-4,3.391875E-5,5.150801E-5,1.174693E-5,2.115862E-5,2.001406E-6,10.39993,1.215956E-4,654390.9,654390.9
13.6,0.0179936,6.283185,3.141593,6.283185,710.9711,0.2720914,459407.2,1040.405,1.303165E8,1040.405,1.000008,0.8975452,0.004656881,2.341797E-7,5.850785E-4,0.01267694,9.158861E-4,2.62081E-6,1.108178E-5,4.11318E-6,2.476967E-4,8.691503E-6,0.01639728,3.684832E-6,1.679655E-5,0.01839308,2.231693E-5,4.981029E-4,0.00163042,0.03861082,0.007401159,5.703242E-5,6.834195E-6,3.927781E-5,1.308819E-5,1.257876E-4,3.404514E-5,5.12711E-5,1.179749E-5,2.123723E-5,2.010656E-6,10.39992,1.218184E-4,654390.2,654390.2
13.8,0.01827516,6.283185,3.141593,6.283185,709.6703,0.2720914,450609.4,1038.501,1.299813E8,1038.501,1.000008,0.8975119,0.004664651,2.251566E-7,5.892853E-4,0.01269781,9.165677E-4,2.628414E-6,1.112083E-5,4.172593E-6,2.48585E-4,8.724416E-6,0.01642981,3.717084E-6,1.689748E-5,0.01839007,2.168073E-5,4.989506E-4,0.001632549,0.03858098,0.007397376,5.686224E-5,6.865426E-6,3.94256E-5,1.311326E-5,1.260637E-4,3.416717E-5,5.103927E-5,1.184623E-5,2.131303E-5,2.019517E-6,10.39991,1.220417E-4,654389.7,654389.7
14.0,0.01855724,6.283185,3.141593,6.283185,708.3718,0.2720914,441896.9,1036.6,1.296468E8,1036.6,1.000008,0.8974802,0.004672061,2.164893E-7,5.933873E-4,0.01271768,9.172002E-4,2.635717E-6,1.115882E-5,4.231516E-6,2.494352E-4,8.755851E-6,0.0164609,3.748461E-6,1.699508E-5,0.01838717,2.10629E-5,4.997618E-4,0.001634569,0.03855241,0.007393863,5.669536E-5,6.895443E-6,3.956691E-5,1.31373E-5,1.263283E-4,3.428501E-5,5.081243E-5,1.189324E-5,2.138612E-5,2.028006E-6,10.39991,1.222654E-4,654389.3,654389.3
14.2,0.01883984,6.283185,3.141593,6.283185,707.0757,0.2720914,433201.4,1034.703,1.293129E8,1034.703,1.000008,0.8974498,0.004679128,2.081606E-7,5.973867E-4,0.0127366,9.177865E-4,2.642729E-6,1.119578E-5,4.289943E-6,2.502488E-4,8.785873E-6,0.01649064,3.778987E-6,1.708946E-5,0.01838438,2.046294E-5,5.00538E-4,0.001636485,0.03852507,0.007390605,5.653168E-5,6.92429E-6,3.970201E-5,1.316037E-5,1.265818E-4,3.439882E-5,5.059052E-5,1.193858E-5,2.145658E-5,2.036135E-6,10.3999,1.224895E-4,654389.1,654389.1
14.4,0.01912295,6.283185,3.141593,6.283185,705.7819,0.2720914,424539.9,1032.81,1.289797E8,1032.81,1.000008,0.8974208,0.004685868,2.001584E-7,6.012852E-4,0.0127546,9.183295E-4,2.649464E-6,1.123174E-5,4.347865E-6,2.510272E-4,8.814543E-6,0.01651906,3.808681E-6,1.718072E-5,0.01838169,1.988037E-5,5.012809E-4,0.001638302,0.0384989,0.007387587,5.637116E-5,6.95201E-6,3.983115E-5,1.318249E-5,1.268247E-4,3.450877E-5,5.037347E-5,1.198231E-5,2.152448E-5,2.04392E-6,10.3999,1.227141E-4,654388.9,654388.9
14.6,0.01940659,6.283185,3.141593,6.283185,704.4905,0.2720914,415888.8,1030.92,1.286471E8,1030.92,1.000009,0.8973931,0.004692295,1.924695E-7,6.05085E-4,0.01277174,9.188317E-4,2.655933E-6,1.126673E-5,4.405271E-6,2.517719E-4,8.841921E-6,0.01654623,3.837565E-6,1.726896E-5,0.0183791,1.93147E-5,5.019918E-4,0.001640025,0.03847385,0.007384796,5.621373E-5,6.978647E-6,3.995459E-5,1.32037E-5,1.270576E-4,3.4615E-5,5.016121E-5,1.20245E-5,2.158992E-5,2.051373E-6,10.3999,1.22939E-4,654388.9,654388.9
14.8,0.01969074,6.283185,3.141593,6.283185,703.2015,0.2720914,407311.6,1029.034,1.283151E8,1029.034,1.000009,0.8973666,0.004698426,1.850817E-7,6.08788E-4,0.01278805,9.192958E-4,2.662148E-6,1.130078E-5,4.462156E-6,2.524842E-4,8.868063E-6,0.01657221,3.865657E-6,1.73543E-5,0.01837661,1.876545E-5,5.026722E-4,0.00164166,0.03844987,0.007382217,5.605935E-5,7.004241E-6,4.007255E-5,1.322405E-5,1.272807E-4,3.471767E-5,4.995367E-5,1.20652E-5,2.165297E-5,2.058508E-6,10.3999,1.231644E-4,654389.0,654389.0
15.0,0.01997541,6.283185,3.141593,6.283185,701.9149,0.2720914,398802.9,1027.152,1.279838E8,1027.152,1.000009,0.8973413,0.004704273,1.779825E-7,6.123962E-4,0.01280357,9.197239E-4,2.668118E-6,1.133392E-5,4.518512E-6,2.531653E-4,8.893024E-6,0.01659705,3.89298E-6,1.743682E-5,0.01837421,1.823217E-5,5.033235E-4,0.00164321,0.0384269,0.00737984,5.5908E-5,7.02883E-6,4.018528E-5,1.324358E-5,1.274946E-4,3.48169E-5,4.97508E-5,1.210448E-5,2.171372E-5,2.065338E-6,10.3999,1.233901E-4,654389.2,654389.2
15.2,0.02026061,6.283185,3.141593,6.283185,700.6307,0.2720914,390369.6,1025.273,1.276532E8,1025.273,1.000009,0.8973171,0.00470985,1.711598E-7,6.159116E-4,0.01281834,9.201184E-4,2.673854E-6,1.136617E-5,4.574334E-6,2.538166E-4,8.916857E-6,0.01662079,3.919552E-6,1.751662E-5,0.0183719,1.771442E-5,5.039468E-4,0.00164468,0.03840492,0.007377651,5.575964E-5,7.052454E-6,4.029299E-5,1.326231E-5,1.276996E-4,3.491283E-5,4.955252E-5,1.214238E-5,2.177223E-5,2.071873E-6,10.39991,1.236163E-4,654389.5,654389.5
15.4,0.02054633,6.283185,3.141593,6.283185,699.3489,0.2720914,382032.9,1023.398,1.273231E8,1023.398,1.000009,0.897294,0.00471517,1.646039E-7,6.19336E-4,0.01283239,9.204812E-4,2.679365E-6,1.139755E-5,4.629612E-6,2.544393E-4,8.939612E-6,0.01664349,3.945393E-6,1.759379E-5,0.01836968,1.721175E-5,5.045436E-4,0.001646074,0.03838388,0.007375641,5.561424E-5,7.075149E-6,4.03959E-5,1.328028E-5,1.278962E-4,3.50056E-5,4.935877E-5,1.217897E-5,2.182858E-5,2.078127E-6,10.39991,1.238429E-4,654389.9,654389.9
15.6,0.02083257,6.283185,3.141593,6.283185,698.0695,0.2720914,373815.8,1021.526,1.269938E8,1021.526,1.000009,0.8972719,0.004720245,1.583054E-7,6.226713E-4,0.01284576,9.208144E-4,2.684663E-6,1.14281E-5,4.684337E-6,2.550345E-4,8.961336E-6,0.01666519,3.970523E-6,1.766842E-5,0.01836755,1.672375E-5,5.051148E-4,0.001647396,0.03836372,0.007373798,5.547175E-5,7.09695E-6,4.04942E-5,1.329752E-5,1.280846E-4,3.509533E-5,4.916948E-5,1.221428E-5,2.188284E-5,2.084111E-6,10.39992,1.240699E-4,654390.3,654390.3
15.8,0.02111934,6.283185,3.141593,6.283185,696.7925,0.2720914,365742.7,1019.659,1.26665E8,1019.659,1.000009,0.8972508,0.004725085,1.522549E-7,6.259194E-4,0.01285848,9.211198E-4,2.689754E-6,1.145783E-5,4.738502E-6,2.556034E-4,8.982077E-6,0.01668593,3.99496E-6,1.77406E-5,0.0183655,1.624999E-5,5.056618E-4,0.001648649,0.03834443,0.007372112,5.533213E-5,7.117892E-6,4.05881E-5,1.331406E-5,1.282653E-4,3.518213E-5,4.898459E-5,1.224838E-5,2.19351E-5,2.089836E-6,10.39993,1.242972E-4,654390.9,654390.9
16.0,0.02140663,6.283185,3.141593,6.283185,695.5179,0.2720914,357802.5,1017.795,1.263369E8,1017.795,1.000009,0.8972306,0.004729703,1.464422E-7,6.290821E-4,0.01287058,9.213991E-4,2.694649E-6,1.148678E-5,4.792099E-6,2.56147E-4,9.001878E-6,0.01670576,4.018722E-6,1.781042E-5,0.01836354,1.579007E-5,5.061854E-4,0.001649837,0.03832595,0.007370574,5.519536E-5,7.138008E-6,4.067779E-5,1.332993E-5,1.284385E-4,3.526612E-5,4.880404E-5,1.228131E-5,2.19854E-5,2.095311E-6,10.39994,1.24525E-4,654391.4,654391.4
16.2,0.02169445,6.283185,3.141593,6.283185,694.2458,0.2720914,349959.5,1015.934,1.260095E8,1015.934,1.000009,0.8972114,0.004734108,1.408565E-7,6.321615E-4,0.01288209,9.21654E-4,2.699355E-6,1.151496E-5,4.845121E-6,2.566664E-4,9.020781E-6,0.01672472,4.041829E-6,1.787794E-5,0.01836165,1.534362E-5,5.066868E-4,0.001650964,0.03830826,0.007369175,5.506135E-5,7.15733E-6,4.076344E-5,1.334516E-5,1.286046E-4,3.53474E-5,4.862776E-5,1.231311E-5,2.203383E-5,2.100549E-6,10.39995,1.247532E-4,654392.1,654392.1
16.4,0.02198279,6.283185,3.141593,6.283185,692.9761,0.2720914,342215.3,1014.077,1.256826E8,1014.077,1.000009,0.897193,0.00473831,1.354894E-7,6.351592E-4,0.01289304,9.21886E-4,2.70388E-6,1.154239E-5,4.89756E-6,2.571625E-4,9.038828E-6,0.01674284,4.064298E-6,1.794325E-5,0.01835983,1.491025E-5,5.071669E-4,0.001652031,0.03829132,0.007367907,5.493005E-5,7.175889E-6,4.084524E-5,1.335977E-5,1.287638E-4,3.542608E-5,4.845568E-5,1.234383E-5,2.208045E-5,2.105557E-6,10.39996,1.249818E-4,654392.8,654392.8
16.6,0.02227167,6.283185,3.141593,6.283185,691.7088,0.2720914,334559.3,1012.224,1.253565E8,1012.224,1.00001,0.8971754,0.00474232,1.303319E-7,6.380771E-4,0.01290345,9.220967E-4,2.708231E-6,1.15691E-5,4.94941E-6,2.576362E-4,9.056055E-6,0.01676016,4.086146E-6,1.800642E-5,0.01835809,1.44896E-5,5.076265E-4,0.001653043,0.03827509,0.007366762,5.480141E-5,7.193713E-6,4.092334E-5,1.33738E-5,1.289166E-4,3.550226E-5,4.828775E-5,1.237351E-5,2.212531E-5,2.110347E-6,10.39997,1.252108E-4,654393.6,654393.6
16.8,0.02256107,6.283185,3.141593,6.283185,690.444,0.2720914,327005.9,1010.374,1.250309E8,1010.374,1.00001,0.8971586,0.004746145,1.253763E-7,6.40917E-4,0.01291335,9.222872E-4,2.712417E-6,1.159512E-5,5.00067E-6,2.580887E-4,9.072502E-6,0.01677672,4.10739E-6,1.806754E-5,0.01835642,1.408131E-5,5.080667E-4,0.001654003,0.03825955,0.007365732,5.467549E-5,7.210833E-6,4.099791E-5,1.338725E-5,1.290631E-4,3.557602E-5,4.812389E-5,1.240219E-5,2.216848E-5,2.114926E-6,10.39999,1.254401E-4,654394.4,654394.4
17.0,0.02285101,6.283185,3.141593,6.283185,689.1816,0.2720914,319530.9,1008.529,1.24706E8,1008.529,1.00001,0.8971425,0.004749795,1.20614E-7,6.436807E-4,0.01292277,9.224591E-4,2.716444E-6,1.162044E-5,5.051337E-6,2.585206E-4,9.088203E-6,0.01679255,4.128049E-6,1.812666E-5,0.01835481,1.368504E-5,5.084882E-4,0.001654911,0.03824467,0.00736481,5.455221E-5,7.227275E-6,4.10691E-5,1.340017E-5,1.292036E-4,3.564747E-5,4.796404E-5,1.24299E-5,2.221002E-5,2.119304E-6,10.4,1.256699E-4,654395.2,654395.2
17.2,0.02314147,6.283185,3.141593,6.283185,687.9217,0.2720914,312132.3,1006.686,1.243818E8,1006.686,1.00001,0.8971272,0.004753277,1.16037E-7,6.4637E-4,0.01293172,9.226134E-4,2.720319E-6,1.164511E-5,5.101407E-6,2.589329E-4,9.103191E-6,0.01680767,4.148138E-6,1.818386E-5,0.01835328,1.330046E-5,5.088918E-4,0.001655773,0.03823041,0.007363989,5.443158E-5,7.243065E-6,4.113707E-5,1.341257E-5,1.293384E-4,3.571669E-5,4.780813E-5,1.245669E-5,2.224998E-5,2.12349E-6,10.40001,1.259001E-4,654396.1,654396.1
17.4,0.02343247,6.283185,3.141593,6.283185,686.6642,0.2720914,304875.4,1004.848,1.240582E8,1004.848,1.00001,0.8971125,0.0047566,1.116398E-7,6.489865E-4,0.01294022,9.227514E-4,2.724048E-6,1.166914E-5,5.150874E-6,2.593264E-4,9.1175E-6,0.01682214,4.167674E-6,1.82392E-5,0.0183518,1.292723E-5,5.092784E-4,0.001656589,0.03821675,0.007363263,5.43136E-5,7.25823E-6,4.120195E-5,1.342447E-5,1.294678E-4,3.578376E-5,4.76561E-5,1.248258E-5,2.228843E-5,2.12749E-6,10.40003,1.261306E-4,654397.0,654397.0
17.6,0.023724,6.283185,3.141593,6.283185,685.4092,0.2720914,297764.5,1003.013,1.237352E8,1003.013,1.00001,0.8970985,0.004759771,1.074153E-7,6.515319E-4,0.01294831,9.22874E-4,2.727637E-6,1.169254E-5,5.199741E-6,2.597019E-4,9.131161E-6,0.01683596,4.186672E-6,1.829276E-5,0.01835038,1.256502E-5,5.096486E-4,0.001657362,0.03820367,0.007362626,5.419829E-5,7.272795E-6,4.126387E-5,1.343589E-5,1.295919E-4,3.584877E-5,4.750787E-5,1.250763E-5,2.232542E-5,2.131314E-6,10.40004,1.263616E-4,654397.9,654397.9
17.8,0.02401606,6.283185,3.141593,6.283185,684.1566,0.2720914,290834.3,1001.181,1.234128E8,1001.181,1.00001,0.8970851,0.004762797,1.033577E-7,6.540079E-4,0.012956,9.229823E-4,2.731093E-6,1.171534E-5,5.248006E-6,2.600602E-4,9.144202E-6,0.01684917,4.205147E-6,1.834458E-5,0.01834903,1.221353E-5,5.100032E-4,0.001658095,0.03819114,0.007362073,5.40857E-5,7.286782E-6,4.132298E-5,1.344685E-5,1.29711E-4,3.59118E-5,4.73634E-5,1.253185E-5,2.2361E-5,2.134969E-6,10.40006,1.265929E-4,654398.9,654398.9
18.0,0.02430866,6.283185,3.141593,6.283185,682.9066,0.2720914,284031.4,999.3535,1.230912E8,999.3535,1.00001,0.8970723,0.004765685,9.945818E-8,6.564161E-4,0.01296331,9.230773E-4,2.73442E-6,1.173755E-5,5.295657E-6,2.60402E-4,9.156652E-6,0.0168618,4.223115E-6,1.839473E-5,0.01834773,1.187244E-5,5.103428E-4,0.001658789,0.03817913,0.007361597,5.397568E-5,7.300214E-6,4.137939E-5,1.345738E-5,1.298253E-4,3.597291E-5,4.72226E-5,1.255528E-5,2.239523E-5,2.138461E-6,10.40007,1.268246E-4,654399.9,654399.9
18.2,0.02460179,6.283185,3.141593,6.283185,681.6589,0.2720914,277388.0,997.5294,1.227701E8,997.5294,1.00001,0.8970601,0.004768441,9.571105E-8,6.587581E-4,0.01297025,9.231599E-4,2.737625E-6,1.175919E-5,5.342694E-6,2.60728E-4,9.168538E-6,0.01687388,4.24059E-6,1.844328E-5,0.01834648,1.154145E-5,5.106682E-4,0.001659446,0.03816762,0.007361194,5.386826E-5,7.313114E-6,4.143322E-5,1.346748E-5,1.29935E-4,3.603218E-5,4.708542E-5,1.257794E-5,2.242814E-5,2.141798E-6,10.40009,1.270568E-4,654400.9,654400.9
18.4,0.02489546,6.283185,3.141593,6.283185,680.4138,0.2720914,270905.1,995.709,1.224497E8,995.709,1.000011,0.8970484,0.004771071,9.210964E-8,6.610355E-4,0.01297685,9.23231E-4,2.740712E-6,1.178028E-5,5.389109E-6,2.610389E-4,9.179886E-6,0.01688542,4.257586E-6,1.849026E-5,0.01834529,1.122027E-5,5.109799E-4,0.001660068,0.0381566,0.007360859,5.376337E-5,7.325503E-6,4.148459E-5,1.347718E-5,1.300402E-4,3.608967E-5,4.695178E-5,1.259988E-5,2.24598E-5,2.144987E-6,10.4001,1.272893E-4,654401.9,654401.9
18.6,0.02518967,6.283185,3.141593,6.283185,679.1711,0.2720914,264533.7,993.8921,1.221299E8,993.8921,1.000011,0.8970372,0.004773582,8.864892E-8,6.632499E-4,0.01298312,9.232912E-4,2.743686E-6,1.180083E-5,5.434903E-6,2.613353E-4,9.190721E-6,0.01689645,4.274117E-6,1.853574E-5,0.01834415,1.090861E-5,5.112785E-4,0.001660658,0.03814604,0.007360588,5.366101E-5,7.337401E-6,4.153361E-5,1.34865E-5,1.301413E-4,3.614545E-5,4.682163E-5,1.262111E-5,2.249024E-5,2.148034E-6,10.40012,1.275222E-4,654402.9,654402.9
18.8,0.02548442,6.283185,3.141593,6.283185,677.931,0.2720914,258241.4,992.079,1.218108E8,992.079,1.000011,0.8970265,0.004775979,8.532316E-8,6.654029E-4,0.01298908,9.233414E-4,2.746552E-6,1.182086E-5,5.480071E-6,2.616179E-4,9.201065E-6,0.01690699,4.290196E-6,1.857977E-5,0.01834305,1.060621E-5,5.115645E-4,0.001661216,0.03813591,0.007360375,5.35611E-5,7.348827E-6,4.158038E-5,1.349544E-5,1.302384E-4,3.619958E-5,4.66949E-5,1.264166E-5,2.251952E-5,2.150945E-6,10.40014,1.277555E-4,654404.0,654404.0
19.0,0.0257797,6.283185,3.141593,6.283185,676.6933,0.2720914,251990.0,990.2694,1.214923E8,990.2694,1.000011,0.8970163,0.004778267,8.21267E-8,6.674961E-4,0.01299473,9.233823E-4,2.749315E-6,1.184037E-5,5.524607E-6,2.618872E-4,9.210942E-6,0.01691707,4.305836E-6,1.862239E-5,0.018342,1.031279E-5,5.118384E-4,0.001661745,0.03812621,0.007360218,5.346359E-5,7.359801E-6,4.162501E-5,1.350402E-5,1.303315E-4,3.625211E-5,4.657151E-5,1.266155E-5,2.254767E-5,2.153726E-6,10.40015,1.279891E-4,654405.0,654405.0
19.2,0.02607553,6.283185,3.141593,6.283185,675.458,0.2720914,245818.1,988.4635,1.211744E8,988.4635,1.000011,0.8970066,0.004780451,7.905491E-8,6.695308E-4,0.01300011,9.234145E-4,2.751978E-6,1.18594E-5,5.568514E-6,2.621437E-4,9.220373E-6,0.01692671,4.321051E-6,1.866366E-5,0.018341,1.002811E-5,5.121008E-4,0.001662245,0.03811691,0.007360113,5.336848E-5,7.370339E-6,4.166759E-5,1.351227E-5,1.30421E-4,3.63031E-5,4.645141E-5,1.268081E-5,2.257474E-5,2.156382E-6,10.40017,1.282232E-4,654406.1,654406.1
19.4,0.02637189,6.283185,3.141593,6.283185,674.2253,0.2720914,239770.8,986.6613,1.208572E8,986.6613,1.000011,0.8969973,0.004782536,7.610362E-8,6.715085E-4,0.01300521,9.234386E-4,2.754546E-6,1.187794E-5,5.611797E-6,2.623881E-4,9.229378E-6,0.01693592,4.335852E-6,1.870363E-5,0.01834004,9.751901E-6,5.123521E-4,0.001662719,0.03810799,0.007360055,5.327583E-5,7.380461E-6,4.170821E-5,1.352019E-5,1.305069E-4,3.635262E-5,4.633453E-5,1.269947E-5,2.260076E-5,2.158919E-6,10.40019,1.284576E-4,654407.2,654407.2
19.6,0.0266688,6.283185,3.141593,6.283185,672.995,0.2720914,233840.5,984.8626,1.205407E8,984.8626,1.000011,0.8969884,0.004784527,7.326866E-8,6.734307E-4,0.01301006,9.234553E-4,2.757023E-6,1.189602E-5,5.654457E-6,2.626209E-4,9.237976E-6,0.01694472,4.350254E-6,1.874233E-5,0.01833912,9.48394E-6,5.125928E-4,0.001663167,0.03809945,0.007360042,5.318562E-5,7.390182E-6,4.174696E-5,1.352779E-5,1.305895E-4,3.640071E-5,4.62208E-5,1.271755E-5,2.262579E-5,2.161343E-6,10.40021,1.286924E-4,654408.2,654408.2
19.8,0.02696625,6.283185,3.141593,6.283185,671.7673,0.2720914,228099.4,983.0676,1.202247E8,983.0676,1.000011,0.8969798,0.004786428,7.054499E-8,6.752987E-4,0.01301466,9.234651E-4,2.759413E-6,1.191366E-5,5.696497E-6,2.628426E-4,9.246188E-6,0.01695313,4.364266E-6,1.877982E-5,0.01833825,9.223985E-6,5.128235E-4,0.001663591,0.03809125,0.00736007,5.309787E-5,7.399519E-6,4.178392E-5,1.353509E-5,1.306688E-4,3.644744E-5,4.611015E-5,1.273507E-5,2.264985E-5,2.163658E-6,10.40022,1.289277E-4,654409.3,654409.3
20.0,0.02726425,6.283185,3.141593,6.283185,670.542,0.2720914,222656.0,981.2763,1.199094E8,981.2763,1.000011,0.8969717,0.004788243,6.792632E-8,6.771139E-4,0.01301903,9.234685E-4,2.761719E-6,1.193085E-5,5.737921E-6,2.630537E-4,9.254029E-6,0.01696118,4.377902E-6,1.881613E-5,0.01833741,8.971797E-6,5.130447E-4,0.001663992,0.03808339,0.007360136,5.301258E-5,7.408486E-6,4.181919E-5,1.354211E-5,1.30745E-4,3.649284E-5,4.600252E-5,1.275204E-5,2.267299E-5,2.165868E-6,10.40024,1.291632E-4,654410.4,654410.4
