Distance_PFRC2 (cm),Plug_flow_residence_time_PFRC2 (sec),Internal_surface_area_per_unit_distance_PFRC2 (cm),Cross-section_area_PFRC2 (cm2),External_surface_area_per_unit_distance_PFRC2 (cm),Velocity_PFRC2 (cm/sec),Exit_mass_flow_rate_PFRC2 (g/sec),Volumetric_heat_production_rate_PFRC2 (erg/cm3-sec),Surface_temperature_PFRC2 (K),Heat_loss_rate_PFRC2 (erg/cm-sec),Temperature_PFRC2 (K),Pressure_PFRC2 (atm),Mass_fraction_H2_PFRC2 (),Mass_fraction_CH4_PFRC2 (),Mass_fraction_CH3_PFRC2 (),Mass_fraction_C2H6_PFRC2 (),Mass_fraction_C2H5_PFRC2 (),Mass_fraction_C2H4_PFRC2 (),Mass_fraction_C2H2_PFRC2 (),Mass_fraction_C3H8_PFRC2 (),Mass_fraction_C3H6_PFRC2 (),Mass_fraction_C3H5-A_PFRC2 (),Mass_fraction_C3H4-A_PFRC2 (),Mass_fraction_NC4H10_PFRC2 (),Mass_fraction_IC4H8_PFRC2 (),Mass_fraction_C4H8-1_PFRC2 (),Mass_fraction_C4H8-2_PFRC2 (),Mass_fraction_C4H71-3_PFRC2 (),Mass_fraction_C4H6_PFRC2 (),Mass_fraction_C6H6_PFRC2 (),Mass_fraction_C5H6_PFRC2 (),Mass_fraction_NC5H10_PFRC2 (),Mass_fraction_B1M3_PFRC2 (),Mass_fraction_LC5H8_PFRC2 (),Mass_fraction_DIALLYL_PFRC2 (),Mass_fraction_NC6H12_PFRC2 (),Mass_fraction_NC7H14_PFRC2 (),Mass_fraction_C7H8_PFRC2 (),Mass_fraction_NPBENZ_PFRC2 (),Mass_fraction_NC12H26_PFRC2 (),Mass_fraction_NC16H34_PFRC2 (),Mass_fraction_NC10H20_PFRC2 (),Molecular_weight_PFRC2 (g/mole),Mass_density_PFRC2 (g/cm3),Unburned_hydrocarbons_PFRC2 (ppm),Volatile_organic_compounds_PFRC2 (ppm)
0.0,0.0,6.283185,3.141593,6.283185,753.9968,0.2365664,-2.861834E8,1151.892,0.0,1151.892,1.0,0.2031835,0.0,0.0,0.0,0.0,0.0,0.0,0.0,0.0,0.0,0.0,0.0,0.0,0.0,0.0,0.0,0.0,0.0,0.0,0.0,0.0,0.0,0.0,0.0,0.0,0.03986357,0.0,0.1992409,0.1593998,0.3983123,9.439816,9.986968E-5,535452.9,535452.9
6.386046E-4,8.469763E-7,6.283185,3.141593,6.283185,753.9666,0.2365664,-5.581992E8,1151.817,1.499258E8,1151.817,1.000001,0.2031836,4.793622E-7,4.561744E-6,1.052771E-6,1.520408E-5,2.427121E-5,3.369673E-10,1.778184E-7,2.224973E-5,1.135105E-5,2.357016E-9,7.440978E-8,1.213179E-13,1.249367E-5,2.601815E-8,1.474085E-5,1.48125E-6,6.511225E-8,1.988232E-12,1.039073E-5,7.25229E-10,1.265081E-6,4.460962E-9,3.354352E-6,9.985385E-6,0.03986331,1.062906E-10,0.1992127,0.1593656,0.3982316,9.439571,9.987368E-5,535439.0,535439.0
0.01130472,1.499866E-5,6.283185,3.141593,6.283185,753.4483,0.2365664,-1.05024E9,1149.6,1.495356E8,1149.6,1.000001,0.2032004,1.90533E-4,7.328247E-5,2.019377E-4,1.125926E-4,0.001654712,7.530437E-7,3.218858E-5,0.001235153,1.998667E-4,1.232677E-6,2.195731E-5,1.021333E-8,5.937449E-4,1.142012E-5,2.524631E-4,3.835327E-4,1.402972E-5,1.025185E-7,5.911879E-4,4.811478E-6,2.896928E-4,2.836162E-5,9.145145E-5,9.550945E-4,0.03981184,8.678961E-7,0.197752,0.1577189,0.3945045,9.427883,9.994239E-5,534776.0,534776.0
0.04436678,5.891499E-5,6.283185,3.141593,6.283185,752.2903,0.2365664,-8.731697E8,1142.296,1.4825E8,1142.296,1.000001,0.2032688,0.001160428,7.487073E-5,0.001073668,1.091521E-4,0.008374481,9.578036E-6,2.160743E-4,0.006305494,2.565924E-4,1.000464E-5,1.434595E-4,1.12327E-6,0.003093123,1.116944E-4,3.871014E-4,0.002522359,7.914054E-5,3.770788E-6,0.003166562,5.640616E-5,0.001591926,2.743092E-4,3.900176E-4,0.005012572,0.0396194,2.100692E-5,0.1917737,0.1511114,0.3795718,9.382399,1.000962E-4,532196.1,532196.1
0.1856129,2.471305E-4,6.283185,3.141593,6.283185,748.8678,0.2365664,-4.193603E8,1122.677,1.447969E8,1122.677,1.000001,0.2034076,0.003999345,4.63131E-5,0.003568864,6.812718E-5,0.02664774,5.64408E-5,6.784117E-4,0.02002432,2.430332E-4,4.173228E-5,4.353427E-4,3.81408E-5,0.009529426,4.770539E-4,3.20376E-4,0.008658546,2.660754E-4,4.298773E-5,0.009963093,2.091291E-4,0.004831088,7.52402E-4,0.001147347,0.01509409,0.03925744,1.379396E-4,0.1758653,0.1339349,0.339812,9.263398,1.005537E-4,525446.0,525446.0
0.2,2.663458E-4,6.283185,3.141593,6.283185,748.5882,0.2365664,-3.975587E8,1121.255,1.445466E8,1121.255,1.000001,0.2034146,0.004214496,4.474534E-5,0.003755873,6.586501E-5,0.0279556,6.09027E-5,7.09152E-4,0.02100071,2.409908E-4,4.444751E-5,4.538795E-4,4.421821E-5,0.009964901,5.066195E-4,3.156361E-4,0.009098404,2.80047E-4,4.753235E-5,0.01043187,2.196394E-4,0.005044104,7.777722E-4,0.001198861,0.01575963,0.03923535,1.473059E-4,0.1747457,0.1327482,0.3370125,9.255121,1.005913E-4,524976.5,524976.5
0.4,5.341284E-4,6.283185,3.141593,6.283185,745.322,0.2365664,-2.250395E8,1106.284,1.419116E8,1106.284,1.000001,0.203461,0.006540492,3.12139E-5,0.005762179,4.631438E-5,0.04144067,1.148779E-4,0.001013215,0.03102708,2.154126E-4,7.605089E-5,6.294944E-4,1.488162E-4,0.01424,8.378475E-4,2.694602E-4,0.01363661,4.299206E-4,1.094131E-4,0.01510312,3.245326E-4,0.007092049,9.947059E-4,0.001706484,0.02219369,0.03901774,2.418788E-4,0.1633369,0.1208287,0.3085114,9.17156,1.010321E-4,520236.9,520236.9
0.4641853,6.202979E-4,6.283185,3.141593,6.283185,744.4349,0.2365664,-1.983033E8,1102.674,1.412763E8,1102.674,1.000002,0.203465,0.007113439,2.861805E-5,0.006252713,4.253847E-5,0.04458625,1.294723E-4,0.001081415,0.0333563,2.085453E-4,8.436681E-5,6.6667E-4,1.862504E-4,0.01517912,9.227227E-4,2.590764E-4,0.01469568,4.665795E-4,1.280707E-4,0.01614717,3.480395E-4,0.007530085,0.001036052,0.001818362,0.02358258,0.03896903,2.629546E-4,0.1607102,0.11813,0.3019599,9.152526,1.011525E-4,519159.4,519159.9
0.4755619,6.355815E-4,6.283185,3.141593,6.283185,744.2821,0.2365664,-1.933763E8,1102.073,1.411705E8,1102.073,1.000002,0.2034654,0.007208731,2.811188E-5,0.006334037,4.177776E-5,0.04510352,1.319277E-4,0.001092501,0.03373962,2.072332E-4,8.576683E-5,6.726246E-4,1.929384E-4,0.01533286,9.390185E-4,2.568015E-4,0.01486922,4.726614E-4,1.312943E-4,0.01631628,3.518573E-4,0.007600013,0.001042451,0.00183646,0.02380543,0.0389612,2.663624E-4,0.1602821,0.1176919,0.3008913,9.149414,1.011732E-4,518989.3,518992.0
0.6,8.029529E-4,6.283185,3.141593,6.283185,742.7153,0.2365664,-1.547846E8,1096.132,1.401248E8,1096.132,1.000002,0.2034652,0.008156829,2.442128E-5,0.007143266,3.654641E-5,0.05014668,1.570349E-4,0.00120022,0.03746617,1.959942E-4,9.989539E-5,7.291468E-4,2.664685E-4,0.01678361,0.001080533,2.416959E-4,0.01656698,5.332259E-4,1.65349E-4,0.01794736,3.886115E-4,0.008267175,0.001102569,0.002009613,0.02593518,0.0388845,2.98959E-4,0.156096,0.1134323,0.2904689,9.119289,1.013867E-4,517279.8,517283.1
0.8,0.001072654,6.283185,3.141593,6.283185,740.4509,0.2365664,-1.152453E8,1088.32,1.3875E8,1088.32,1.000002,0.2034543,0.009398731,2.019928E-5,0.008200971,3.048297E-5,0.05649257,1.91175E-4,0.001333921,0.04214545,1.80929E-4,1.188746E-4,7.956103E-4,3.823426E-4,0.01852257,0.001269353,2.219155E-4,0.01870458,6.123228E-4,2.151789E-4,0.01993063,4.333148E-4,0.009049266,0.001171507,0.002217495,0.02846201,0.03879145,3.381752E-4,0.1508695,0.108178,0.2774829,9.08199,1.016967E-4,515164.0,515167.3
1.0,0.001343141,6.283185,3.141593,6.283185,738.3963,0.2365664,-9.04097E7,1081.888,1.376179E8,1081.888,1.000002,0.2034369,0.01040528,1.7262E-5,0.009057712,2.627211E-5,0.06142835,2.196123E-4,0.001437275,0.04578052,1.687039E-4,1.344774E-4,8.438743E-4,4.920493E-4,0.0198068,0.001425092,2.067031E-4,0.02036664,6.763619E-4,2.598396E-4,0.02141801,4.667635E-4,0.009612423,0.001220758,0.002371071,0.03031037,0.03872215,3.671719E-4,0.1468326,0.1041692,0.2674782,9.053434,1.019797E-4,513544.2,513547.4
1.2,0.001614353,6.283185,3.141593,6.283185,736.4845,0.2365664,-7.337485E7,1076.365,1.366458E8,1076.365,1.000002,0.2034168,0.01124854,1.50677E-5,0.009776277,2.312832E-5,0.0654251,2.438003E-4,0.001521092,0.0487234,1.584459E-4,1.475882E-4,8.808192E-4,5.944894E-4,0.02080161,0.001557493,1.943884E-4,0.02171157,7.300091E-4,3.001986E-4,0.02258588,4.929214E-4,0.01003846,0.001258454,0.002489946,0.03173211,0.03866845,3.89624E-4,0.1435799,0.1009715,0.2594358,9.030596,1.022444E-4,512248.8,512252.1
1.4,0.001886254,6.283185,3.141593,6.283185,734.677,0.2365664,-6.108148E7,1071.49,1.357877E8,1071.49,1.000002,0.2033955,0.01197016,1.337182E-5,0.01039259,2.069546E-5,0.06874655,2.646647E-4,0.00159118,0.05117051,1.4963E-4,1.587732E-4,9.100719E-4,6.896539E-4,0.02159685,0.001672328,1.840277E-4,0.02282839,7.759269E-4,3.368959E-4,0.02353087,5.139621E-4,0.01037125,0.001288633,0.002584842,0.03286234,0.03862584,4.075414E-4,0.1408865,0.0983459,0.2527898,9.011809,1.024959E-4,511183.2,511186.5
1.6,0.002158806,6.283185,3.141593,6.283185,732.9476,0.2365664,-5.177481E7,1067.089,1.35013E8,1067.089,1.000002,0.2033741,0.0125996,1.199922E-5,0.01093168,1.872041E-5,0.07157086,2.829268E-4,0.001651356,0.05325367,1.418804E-4,1.684572E-4,9.339431E-4,7.781191E-4,0.02225047,0.001773803,1.75072E-4,0.02377698,8.159897E-4,3.70531E-4,0.02431606,5.313365E-4,0.01063874,0.001313573,0.002662662,0.03378734,0.03859126,4.22229E-4,0.1386024,0.09613505,0.2471636,8.995966,1.027378E-4,510285.0,510289.1
1.644031,0.002218894,6.283185,3.141593,6.283185,732.5756,0.2365664,-5.005003E7,1066.172,1.348517E8,1066.172,1.000002,0.2033694,0.01272772,1.171471E-5,0.01104156,1.831588E-5,0.07213709,2.866432E-4,0.001663506,0.05367174,1.402822E-4,1.704162E-4,9.386169E-4,7.967419E-4,0.02237909,0.001794726,1.732134E-4,0.023967,8.241398E-4,3.775625E-4,0.02447137,5.347609E-4,0.01069057,0.001318477,0.002677934,0.03396871,0.03858454,4.251096E-4,0.1381452,0.0956943,0.2460384,8.992805,1.0279E-4,510106.1,510110.8
1.66725,0.002250593,6.283185,3.141593,6.283185,732.3797,0.2365664,-5.169475E7,1065.695,1.347677E8,1065.695,1.000002,0.2033669,0.01279372,1.15262E-5,0.01109815,1.797306E-5,0.07242862,2.885489E-4,0.00166974,0.05388755,1.393123E-4,1.714257E-4,9.409981E-4,8.064339E-4,0.02244617,0.0018071,1.717945E-4,0.02406436,8.283327E-4,3.812108E-4,0.02455055,5.365089E-4,0.01071664,0.001320903,0.00268572,0.03406074,0.03858119,4.265773E-4,0.1379118,0.09546954,0.2454632,8.99118,1.028175E-4,510018.7,510025.0
1.669803,0.00225408,6.283185,3.141593,6.283185,732.3575,0.2365664,-5.679633E7,1065.641,1.347583E8,1065.641,1.000002,0.2033667,0.01280088,1.139077E-5,0.01110426,1.761403E-5,0.07246097,2.887484E-4,0.001670407,0.0539118,1.390076E-4,1.715356E-4,9.412563E-4,8.074904E-4,0.02245475,0.001809977,1.712501E-4,0.0240747,8.287763E-4,3.816073E-4,0.02455887,5.366996E-4,0.01071916,0.001321139,0.002686544,0.03407012,0.03858089,4.267353E-4,0.1378878,0.09544645,0.2454031,8.991001,1.028206E-4,510013.3,510021.3
1.672479,0.002257735,6.283185,3.141593,6.283185,732.3345,0.2365664,-4.880523E7,1065.587,1.347486E8,1065.587,1.000002,0.2033664,0.01280828,1.13134E-5,0.01111056,1.758333E-5,0.07249337,2.889561E-4,0.001671094,0.05393601,1.388755E-4,1.716502E-4,9.415154E-4,8.085956E-4,0.02246236,0.001811551,1.708237E-4,0.02408558,8.292441E-4,3.820172E-4,0.02456759,5.368938E-4,0.01072194,0.001321353,0.002687413,0.03408016,0.03858055,4.268971E-4,0.1378622,0.09542176,0.2453395,8.990821,1.028238E-4,510004.1,510012.4
1.676466,0.002263179,6.283185,3.141593,6.283185,732.3002,0.2365664,-4.906334E7,1065.504,1.347341E8,1065.504,1.000002,0.2033661,0.01281928,1.125533E-5,0.01111995,1.740655E-5,0.07254272,2.892673E-4,0.001672118,0.05397298,1.385839E-4,1.718208E-4,9.419064E-4,8.102385E-4,0.02247477,0.001815057,1.70117E-4,0.02410168,8.299382E-4,3.826301E-4,0.0245805,5.371824E-4,0.01072598,0.001321667,0.002688698,0.03409491,0.03858007,4.271382E-4,0.1378246,0.09538547,0.2452455,8.990547,1.028286E-4,509993.3,510003.3
1.67701,0.002263921,6.283185,3.141593,6.283185,732.2957,0.2365664,-5.185652E7,1065.493,1.347321E8,1065.493,1.000002,0.203366,0.01282077,1.123124E-5,0.01112121,1.741476E-5,0.07254967,2.893093E-4,0.001672255,0.05397817,1.385745E-4,1.71844E-4,9.419573E-4,8.104622E-4,0.02247668,0.001815739,1.70049E-4,0.02410388,8.300336E-4,3.827136E-4,0.02458227,5.37221E-4,0.01072656,0.001321705,0.002688875,0.03409697,0.03858,4.271704E-4,0.1378193,0.09538042,0.2452325,8.990508,1.028293E-4,509992.2,510002.6
1.677118,0.002264068,6.283185,3.141593,6.283185,732.2948,0.2365664,-5.293759E7,1065.491,1.347317E8,1065.491,1.000002,0.203366,0.01282107,1.122515E-5,0.01112147,1.741427E-5,0.07255113,2.893177E-4,0.001672283,0.05397926,1.385666E-4,1.718486E-4,9.419675E-4,8.105066E-4,0.02247713,0.001815951,1.700293E-4,0.02410431,8.300523E-4,3.827304E-4,0.02458262,5.372287E-4,0.01072667,0.001321713,0.00268891,0.03409737,0.03857998,4.271768E-4,0.1378183,0.09537946,0.24523,8.9905,1.028294E-4,509992.1,510002.6
1.678244,0.002265606,6.283185,3.141593,6.283185,732.2852,0.2365664,-4.841119E7,1065.468,1.347277E8,1065.468,1.000002,0.2033659,0.01282414,1.116367E-5,0.01112408,1.739091E-5,0.07256448,2.894052E-4,0.001672567,0.05398911,1.385293E-4,1.718966E-4,9.42072E-4,8.109692E-4,0.02248018,0.001816486,1.698551E-4,0.02410885,8.302484E-4,3.829016E-4,0.02458624,5.373081E-4,0.01072783,0.001321791,0.002689273,0.03410155,0.03857984,4.272436E-4,0.1378076,0.09536912,0.2452034,8.990426,1.028307E-4,509987.9,509998.5
1.779713,0.002404251,6.283185,3.141593,6.283185,731.4454,0.2365664,-4.522858E7,1063.444,1.343716E8,1063.444,1.000003,0.2033551,0.0131021,1.101172E-5,0.01136288,1.729281E-5,0.07378043,2.974986E-4,0.001698852,0.0548887,1.355449E-4,1.761047E-4,9.51948E-4,8.520522E-4,0.02275174,0.001861586,1.683101E-4,0.02451438,8.480524E-4,3.984726E-4,0.02491611,5.445073E-4,0.01083686,0.001331258,0.002721438,0.03448538,0.03856527,4.332477E-4,0.1368247,0.09442476,0.2427903,8.983653,1.029488E-4,509602.1,509614.3
1.8,0.00243199,6.283185,3.141593,6.283185,731.2789,0.2365664,-4.45252E7,1063.049,1.343021E8,1063.049,1.000003,0.2033529,0.01315567,1.089714E-5,0.01140895,1.712124E-5,0.07401283,2.990526E-4,0.001703903,0.05506054,1.348871E-4,1.769116E-4,9.538168E-4,8.600843E-4,0.02280319,0.001870344,1.675635E-4,0.02459226,8.514641E-4,4.015083E-4,0.02497883,5.458869E-4,0.01085729,0.001333218,0.002727532,0.03455794,0.03856257,4.343879E-4,0.1366372,0.09424486,0.2423296,8.982363,1.029722E-4,509528.9,509541.3
2.0,0.00270579,6.283185,3.141593,6.283185,729.662,0.2365664,-3.87566E7,1059.31,1.336438E8,1059.31,1.000003,0.2033323,0.01365018,9.891693E-6,0.01183589,1.570583E-5,0.07613857,3.133965E-4,0.001750385,0.05663405,1.287184E-4,1.843372E-4,9.705797E-4,9.363443E-4,0.02326641,0.001951895,1.603859E-4,0.02530451,8.829971E-4,4.301457E-4,0.02554704,5.582759E-4,0.01103897,0.001351551,0.002782409,0.03521085,0.03853879,4.446779E-4,0.1349232,0.09260543,0.238121,8.970595,1.032004E-4,508861.3,508873.8
2.2,0.002980187,6.283185,3.141593,6.283185,728.0861,0.2365664,-3.401267E7,1055.806,1.330273E8,1055.806,1.000003,0.2033124,0.01409393,9.065173E-6,0.01222081,1.4512E-5,0.07801148,3.262317E-4,0.001791937,0.05802361,1.230671E-4,1.909319E-4,9.849033E-4,0.001007723,0.0236641,0.002025996,1.540384E-4,0.02593118,9.113112E-4,4.567218E-4,0.02603946,5.688986E-4,0.01119156,0.001367652,0.002829398,0.03577064,0.03851906,4.535087E-4,0.1334143,0.09116922,0.2344202,8.96028,1.034238E-4,508276.3,508288.8
2.4,0.003255172,6.283185,3.141593,6.283185,726.5451,0.2365664,-3.008779E7,1052.5,1.324454E8,1052.5,1.000003,0.2032932,0.01449457,8.346563E-6,0.01257006,1.347351E-5,0.07967378,3.377746E-4,0.001829406,0.0592601,1.178815E-4,1.968159E-4,9.972636E-4,0.001074598,0.02400864,0.002093764,1.482707E-4,0.02648655,9.368929E-4,4.814602E-4,0.02646992,5.780866E-4,0.01132086,0.001381856,0.002869978,0.03625529,0.03850256,4.611327E-4,0.1320757,0.08990072,0.2311403,8.951168,1.036431E-4,507759.4,507772.0
2.6,0.003530735,6.283185,3.141593,6.283185,725.0338,0.2365664,-2.67254E7,1049.359,1.318926E8,1049.359,1.000003,0.2032748,0.01485872,7.730143E-6,0.0128888,1.255786E-5,0.08115932,3.482065E-4,0.001863464,0.06036823,1.130774E-4,2.020922E-4,0.001008031,0.001137348,0.02430995,0.0021561,1.429485E-4,0.02698213,9.601296E-4,5.045541E-4,0.02684936,5.861103E-4,0.01143137,0.001394443,0.002905322,0.03667883,0.0384887,4.677633E-4,0.1308795,0.08877165,0.2282122,8.943056,1.038592E-4,507299.6,507313.2
2.692667,0.003658609,6.283185,3.141593,6.283185,724.3425,0.2365664,-2.544654E7,1047.954,1.316451E8,1047.954,1.000003,0.2032665,0.01501614,7.443662E-6,0.01302716,1.216771E-5,0.08179455,3.526989E-4,0.001878214,0.06084315,1.109827E-4,2.04352E-4,0.00101255,0.001165108,0.02443676,0.00218332,1.406157E-4,0.02719379,9.701817E-4,5.147355E-4,0.02701006,5.894773E-4,0.0114771,0.001399815,0.002920161,0.03685715,0.03848306,4.705422E-4,0.1303679,0.08829014,0.2269607,8.939597,1.039583E-4,507103.5,507117.3
2.8,0.003806882,6.283185,3.141593,6.283185,723.5487,0.2365665,-2.400061E7,1046.362,1.31365E8,1046.362,1.000003,0.2032572,0.01518984,7.152559E-6,0.01318042,1.174424E-5,0.08249087,3.576448E-4,0.00189453,0.06136462,1.086351E-4,2.068297E-4,0.001017443,0.001196234,0.0245742,0.002213589,1.380552E-4,0.02742559,9.812887E-4,5.261274E-4,0.0271851,5.931156E-4,0.01152609,0.001405747,0.002936222,0.03705063,0.03847708,4.735462E-4,0.129807,0.0877632,0.2255891,8.935812,1.040723E-4,506888.8,506902.5
3.0,0.004083578,6.283185,3.141593,6.283185,722.0853,0.2365665,-2.159194E7,1043.481,1.308579E8,1043.481,1.000003,0.2032403,0.01549374,6.652564E-6,0.01344959,1.10142E-5,0.08369721,3.6626E-4,0.001923164,0.06227017,1.044719E-4,2.111231E-4,0.001025787,0.001251764,0.02480907,0.002267058,1.334851E-4,0.0278267,0.001000727,5.463981E-4,0.0274859,5.993139E-4,0.01160844,0.00141602,0.002963591,0.03738153,0.03846723,4.786567E-4,0.128835,0.08685205,0.2232132,8.929268,1.042833E-4,506517.6,506531.2
3.2,0.004360831,6.283185,3.141593,6.283185,720.6417,0.2365665,-1.950497E7,1040.705,1.303692E8,1040.705,1.000003,0.2032243,0.01577299,6.203029E-6,0.01369831,1.0355E-5,0.08479135,3.741259E-4,0.001949614,0.0630943,1.005663E-4,2.150156E-4,0.001033196,0.001304122,0.02501823,0.002316855,1.291995E-4,0.02818989,0.001018595,5.654452E-4,0.02775586,6.048066E-4,0.01168007,0.001425348,0.00298787,0.03767664,0.03845895,4.831775E-4,0.1279527,0.08602758,0.221058,8.923349,1.044922E-4,506181.8,506195.4
3.4,0.004638637,6.283185,3.141593,6.283185,719.2157,0.2365665,-1.768392E7,1038.02,1.298968E8,1038.02,1.000003,0.203209,0.01603018,5.796775E-6,0.01392868,9.756531E-6,0.08578643,3.81321E-4,0.001974126,0.0638465,9.689013E-5,2.185517E-4,0.001039798,0.001353544,0.02520516,0.002363347,1.251701E-4,0.02851961,0.001035056,5.833658E-4,0.02799893,6.096866E-4,0.01174253,0.001433847,0.003009477,0.03794085,0.038452,4.87188E-4,0.1271496,0.08527922,0.2190973,8.917979,1.046993E-4,505877.1,505890.7
3.6,0.004916991,6.283185,3.141593,6.283185,717.8057,0.2365665,-1.608427E7,1035.418,1.294387E8,1035.418,1.000004,0.2031943,0.01626763,5.427709E-6,0.0141426,9.210214E-6,0.0866942,3.879168E-4,0.001996921,0.06453528,9.34186E-5,2.217717E-4,0.001045705,0.001400253,0.02537287,0.002406872,1.213663E-4,0.02881985,0.001050257,6.002511E-4,0.02821863,6.140365E-4,0.01179717,0.001441623,0.003028779,0.03817844,0.03844622,4.907585E-4,0.1264162,0.08459758,0.2173075,8.91309,1.04905E-4,505599.8,505613.3
3.8,0.00519589,6.283185,3.141593,6.283185,716.4099,0.2365665,-1.46707E7,1032.886,1.289932E8,1032.886,1.000004,0.2031804,0.01648748,5.090868E-6,0.01434183,8.709049E-6,0.0875253,3.939793E-4,0.002018198,0.06516831,9.013067E-5,2.247125E-4,0.001051017,0.001444463,0.02552408,0.002447733,1.177614E-4,0.02909422,0.001064334,6.161865E-4,0.02841809,6.179302E-4,0.01184519,0.001448764,0.003046105,0.0383932,0.03844141,4.939513E-4,0.1257439,0.08397423,0.2156675,8.908623,1.051094E-4,505346.4,505359.9
4.0,0.00547533,6.283185,3.141593,6.283185,715.0271,0.2365665,-1.341456E7,1030.419,1.285589E8,1030.419,1.000004,0.2031671,0.01669151,4.782147E-6,0.01452779,8.247285E-6,0.08828836,3.995632E-4,0.002038117,0.06575181,8.700862E-5,2.274048E-4,0.001055811,0.001486361,0.02566094,0.002486184,1.143345E-4,0.02934566,0.001077397,6.31246E-4,0.02859983,6.214266E-4,0.01188752,0.001455346,0.003061714,0.03858812,0.03843746,4.968163E-4,0.1251258,0.08340234,0.2141601,8.904527,1.053127E-4,505114.1,505127.5
4.2,0.005755308,6.283185,3.141593,6.283185,713.656,0.2365665,-1.229456E7,1028.009,1.281346E8,1028.009,1.000004,0.2031544,0.01688114,4.49828E-6,0.01470166,7.820315E-6,0.0889903,4.047137E-4,0.002056805,0.06629075,8.403786E-5,2.298733E-4,0.001060148,0.001526107,0.0257851,0.002522429,1.110688E-4,0.02957651,0.001089539,6.454919E-4,0.0287658,6.245719E-4,0.01192488,0.001461425,0.003075809,0.03876553,0.03843425,4.993921E-4,0.1245563,0.08287655,0.2127717,8.900765,1.05515E-4,504900.7,504914.0
4.4,0.006035823,6.283185,3.141593,6.283185,712.2959,0.2365665,-1.128992E7,1025.65,1.277196E8,1025.65,1.000004,0.2031423,0.01705762,4.236415E-6,0.01486442,7.42426E-6,0.08963695,4.094691E-4,0.002074372,0.06678933,8.120606E-5,2.321392E-4,0.00106408,0.001563841,0.02589795,0.002556642,1.079493E-4,0.02978874,0.001100837,6.589792E-4,0.02891764,6.274048E-4,0.01195788,0.001467049,0.003088556,0.03892735,0.03843168,5.017111E-4,0.1240308,0.08239233,0.2114909,8.897304,1.057165E-4,504704.3,504717.6
4.6,0.006316871,6.283185,3.141593,6.283185,710.9459,0.2365665,-1.03853E7,1023.339,1.273128E8,1023.339,1.000004,0.2031308,0.0172221,3.994248E-6,0.01501703,7.055862E-6,0.0902338,4.138661E-4,0.002090917,0.06725149,7.850217E-5,2.342225E-4,0.001067654,0.001599699,0.0260008,0.002588989,1.049628E-4,0.02998424,0.001111366,6.717604E-4,0.02905689,6.299614E-4,0.01198706,0.001472264,0.003100114,0.03907536,0.03842969,5.038036E-4,0.1235449,0.08194542,0.2103069,8.894112,1.059172E-4,504523.2,504536.6
4.8,0.006598453,6.283185,3.141593,6.283185,709.6053,0.2365665,-9569721.0,1021.071,1.269136E8,1021.071,1.000004,0.2031198,0.01737559,3.76982E-6,0.0151603,6.712324E-6,0.09078552,4.179359E-4,0.002106527,0.06768056,7.59166E-5,2.361401E-4,0.001070908,0.0016338,0.02609472,0.002619612,1.020979E-4,0.03016457,0.001121189,6.83882E-4,0.02918484,6.322717E-4,0.01201288,0.001477106,0.003110613,0.03921105,0.03842819,5.056945E-4,0.1230949,0.08153224,0.2092106,8.891164,1.061173E-4,504356.0,504369.3
5.0,0.006880565,6.283185,3.141593,6.283185,708.2734,0.2365665,-8834002.0,1018.842,1.265213E8,1018.842,1.000004,0.2031093,0.01751899,3.561353E-6,0.01529496,6.391129E-6,0.09129623,4.217068E-4,0.002121279,0.06807954,7.344063E-5,2.379074E-4,0.001073876,0.001666254,0.02618065,0.002648639,9.934489E-5,0.03033115,0.001130363,6.953866E-4,0.02930261,6.343623E-4,0.01203574,0.001481609,0.003120166,0.03933572,0.03842712,5.074058E-4,0.1226776,0.08114961,0.2081938,8.888438,1.063169E-4,504201.4,504214.6
5.2,0.007163206,6.283185,3.141593,6.283185,706.9496,0.2365665,-8165744.0,1016.649,1.261353E8,1016.649,1.000004,0.2030993,0.01765314,3.367038E-6,0.01542168,6.089891E-6,0.09176981,4.252052E-4,0.002135241,0.06845116,7.106615E-5,2.395385E-4,0.001076591,0.001697166,0.02625947,0.002676188,9.66951E-5,0.03048528,0.001138942,7.063146E-4,0.02941125,6.362577E-4,0.01205601,0.001485805,0.003128878,0.03945057,0.03842643,5.089579E-4,0.1222898,0.0807946,0.2072492,8.885911,1.06516E-4,504058.0,504071.3
5.4,0.007446375,6.283185,3.141593,6.283185,705.6334,0.2365665,-7553545.0,1014.489,1.257551E8,1014.489,1.000004,0.2030898,0.01777874,3.185599E-6,0.01554104,5.806972E-6,0.09220936,4.284529E-4,0.002148474,0.06879768,6.878663E-5,2.410452E-4,0.001079077,0.001726627,0.02633185,0.002702357,9.41415E-5,0.03062802,0.001146971,7.167008E-4,0.02951159,6.379771E-4,0.01207396,0.001489717,0.003136833,0.03955652,0.03842608,5.103666E-4,0.121929,0.08046486,0.2063706,8.883567,1.067146E-4,503925.1,503938.3
5.6,0.007730072,6.283185,3.141593,6.283185,704.3244,0.2365665,-6994818.0,1012.359,1.253802E8,1012.359,1.000005,0.2030807,0.01789645,3.016182E-6,0.01565358,5.541126E-6,0.09261786,4.314711E-4,0.002161033,0.06912123,6.659635E-5,2.424384E-4,0.001081357,0.001754722,0.02639845,0.002727241,9.167754E-5,0.03076038,0.001154493,7.265785E-4,0.02960441,6.395388E-4,0.01208987,0.001493368,0.003144108,0.03965446,0.03842601,5.116472E-4,0.121593,0.08015811,0.2055522,8.88139,1.06913E-4,503801.5,503814.7
5.8,0.008014295,6.283185,3.141593,6.283185,703.0222,0.2365665,-6487506.0,1010.257,1.250102E8,1010.257,1.000005,0.203072,0.01800686,2.857884E-6,0.01575976,5.290965E-6,0.09299789,4.342778E-4,0.002172965,0.06942364,6.449038E-5,2.437278E-4,0.001083452,0.00178153,0.02645981,0.002750921,8.9297E-5,0.03088323,0.001161544,7.359778E-4,0.02969039,6.409584E-4,0.01210394,0.00149678,0.00315077,0.03974514,0.03842619,5.128122E-4,0.1212797,0.07987245,0.2047892,8.879364,1.07111E-4,503686.6,503699.8
6.0,0.008299044,6.283185,3.141593,6.283185,701.7264,0.2365665,-6028408.0,1008.181,1.246448E8,1008.181,1.000005,0.2030637,0.01811049,2.709622E-6,0.01586003,5.054837E-6,0.09335172,4.368891E-4,0.002184311,0.06970656,6.246395E-5,2.44922E-4,0.001085378,0.001807123,0.02651641,0.002773474,8.699398E-5,0.03099735,0.001168158,7.449263E-4,0.02977011,6.422498E-4,0.01211639,0.001499973,0.003156876,0.03982922,0.0384266,5.138729E-4,0.1209873,0.07960614,0.2040771,8.877479,1.073088E-4,503579.7,503592.8
6.2,0.008584318,6.283185,3.141593,6.283185,700.4367,0.2365665,-5605859.0,1006.128,1.242836E8,1006.128,1.000005,0.2030558,0.01820785,2.570339E-6,0.01595478,4.831497E-6,0.09368154,4.39321E-4,0.002195112,0.06997156,6.051134E-5,2.460292E-4,0.001087152,0.001831569,0.02656871,0.002794969,8.476421E-5,0.03110348,0.001174368,7.534503E-4,0.02984415,6.434258E-4,0.01212739,0.001502961,0.003162481,0.03990731,0.03842719,5.1484E-4,0.120714,0.07935755,0.2034117,8.875722,1.075064E-4,503480.0,503493.1
6.4,0.008870116,6.283185,3.141593,6.283185,699.1528,0.2365665,-5206602.0,1004.099,1.239264E8,1004.099,1.000005,0.2030483,0.01829938,2.438914E-6,0.01604439,4.619628E-6,0.09398927,4.415877E-4,0.002205407,0.07021999,5.862708E-5,2.470565E-4,0.001088789,0.00185493,0.02661711,0.002815467,8.260398E-5,0.03120226,0.001180203,7.615739E-4,0.02991298,6.444973E-4,0.0121371,0.001505758,0.003167632,0.03997992,0.03842795,5.157229E-4,0.1204584,0.07912529,0.2027893,8.874083,1.077038E-4,503387.0,503400.1
6.6,0.009156438,6.283185,3.141593,6.283185,697.8744,0.2365664,-4841046.0,1002.09,1.235728E8,1002.09,1.000005,0.2030411,0.01838547,2.315317E-6,0.01612917,4.418926E-6,0.09427653,4.437006E-4,0.002215224,0.07045305,5.681016E-5,2.480101E-4,0.0010903,0.001877263,0.02666192,0.002835028,8.050887E-5,0.03129425,0.001185687,7.693187E-4,0.02997701,6.454741E-4,0.01214564,0.00150838,0.003172369,0.04004754,0.03842886,5.165288E-4,0.1202192,0.07890811,0.2022068,8.872552,1.079011E-4,503300.2,503313.3
6.8,0.009443285,6.283185,3.141593,6.283185,696.6013,0.2365664,-4506757.0,1000.101,1.232227E8,1000.101,1.000005,0.2030342,0.01846646,2.199125E-6,0.0162094,4.228887E-6,0.09454477,4.456703E-4,0.002224589,0.07067176,5.505793E-5,2.488954E-4,0.001091695,0.001898622,0.02670344,0.0028537,7.847589E-5,0.03137993,0.001190842,7.767044E-4,0.03003661,6.463642E-4,0.01215314,0.001510839,0.003176726,0.04011052,0.03842989,5.172641E-4,0.1199952,0.07870495,0.2016614,8.871123,1.080983E-4,503219.1,503232.2
7.0,0.009730655,6.283185,3.141593,6.283185,695.3333,0.2365664,-4199806.0,998.1302,1.228758E8,998.1302,1.000005,0.2030276,0.0185427,2.089746E-6,0.01628538,4.048703E-6,0.09479543,4.475076E-4,0.002233531,0.07087718,5.336679E-5,2.49718E-4,0.001092984,0.001919056,0.02674194,0.002871535,7.650212E-5,0.03145979,0.001195691,7.837506E-4,0.03009214,6.471757E-4,0.01215968,0.001513146,0.003180736,0.04016927,0.03843102,5.179356E-4,0.1197852,0.07851476,0.2011503,8.869787,1.082954E-4,503143.3,503156.4
7.2,0.01001855,6.283185,3.141593,6.283185,694.0702,0.2365664,-3915476.0,996.1767,1.22532E8,996.1767,1.000005,0.2030214,0.01861451,1.986541E-6,0.01635736,3.877478E-6,0.09502985,4.492224E-4,0.002242076,0.07107026,5.173273E-5,2.504828E-4,0.001094177,0.001938614,0.02677769,0.002888576,7.458496E-5,0.03153429,0.001200255,7.904757E-4,0.03014391,6.479162E-4,0.01216539,0.001515313,0.003184431,0.04022414,0.03843225,5.185493E-4,0.1195884,0.07833653,0.2006711,8.868537,1.084925E-4,503072.4,503085.5
7.4,0.01030697,6.283185,3.141593,6.283185,692.8118,0.2365664,-3653392.0,994.2395,1.22191E8,994.2395,1.000005,0.2030154,0.01868217,1.889215E-6,0.01642558,3.714794E-6,0.09524913,4.508228E-4,0.002250243,0.07125179,5.01535E-5,2.511939E-4,0.001095281,0.001957337,0.0268109,0.002904865,7.272213E-5,0.03160379,0.001204551,7.968957E-4,0.03019221,6.485914E-4,0.01217034,0.001517349,0.003187836,0.0402754,0.03843355,5.191099E-4,0.1194037,0.07816946,0.2002214,8.867368,1.086896E-4,503006.1,503019.2
7.6,0.01059591,6.283185,3.141593,6.283185,691.5579,0.2365664,-3410212.0,992.3176,1.218528E8,992.3176,1.000005,0.2030097,0.01874596,1.797217E-6,0.01649026,3.559961E-6,0.09545444,4.523176E-4,0.002258058,0.07142263,4.862609E-5,2.518557E-4,0.001096304,0.001975269,0.02684178,0.002920442,7.091088E-5,0.0316687,0.001208597,8.030271E-4,0.03023731,6.492078E-4,0.0121746,0.001519262,0.003190977,0.04032336,0.03843492,5.196226E-4,0.1192303,0.07801271,0.1997993,8.866272,1.088867E-4,502944.0,502957.0
7.8,0.01088537,6.283185,3.141593,6.283185,690.3084,0.2365664,-3183452.0,990.4101,1.215171E8,990.4101,1.000006,0.2030042,0.01880611,1.71018E-6,0.01655161,3.412467E-6,0.09564667,4.537137E-4,0.002265538,0.07158342,4.71479E-5,2.524716E-4,0.001097252,0.001992445,0.02687051,0.00293534,6.914936E-5,0.03172931,0.001212409,8.088838E-4,0.03027944,6.497699E-4,0.01217824,0.001521061,0.003193875,0.04036824,0.03843634,5.200914E-4,0.1190674,0.0778656,0.1994028,8.865246,1.090838E-4,502885.8,502898.8
8.0,0.01117536,6.283185,3.141593,6.283185,689.0631,0.2365664,-2973447.0,988.5163,1.211837E8,988.5163,1.000006,0.202999,0.01886286,1.627873E-6,0.01660983,3.271998E-6,0.09582683,4.550186E-4,0.002272702,0.07173489,4.571776E-5,2.530452E-4,0.001098132,0.002008905,0.02689728,0.002949595,6.743511E-5,0.03178595,0.001216002,8.144804E-4,0.03031883,6.502831E-4,0.01218133,0.001522752,0.00319655,0.04041029,0.0384378,5.205204E-4,0.1189143,0.07772741,0.1990301,8.864284,1.092809E-4,502831.2,502844.3
8.2,0.01146587,6.283185,3.141593,6.283185,687.822,0.2365664,-2778972.0,986.6354,1.208527E8,986.6354,1.000006,0.2029941,0.01891642,1.549994E-6,0.01666509,3.138152E-6,0.0959957,4.562381E-4,0.002279569,0.0718776,4.433384E-5,2.535795E-4,0.00109895,0.002024681,0.02692221,0.002963237,6.576624E-5,0.0318389,0.00121939,8.198294E-4,0.03035566,6.507513E-4,0.01218391,0.00152434,0.00319902,0.0404497,0.0384393,5.20913E-4,0.1187703,0.07759758,0.1986797,8.863382,1.094781E-4,502780.0,502793.1
8.4,0.0117569,6.283185,3.141593,6.283185,686.5848,0.2365664,-2598411.0,984.7668,1.205238E8,984.7668,1.000006,0.2029893,0.01896699,1.476278E-6,0.01671756,3.010509E-6,0.09615407,4.573784E-4,0.002286153,0.07201214,4.299458E-5,2.540774E-4,0.00109971,0.002039806,0.02694547,0.002976296,6.414114E-5,0.03188843,0.001222585,8.249434E-4,0.03039014,6.511787E-4,0.01218605,0.001525835,0.003201303,0.04048668,0.03844082,5.212723E-4,0.1186349,0.07747551,0.1983501,8.862536,1.096753E-4,502732.0,502745.1
8.6,0.01204846,6.283185,3.141593,6.283185,685.3516,0.2365664,-2430489.0,982.9099,1.20197E8,982.9099,1.000006,0.2029848,0.01901475,1.406501E-6,0.01676739,2.88869E-6,0.09630266,4.584446E-4,0.002292467,0.07213903,4.16987E-5,2.545416E-4,0.001100416,0.002054311,0.02696717,0.002988801,6.255837E-5,0.03193476,0.001225599,8.298339E-4,0.03042242,6.515691E-4,0.01218778,0.001527242,0.003203413,0.0405214,0.03844236,5.216012E-4,0.1185074,0.07736068,0.1980399,8.861741,1.098727E-4,502686.9,502700.1
8.8,0.01234054,6.283185,3.141593,6.283185,684.1221,0.2365664,-2274179.0,981.064,1.198721E8,981.064,1.000006,0.2029804,0.01905986,1.340442E-6,0.01681473,2.772388E-6,0.09644211,4.594417E-4,0.002298525,0.07225875,4.04446E-5,2.549745E-4,0.001101074,0.002068225,0.02698744,0.003000778,6.101652E-5,0.03197812,0.001228444,8.345118E-4,0.03045265,6.519255E-4,0.01218915,0.001528567,0.003205364,0.04055402,0.03844391,5.219022E-4,0.1183874,0.07725262,0.1977479,8.860994,1.100702E-4,502644.6,502657.8
9.0,0.01263315,6.283185,3.141593,6.283185,682.8963,0.2365664,-2128244.0,979.2287,1.19549E8,979.2287,1.000006,0.2029763,0.01910251,1.27781E-6,0.01685971,2.661282E-6,0.09657306,4.603744E-4,0.002304339,0.07237176,3.922937E-5,2.553783E-4,0.001101686,0.002081575,0.02700637,0.003012252,5.951436E-5,0.03201871,0.001231129,8.389874E-4,0.030481,6.52251E-4,0.0121902,0.001529816,0.003207169,0.04058469,0.03844546,5.221779E-4,0.1182743,0.07715087,0.1974727,8.860293,1.102677E-4,502604.8,502618.1
9.2,0.01292629,6.283185,3.141593,6.283185,681.6741,0.2365664,-1991671.0,977.4035,1.192278E8,977.4035,1.000006,0.2029724,0.01914281,1.21841E-6,0.01690246,2.555098E-6,0.09669604,4.612469E-4,0.002309921,0.07247846,3.805133E-5,2.557551E-4,0.001102256,0.002094386,0.02702407,0.003023244,5.805081E-5,0.03205673,0.001233664,8.432702E-4,0.03050756,6.525481E-4,0.01219095,0.001530996,0.003208838,0.04061353,0.03844702,5.224302E-4,0.1181677,0.07705505,0.1972135,8.859634,1.104655E-4,502567.4,502580.8
9.4,0.01321994,6.283185,3.141593,6.283185,680.4554,0.2365664,-1864374.0,975.588,1.189082E8,975.588,1.000006,0.2029686,0.01918093,1.162004E-6,0.01694311,2.45358E-6,0.0968116,4.620634E-4,0.002315282,0.07257924,3.690865E-5,2.561069E-4,0.001102787,0.002106682,0.02704063,0.003033777,5.662399E-5,0.03209234,0.001236058,8.473694E-4,0.03053249,6.528195E-4,0.01219145,0.00153211,0.003210383,0.04064068,0.03844857,5.226612E-4,0.1180673,0.07696476,0.1969692,8.859014,1.106633E-4,502532.3,502545.7
9.6,0.01351413,6.283185,3.141593,6.283185,679.2401,0.2365664,-1745666.0,973.7816,1.185903E8,973.7816,1.000006,0.202965,0.01921698,1.108379E-6,0.01698175,2.356498E-6,0.09692018,4.628274E-4,0.002320433,0.07267444,3.579917E-5,2.564352E-4,0.001103283,0.002118488,0.02705612,0.003043872,5.523272E-5,0.03212571,0.001238318,8.512933E-4,0.03055587,6.530672E-4,0.0121917,0.001533162,0.003211813,0.04066623,0.03845011,5.228727E-4,0.1179725,0.07687966,0.1967389,8.858431,1.108613E-4,502499.3,502512.7
9.8,0.01380884,6.283185,3.141593,6.283185,678.0283,0.2365664,-1635108.0,971.9842,1.18274E8,971.9842,1.000006,0.2029615,0.01925108,1.057396E-6,0.01701851,2.263561E-6,0.09702224,4.635423E-4,0.002325384,0.0727644,3.472331E-5,2.567418E-4,0.001103745,0.002129823,0.02707062,0.003053547,5.387544E-5,0.03215698,0.001240454,8.550502E-4,0.03057782,6.532934E-4,0.01219175,0.001534155,0.003213136,0.0406903,0.03845164,5.230662E-4,0.1178832,0.07679943,0.1965216,8.857883,1.110594E-4,502468.2,502481.7
10.0,0.01410407,6.283185,3.141593,6.283185,676.8197,0.2365664,-1532328.0,970.1952,1.179591E8,970.1952,1.000007,0.2029582,0.01928335,1.008935E-6,0.01705346,2.174486E-6,0.09711821,4.642113E-4,0.002330145,0.07284943,3.368204E-5,2.570282E-4,0.001104177,0.00214071,0.02708421,0.003062821,5.255052E-5,0.03218629,0.001242472,8.586478E-4,0.03059843,6.535E-4,0.01219161,0.001535091,0.003214361,0.04071299,0.03845316,5.232433E-4,0.1177988,0.07672376,0.1963167,8.857366,1.112577E-4,502438.9,502452.6
10.2,0.01439984,6.283185,3.141593,6.283185,675.6144,0.2365664,-1436838.0,968.4144,1.176457E8,968.4144,1.000007,0.2029551,0.01931388,9.628266E-7,0.01708672,2.089059E-6,0.09720845,4.648372E-4,0.002334723,0.07292983,3.267486E-5,2.572958E-4,0.00110458,0.002151168,0.02709694,0.003071711,5.125654E-5,0.03221377,0.001244379,8.620934E-4,0.03061778,6.536887E-4,0.0121913,0.001535974,0.003215495,0.04073437,0.03845467,5.234053E-4,0.1177193,0.07665237,0.1961233,8.856881,1.114562E-4,502411.4,502425.2
10.4,0.01469613,6.283185,3.141593,6.283185,674.4123,0.2365664,-1347927.0,966.6415,1.173336E8,966.6415,1.000007,0.2029521,0.01934277,9.188112E-7,0.01711835,2.007171E-6,0.09729333,4.654229E-4,0.002339126,0.07300585,3.169889E-5,2.575458E-4,0.001104956,0.002161215,0.02710887,0.003080235,4.999244E-5,0.03223954,0.001246182,8.653937E-4,0.03063596,6.538608E-4,0.01219084,0.00153681,0.003216544,0.04075453,0.03845615,5.235535E-4,0.1176441,0.07658502,0.1959409,8.856423,1.116549E-4,502385.5,502399.4
10.6,0.01499295,6.283185,3.141593,6.283185,673.2133,0.2365664,-1264919.0,964.8762,1.170229E8,964.8762,1.000007,0.2029492,0.01937012,8.767098E-7,0.01714845,1.928622E-6,0.09737319,4.659708E-4,0.002343361,0.07307775,3.075311E-5,2.577794E-4,0.001105308,0.002170868,0.02712005,0.003088406,4.875673E-5,0.03226371,0.001247885,8.685554E-4,0.03065303,6.540175E-4,0.01219025,0.001537601,0.003217517,0.04077355,0.03845762,5.236889E-4,0.1175732,0.07652145,0.1957686,8.855993,1.118538E-4,502361.1,502375.1
10.8,0.01529029,6.283185,3.141593,6.283185,672.0174,0.2365664,-1186911.0,963.1182,1.167135E8,963.1182,1.000007,0.2029465,0.01939599,8.363969E-7,0.01717708,1.852978E-6,0.09744831,4.664832E-4,0.002347433,0.07314576,2.983408E-5,2.579978E-4,0.001105636,0.002180144,0.02713054,0.00309624,4.754662E-5,0.03228638,0.001249495,8.715842E-4,0.03066908,6.541602E-4,0.01218954,0.001538352,0.003218417,0.0407915,0.03845906,5.238127E-4,0.1175062,0.07646144,0.195606,8.855588,1.120528E-4,502338.1,502352.2
11.0,0.01558817,6.283185,3.141593,6.283185,670.8246,0.2365664,-1119772.0,961.3673,1.164053E8,961.3673,1.000007,0.2029438,0.01942047,7.976716E-7,0.01720433,1.779922E-6,0.09751898,4.669623E-4,0.002351349,0.07321009,2.893725E-5,2.58202E-4,0.001105943,0.002189059,0.02714037,0.003103749,4.635982E-5,0.03230765,0.001251017,8.744859E-4,0.03068416,6.542898E-4,0.01218873,0.001539067,0.00321925,0.04080844,0.03846048,5.239257E-4,0.117443,0.0764048,0.1954525,8.855206,1.122521E-4,502316.5,502330.6
11.2,0.01588657,6.283185,3.141593,6.283185,669.6347,0.2365664,-1057084.0,959.6232,1.160983E8,959.6232,1.000007,0.2029413,0.01944364,7.608103E-7,0.01723024,1.70952E-6,0.09758548,4.674103E-4,0.002355117,0.07327095,2.806715E-5,2.583931E-4,0.00110623,0.002197626,0.0271496,0.003110948,4.519625E-5,0.03232761,0.001252455,8.77266E-4,0.03069833,6.544079E-4,0.01218783,0.001539744,0.003220022,0.04082442,0.03846187,5.240288E-4,0.1173832,0.07635132,0.1953075,8.854846,1.124515E-4,502296.1,502310.2
11.4,0.01618551,6.283185,3.141593,6.283185,668.4478,0.2365664,-992144.8,957.8858,1.157925E8,957.8858,1.000007,0.2029389,0.01946556,7.258991E-7,0.01725489,1.641583E-6,0.09764803,4.67829E-4,0.002358741,0.07332853,2.722287E-5,2.585718E-4,0.001106498,0.002205861,0.02715827,0.003117849,4.405431E-5,0.03234633,0.001253814,8.799293E-4,0.03071165,6.545153E-4,0.01218685,0.001540383,0.003220736,0.04083952,0.03846324,5.241228E-4,0.1173268,0.07630082,0.1951706,8.854508,1.126512E-4,502276.9,502291.0
11.6,0.01648498,6.283185,3.141593,6.283185,667.2639,0.2365664,-925077.3,956.1548,1.154879E8,956.1548,1.000007,0.2029367,0.0194863,6.927974E-7,0.01727833,1.576295E-6,0.09770687,4.682201E-4,0.002362228,0.07338298,2.640521E-5,2.58739E-4,0.001106749,0.002213776,0.0271664,0.003124462,4.293469E-5,0.03236389,0.001255098,8.824805E-4,0.03072417,6.54613E-4,0.01218581,0.001540986,0.003221397,0.04085376,0.03846458,5.242084E-4,0.1172735,0.07625315,0.1950415,8.854189,1.128511E-4,502258.8,502272.9
11.8,0.01678497,6.283185,3.141593,6.283185,666.0828,0.2365664,-858250.5,954.4302,1.151843E8,954.4302,1.000007,0.2029345,0.01950593,6.612958E-7,0.01730062,1.513851E-6,0.09776221,4.685853E-4,0.002365582,0.07343449,2.561486E-5,2.588954E-4,0.001106984,0.002221383,0.02717404,0.003130799,4.183822E-5,0.03238037,0.001256311,8.849244E-4,0.03073593,6.547018E-4,0.01218471,0.001541553,0.003222008,0.04086721,0.03846589,5.242863E-4,0.1172232,0.07620815,0.1949195,8.853889,1.130512E-4,502241.8,502255.9
12.0,0.0170855,6.283185,3.141593,6.283185,664.9046,0.2365664,-805817.8,952.7116,1.148818E8,952.7116,1.000007,0.2029324,0.01952452,6.315167E-7,0.01732182,1.454012E-6,0.09781425,4.689262E-4,0.002368808,0.07348321,2.485045E-5,2.590418E-4,0.001107203,0.002228694,0.02718122,0.003136871,4.076343E-5,0.03239583,0.001257457,8.872656E-4,0.03074698,6.547826E-4,0.01218357,0.001542087,0.003222573,0.04087991,0.03846718,5.24357E-4,0.1171756,0.07616565,0.1948044,8.853606,1.132515E-4,502225.7,502239.8
12.2,0.01738656,6.283185,3.141593,6.283185,663.7292,0.2365664,-757192.1,950.9989,1.145804E8,950.9989,1.000008,0.2029304,0.01954214,6.03531E-7,0.01734198,1.396522E-6,0.09786319,4.692442E-4,0.002371908,0.0735293,2.41098E-5,2.591787E-4,0.001107407,0.002235721,0.02718798,0.003142689,3.970901E-5,0.03241033,0.001258538,8.895081E-4,0.03075736,6.548564E-4,0.01218238,0.001542589,0.003223096,0.0408919,0.03846844,5.244211E-4,0.1171307,0.07612552,0.1946957,8.85334,1.13452E-4,502210.7,502224.8
12.4,0.01768816,6.283185,3.141593,6.283185,662.5566,0.2365664,-712308.4,949.292,1.1428E8,949.292,1.000008,0.2029285,0.01955882,5.739346E-7,0.01736114,1.338687E-6,0.09790923,4.695407E-4,0.002374887,0.0735729,2.338042E-5,2.593069E-4,0.001107599,0.002242475,0.02719433,0.003148263,3.867065E-5,0.03242394,0.001259559,8.916564E-4,0.03076712,6.549234E-4,0.01218117,0.001543069,0.003223579,0.04090322,0.03846966,5.244791E-4,0.1170883,0.07608764,0.1945931,8.853089,1.136528E-4,502196.5,502210.6
12.6,0.01799028,6.283185,3.141593,6.283185,661.3868,0.2365664,-669394.9,947.5905,1.139805E8,947.5905,1.000008,0.2029267,0.01957468,5.580541E-7,0.01737949,1.308181E-6,0.09795292,4.698233E-4,0.002377775,0.07361441,2.268562E-5,2.594269E-4,0.00110778,0.002248973,0.0272003,0.003153599,3.776807E-5,0.03243672,0.001260533,8.937238E-4,0.03077637,6.549833E-4,0.0121799,0.00154353,0.003224029,0.04091399,0.03847084,5.245317E-4,0.117048,0.07605161,0.1944954,8.852851,1.138539E-4,502183.0,502197.2
12.8,0.01829295,6.283185,3.141593,6.283185,660.2197,0.2365664,-621779.5,945.894,1.136819E8,945.894,1.000008,0.2029249,0.01959,5.419139E-7,0.01739719,1.267451E-6,0.09799466,4.700897E-4,0.002380597,0.07365416,2.201051E-5,2.595388E-4,0.001107955,0.002255239,0.02720601,0.003158735,3.700547E-5,0.03244883,0.001261466,8.95715E-4,0.03078519,6.550418E-4,0.01217861,0.001544002,0.00322445,0.04092433,0.03847197,5.245807E-4,0.1170093,0.07601706,0.194402,8.852623,1.140551E-4,502170.2,502184.8
13.0,0.01859614,6.283185,3.141593,6.283185,659.0553,0.2365664,-583168.8,944.2031,1.133843E8,944.2031,1.000008,0.2029232,0.01960456,5.078941E-7,0.01741403,1.200736E-6,0.09803389,4.703367E-4,0.002383313,0.07369176,2.134169E-5,2.596439E-4,0.001108119,0.002261279,0.0272114,0.003163686,3.613078E-5,0.03246025,0.001262346,8.976272E-4,0.03079349,6.550979E-4,0.0121773,0.001544451,0.003224838,0.0409341,0.0384731,5.246257E-4,0.1169728,0.07598446,0.1943138,8.852409,1.142566E-4,502158.2,502173.2
13.2,0.01889988,6.283185,3.141593,6.283185,657.8936,0.2365664,-554408.1,942.5176,1.130876E8,942.5176,1.000008,0.2029217,0.01961804,4.849244E-7,0.01742983,1.156517E-6,0.09807033,4.705633E-4,0.002385891,0.07372698,2.070201E-5,2.597426E-4,0.001108268,0.002267083,0.02721639,0.003168428,3.511004E-5,0.03247091,0.001263168,8.994527E-4,0.03080118,6.551452E-4,0.01217599,0.001544851,0.003225193,0.04094321,0.03847422,5.246656E-4,0.1169387,0.07595403,0.1942314,8.85221,1.144584E-4,502146.9,502161.9
13.4,0.01920415,6.283185,3.141593,6.283185,656.7346,0.2365664,-520950.7,940.8372,1.127919E8,940.8372,1.000008,0.2029201,0.01963091,4.645764E-7,0.01744494,1.114232E-6,0.09810482,4.70776E-4,0.002388384,0.07376047,2.007907E-5,2.59835E-4,0.00110841,0.002272669,0.02722111,0.003172966,3.419593E-5,0.03248093,0.001263949,9.012045E-4,0.03080846,6.551889E-4,0.01217467,0.001545244,0.003225523,0.04095187,0.03847529,5.247019E-4,0.1169063,0.07592511,0.1941532,8.852021,1.146604E-4,502136.2,502151.4
13.6,0.01950895,6.283185,3.141593,6.283185,655.5782,0.2365664,-489452.0,939.1618,1.12497E8,939.1618,1.000008,0.2029187,0.01964311,4.395387E-7,0.01745935,1.064547E-6,0.09813739,4.709751E-4,0.002390792,0.07379225,1.94729E-5,2.599216E-4,0.001108543,0.002278045,0.02722555,0.003177313,3.332932E-5,0.03249035,0.001264689,9.028857E-4,0.03081533,6.552286E-4,0.01217335,0.001545623,0.003225829,0.04096008,0.03847634,5.247348E-4,0.1168755,0.0758977,0.1940791,8.851843,1.148626E-4,502126.1,502141.4
13.8,0.01981429,6.283185,3.141593,6.283185,654.4245,0.2365664,-455153.8,937.4911,1.122029E8,937.4911,1.000008,0.2029173,0.01965477,4.212708E-7,0.01747314,1.024521E-6,0.09816824,4.711619E-4,0.002393121,0.07382249,1.888832E-5,2.600026E-4,0.001108669,0.002283222,0.02722977,0.003181481,3.2536E-5,0.03249923,0.001265393,9.045002E-4,0.03082184,6.552656E-4,0.01217202,0.001545996,0.003226113,0.04096791,0.03847735,5.247647E-4,0.1168463,0.07587162,0.1940087,8.851673,1.150651E-4,502116.6,502132.0
14.0,0.02012018,6.283185,3.141593,6.283185,653.2733,0.2365664,-430815.5,935.8254,1.119098E8,935.8254,1.000008,0.202916,0.01966568,4.082794E-7,0.01748618,9.964525E-7,0.09819713,4.71334E-4,0.002395351,0.07385098,1.832359E-5,2.600785E-4,0.001108787,0.002288202,0.0272337,0.003185476,3.168534E-5,0.03250755,0.001266055,9.060463E-4,0.03082792,6.55298E-4,0.0121707,0.001546339,0.003226374,0.04097526,0.03847834,5.247913E-4,0.1168188,0.07584711,0.1939425,8.851515,1.152679E-4,502107.6,502123.0
14.2,0.0204266,6.283185,3.141593,6.283185,652.1248,0.2365664,-414741.0,934.1643,1.116174E8,934.1643,1.000008,0.2029147,0.01967609,3.820489E-7,0.01749865,9.438066E-7,0.09822445,4.71495E-4,0.00239751,0.07387806,1.776364E-5,2.601498E-4,0.001108898,0.002293001,0.02723743,0.003189309,3.087186E-5,0.03251539,0.001266683,9.075317E-4,0.03083367,6.553286E-4,0.01216937,0.001546679,0.003226615,0.04098224,0.0384793,5.248155E-4,0.1167927,0.07582385,0.1938796,8.851365,1.154709E-4,502099.1,502114.6
14.4,0.02073355,6.283185,3.141593,6.283185,650.9789,0.2365664,-376689.7,932.5078,1.113258E8,932.5078,1.000008,0.2029135,0.01968615,3.54894E-7,0.01751064,8.911806E-7,0.09825047,4.716505E-4,0.002399609,0.07390394,1.722005E-5,2.602166E-4,0.001109004,0.002297627,0.02724099,0.003192987,3.014709E-5,0.03252278,0.001267283,9.089649E-4,0.03083915,6.553588E-4,0.01216804,0.001547019,0.00322684,0.04098892,0.03848022,5.248374E-4,0.1167677,0.0758016,0.1938196,8.851221,1.156742E-4,502091.0,502106.8
14.6,0.02104112,6.283185,3.141593,6.283185,649.8358,0.2365666,-357539.0,930.8564,1.110352E8,930.8564,1.000009,0.2029123,0.01969542,3.530202E-7,0.01752185,8.805333E-7,0.09827456,4.717889E-4,0.002401597,0.0739281,1.671281E-5,2.602788E-4,0.001109101,0.002302056,0.02724428,0.003196494,2.935145E-5,0.03252966,0.001267841,9.103256E-4,0.03084421,6.553835E-4,0.01216675,0.00154732,0.003227044,0.04099514,0.03848113,5.248565E-4,0.1167445,0.07578089,0.1937637,8.851088,1.158776E-4,502083.5,502099.3
14.8,0.02134928,6.283185,3.141593,6.283185,648.6955,0.2365669,-337310.2,929.21,1.107454E8,929.21,1.000009,0.2029112,0.01970417,3.374231E-7,0.01753251,8.481639E-7,0.09829721,4.719162E-4,0.002403515,0.07395092,1.620985E-5,2.603366E-4,0.001109193,0.002306306,0.02724736,0.003199837,2.860842E-5,0.03253609,0.001268369,9.116258E-4,0.03084897,6.554059E-4,0.01216546,0.001547623,0.003227232,0.04100103,0.038482,5.248736E-4,0.1167225,0.07576134,0.193711,8.850963,1.160813E-4,502076.4,502092.2
15.0,0.02165806,6.283185,3.141593,6.283185,647.5582,0.2365675,-317165.5,927.5686,1.104565E8,927.5686,1.000009,0.2029102,0.01971243,3.235884E-7,0.01754262,8.179412E-7,0.09831847,4.720337E-4,0.00240536,0.07397245,1.572286E-5,2.603902E-4,0.001109279,0.002310379,0.02725024,0.003203024,2.79017E-5,0.03254211,0.001268866,9.128676E-4,0.03085344,6.554265E-4,0.01216418,0.001547921,0.003227404,0.04100658,0.03848284,5.248888E-4,0.1167018,0.0757429,0.1936613,8.850846,1.162852E-4,502069.7,502085.5
15.2,0.02196743,6.283185,3.141593,6.283185,646.4235,0.2365681,-298196.8,925.9318,1.101684E8,925.9318,1.000009,0.2029092,0.01972025,3.099137E-7,0.01755223,7.878861E-7,0.09833846,4.721423E-4,0.002407137,0.07399282,1.524892E-5,2.604403E-4,0.00110936,0.002314294,0.02725296,0.003206072,2.721329E-5,0.03254775,0.001269335,9.140568E-4,0.03085763,6.554455E-4,0.01216292,0.001548213,0.003227562,0.04101184,0.03848366,5.249023E-4,0.1166822,0.07572547,0.1936144,8.850735,1.164893E-4,502063.5,502079.2
15.4,0.02227733,6.283185,3.141593,6.283185,645.2913,0.2365688,-280417.6,924.2993,1.098811E8,924.2993,1.000009,0.2029083,0.01972769,2.967865E-7,0.01756141,7.588391E-7,0.09835737,4.722434E-4,0.002408853,0.07401216,1.478821E-5,2.604873E-4,0.001109436,0.002318069,0.02725553,0.003208998,2.653992E-5,0.03255306,0.00126978,9.151998E-4,0.0308616,6.554632E-4,0.01216167,0.001548498,0.003227708,0.04101683,0.03848445,5.249144E-4,0.1166636,0.07570892,0.1935699,8.85063,1.166937E-4,502057.5,502073.3
15.6,0.02258767,6.283185,3.141593,6.283185,644.1611,0.2365691,-263838.6,922.67,1.095943E8,922.67,1.000009,0.2029073,0.01973482,2.841644E-7,0.01757025,7.307551E-7,0.09837545,4.723388E-4,0.002410522,0.07403073,1.433956E-5,2.60532E-4,0.001109509,0.002321737,0.02725799,0.003211828,2.587913E-5,0.03255814,0.001270207,9.16307E-4,0.03086539,6.5548E-4,0.01216043,0.001548776,0.003227846,0.04102162,0.03848522,5.249254E-4,0.1166458,0.07569305,0.1935272,8.85053,1.168984E-4,502051.8,502067.6
15.8,0.02289847,6.283185,3.141593,6.283185,643.0331,0.2365692,-248143.9,921.0444,1.093082E8,921.0444,1.000009,0.2029065,0.01974166,2.72118E-7,0.01757874,7.037757E-7,0.09839268,4.724284E-4,0.002412141,0.07404851,1.39048E-5,2.605743E-4,0.001109579,0.002325292,0.02726034,0.003214561,2.523205E-5,0.03256297,0.001270615,9.173771E-4,0.03086901,6.554959E-4,0.01215921,0.001549046,0.003227975,0.04102621,0.03848597,5.249354E-4,0.1166287,0.07567786,0.1934864,8.850434,1.171035E-4,502046.4,502062.2
16.0,0.02320979,6.283185,3.141593,6.283185,641.9073,0.2365693,-233412.8,919.4226,1.090227E8,919.4226,1.000009,0.2029056,0.01974818,2.606039E-7,0.01758686,6.778415E-7,0.09840903,4.725118E-4,0.002413708,0.07406545,1.348305E-5,2.606142E-4,0.001109645,0.002328727,0.02726257,0.003217188,2.460034E-5,0.03256753,0.001271004,9.184076E-4,0.03087243,6.555108E-4,0.01215801,0.001549309,0.003228094,0.04103059,0.0384867,5.249444E-4,0.1166125,0.07566339,0.1934475,8.850344,1.173089E-4,502041.2,502057.0
16.2,0.02352162,6.283185,3.141593,6.283185,640.7839,0.2365692,-219527.5,917.8046,1.08738E8,917.8046,1.000009,0.2029048,0.01975438,2.496179E-7,0.01759463,6.529425E-7,0.09842452,4.725894E-4,0.002415223,0.07408156,1.307418E-5,2.606518E-4,0.001109708,0.002332043,0.02726468,0.003219713,2.398376E-5,0.03257185,0.001271373,9.193993E-4,0.03087568,6.555248E-4,0.01215683,0.001549565,0.003228205,0.04103475,0.0384874,5.249524E-4,0.116597,0.07564963,0.1934106,8.850257,1.175145E-4,502036.3,502052.1
16.4,0.02383401,6.283185,3.141593,6.283185,639.663,0.2365692,-206521.7,916.1907,1.084539E8,916.1907,1.000009,0.202904,0.01976028,2.391271E-7,0.01760204,6.290207E-7,0.09843916,4.726612E-4,0.002416686,0.07409687,1.267728E-5,2.60687E-4,0.001109768,0.002335242,0.02726668,0.003222134,2.338333E-5,0.03257592,0.001271723,9.203522E-4,0.03087874,6.55538E-4,0.01215566,0.001549815,0.003228307,0.04103871,0.03848809,5.249594E-4,0.1165823,0.07563656,0.1933755,8.850176,1.177205E-4,502031.7,502047.5
16.6,0.02414694,6.283185,3.141593,6.283185,638.5445,0.2365692,-194351.1,914.5808,1.081706E8,914.5808,1.000009,0.2029033,0.01976589,2.291193E-7,0.01760911,6.060518E-7,0.09845301,4.727277E-4,0.002418099,0.07411142,1.229225E-5,2.607201E-4,0.001109824,0.002338327,0.02726857,0.003224457,2.279838E-5,0.03257976,0.001272056,9.212681E-4,0.03088164,6.555505E-4,0.01215452,0.001550061,0.003228402,0.04104247,0.03848875,5.249655E-4,0.1165683,0.07562414,0.1933423,8.850098,1.179267E-4,502027.3,502043.1
16.8,0.02446042,6.283185,3.141593,6.283185,637.4284,0.2365692,-182929.3,912.9747,1.078879E8,912.9747,1.000009,0.2029026,0.01977125,2.19538E-7,0.01761589,5.839311E-7,0.0984662,4.727899E-4,0.002419467,0.07412532,1.191817E-5,2.607514E-4,0.001109878,0.002341311,0.02727038,0.003226693,2.222823E-5,0.03258341,0.001272373,9.221513E-4,0.0308844,6.555626E-4,0.0121534,0.001550302,0.003228491,0.04104607,0.03848939,5.249711E-4,0.116555,0.07561227,0.1933105,8.850025,1.181331E-4,502023.2,502038.9
17.0,0.02477446,6.283185,3.141593,6.283185,636.3148,0.2365692,-172098.8,911.3726,1.076059E8,911.3726,1.00001,0.2029019,0.01977635,2.104044E-7,0.01762237,5.626976E-7,0.09847868,4.728474E-4,0.002420788,0.07413854,1.155538E-5,2.607809E-4,0.001109929,0.00234419,0.02727209,0.003228838,2.167313E-5,0.03258685,0.001272674,9.230002E-4,0.03088701,6.55574E-4,0.01215229,0.001550538,0.003228573,0.0410495,0.03849001,5.249759E-4,0.1165423,0.075601,0.1932803,8.849955,1.183399E-4,502019.2,502035.0
17.2,0.02508905,6.283185,3.141593,6.283185,635.2036,0.2365692,-161773.1,909.7744,1.073246E8,909.7744,1.00001,0.2029013,0.01978119,2.017184E-7,0.01762853,5.423513E-7,0.09849045,4.729001E-4,0.002422062,0.07415106,1.120388E-5,2.608085E-4,0.001109978,0.002346964,0.02727371,0.003230891,2.113308E-5,0.03259009,0.001272959,9.238148E-4,0.03088947,6.555849E-4,0.01215121,0.001550769,0.003228648,0.04105275,0.03849061,5.249801E-4,0.1165303,0.07559031,0.1932517,8.849889,1.185469E-4,502015.4,502031.2
17.4,0.02540419,6.283185,3.141593,6.283185,634.0948,0.2365692,-152216.3,908.1799,1.07044E8,908.1799,1.00001,0.2029006,0.01978581,1.933833E-7,0.01763444,5.22737E-7,0.09850165,4.729491E-4,0.002423296,0.07416302,1.086226E-5,2.608345E-4,0.001110024,0.002349646,0.02727525,0.003232867,2.06066E-5,0.03259317,0.001273231,9.246E-4,0.03089182,6.555954E-4,0.01215015,0.001550997,0.003228718,0.04105585,0.0384912,5.249837E-4,0.1165188,0.0755801,0.1932245,8.849826,1.187542E-4,502011.9,502027.7
17.6,0.02571988,6.283185,3.141593,6.283185,632.9884,0.2365692,-143255.7,906.5892,1.06764E8,906.5892,1.00001,0.2029,0.0197902,1.854237E-7,0.01764008,5.03894E-7,0.09851224,4.729942E-4,0.002424488,0.07417438,1.053088E-5,2.608589E-4,0.001110068,0.002352234,0.02727671,0.003234762,2.009408E-5,0.03259608,0.001273489,9.253546E-4,0.03089403,6.556056E-4,0.01214911,0.00155122,0.003228783,0.0410588,0.03849176,5.249868E-4,0.1165079,0.0755704,0.1931986,8.849767,1.189618E-4,502008.5,502024.3
17.8,0.02603612,6.283185,3.141593,6.283185,631.8845,0.2365692,-134746.2,905.0024,1.064847E8,905.0024,1.00001,0.2028995,0.01979436,1.778571E-7,0.01764544,4.858504E-7,0.0985222,4.730351E-4,0.002425636,0.07418512,1.021E-5,2.608817E-4,0.00111011,0.002354724,0.02727808,0.003236573,1.959578E-5,0.0325988,0.001273733,9.260777E-4,0.03089611,6.556152E-4,0.0121481,0.00155144,0.003228842,0.0410616,0.03849231,5.249894E-4,0.1164975,0.07556124,0.1931741,8.849711,1.191696E-4,502005.3,502021.1
18.0,0.02635291,6.283185,3.141593,6.283185,630.7828,0.2365692,-126771.4,903.4193,1.062061E8,903.4193,1.00001,0.2028989,0.01979833,1.706184E-7,0.01765056,4.684956E-7,0.09853165,4.730728E-4,0.002426747,0.07419536,9.898587E-6,2.609032E-4,0.001110149,0.002357131,0.02727939,0.003238314,1.91104E-5,0.03260138,0.001273964,9.267741E-4,0.03089808,6.556246E-4,0.0121471,0.001551656,0.003228897,0.04106426,0.03849283,5.249915E-4,0.1164877,0.07555249,0.1931508,8.849658,1.193777E-4,502002.3,502018.1
18.2,0.02667026,6.283185,3.141593,6.283185,629.6836,0.2365692,-119313.8,901.8398,1.059281E8,901.8398,1.00001,0.2028984,0.01980212,1.636864E-7,0.01765548,4.517937E-7,0.09854065,4.731076E-4,0.002427822,0.07420514,9.596304E-6,2.609235E-4,0.001110187,0.00235946,0.02728064,0.003239988,1.863753E-5,0.03260383,0.001274186,9.274456E-4,0.03089996,6.556338E-4,0.01214612,0.00155187,0.003228948,0.04106681,0.03849335,5.249933E-4,0.1164783,0.07554414,0.1931286,8.849607,1.195861E-4,501999.4,502015.2
18.4,0.02698816,6.283185,3.141593,6.283185,628.5867,0.2365691,-112234.2,900.2641,1.056507E8,900.2641,1.00001,0.2028979,0.01980572,1.570916E-7,0.01766016,4.357963E-7,0.09854913,4.731392E-4,0.002428859,0.0742144,9.303633E-6,2.609425E-4,0.001110223,0.002361704,0.02728182,0.003241591,1.817777E-5,0.03260613,0.001274395,9.280897E-4,0.03090173,6.556426E-4,0.01214517,0.001552079,0.003228995,0.04106923,0.03849384,5.249947E-4,0.1164694,0.07553623,0.1931076,8.849559,1.197948E-4,501996.7,502012.5
18.6,0.02730661,6.283185,3.141593,6.283185,627.4923,0.2365691,-105565.7,898.692,1.05374E8,898.692,1.00001,0.2028974,0.01980914,1.507929E-7,0.01766462,4.204275E-7,0.09855716,4.731678E-4,0.002429862,0.0742232,9.019828E-6,2.609603E-4,0.001110258,0.00236387,0.02728293,0.003243127,1.773036E-5,0.03260831,0.001274593,9.287089E-4,0.03090341,6.556513E-4,0.01214423,0.001552286,0.003229038,0.04107153,0.03849432,5.249958E-4,0.1164609,0.07552871,0.1930876,8.849514,1.200038E-4,501994.2,502009.9
18.8,0.02762562,6.283185,3.141593,6.283185,626.4001,0.2365691,-99380.1,897.1235,1.05098E8,897.1235,1.00001,0.202897,0.01981242,1.447341E-7,0.01766891,4.055832E-7,0.0985648,4.731943E-4,0.002430833,0.07423161,8.743866E-6,2.609771E-4,0.00111029,0.002365967,0.027284,0.003244607,1.729427E-5,0.03261038,0.001274783,9.293065E-4,0.030905,6.556598E-4,0.01214332,0.001552491,0.003229079,0.04107373,0.03849478,5.249967E-4,0.1164528,0.07552151,0.1930685,8.84947,1.20213E-4,501991.7,502007.5
19.0,0.02794519,6.283185,3.141593,6.283185,625.3103,0.2365691,-93524.56,895.5587,1.048225E8,895.5587,1.00001,0.2028965,0.01981552,1.389573E-7,0.01767299,3.913416E-7,0.09857202,4.73218E-4,0.00243177,0.07423959,8.476516E-6,2.609929E-4,0.001110322,0.002367989,0.02728501,0.003246023,1.687029E-5,0.03261233,0.001274963,9.2988E-4,0.03090651,6.556681E-4,0.01214242,0.001552692,0.003229116,0.04107583,0.03849523,5.249973E-4,0.1164451,0.07551469,0.1930504,8.84943,1.204225E-4,501989.4,502005.2
19.2,0.02826531,6.283185,3.141593,6.283185,624.2229,0.2365691,-87981.12,893.9975,1.045477E8,893.9975,1.00001,0.2028961,0.01981847,1.334476E-7,0.01767688,3.776734E-7,0.09857882,4.732391E-4,0.002432673,0.07424714,8.217471E-6,2.610076E-4,0.001110351,0.002369939,0.02728597,0.003247378,1.645804E-5,0.03261417,0.001275133,9.304305E-4,0.03090792,6.556763E-4,0.01214155,0.001552891,0.003229149,0.04107781,0.03849566,5.249976E-4,0.1164378,0.07550822,0.1930333,8.849391,1.206323E-4,501987.2,502003.0
19.4,0.02858599,6.283185,3.141593,6.283185,623.1378,0.2365691,-82848.52,892.4398,1.042736E8,892.4398,1.000011,0.2028957,0.0198213,1.281398E-7,0.01768062,3.64452E-7,0.09858532,4.732586E-4,0.00243355,0.07425439,7.965413E-6,2.610217E-4,0.00111038,0.002371829,0.02728688,0.003248685,1.6056E-5,0.03261592,0.001275295,9.309627E-4,0.03090928,6.556843E-4,0.0121407,0.001553088,0.003229181,0.04107972,0.03849608,5.249978E-4,0.1164308,0.07550201,0.1930168,8.849354,1.208423E-4,501985.1,502000.9
19.6,0.02890723,6.283185,3.141593,6.283185,622.0551,0.2365691,-77991.76,890.8856,1.04E8,890.8856,1.000011,0.2028953,0.01982399,1.230729E-7,0.01768418,3.517533E-7,0.09859147,4.732759E-4,0.002434397,0.07426126,7.721132E-6,2.610348E-4,0.001110407,0.002373653,0.02728775,0.003249937,1.566508E-5,0.03261757,0.00127545,9.314737E-4,0.03091056,6.556923E-4,0.01213986,0.001553283,0.00322921,0.04108153,0.03849648,5.249978E-4,0.1164242,0.07549612,0.1930013,8.849319,1.210527E-4,501983.1,501998.9
19.8,0.02922902,6.283185,3.141593,6.283185,620.9747,0.2365691,-73368.41,889.3351,1.037271E8,889.3351,1.000011,0.202895,0.01982653,1.182451E-7,0.01768757,3.39573E-7,0.09859724,4.732911E-4,0.002435213,0.07426776,7.484598E-6,2.61047E-4,0.001110433,0.00237541,0.02728857,0.003251134,1.528527E-5,0.03261913,0.001275595,9.319636E-4,0.03091177,6.557001E-4,0.01213905,0.001553475,0.003229237,0.04108324,0.03849687,5.249976E-4,0.1164179,0.07549054,0.1929865,8.849286,1.212633E-4,501981.3,501997.1
20.0,0.02955138,6.283185,3.141593,6.283185,619.8966,0.2365691,-69083.82,887.788,1.034548E8,887.788,1.000011,0.2028946,0.01982896,1.134843E-7,0.0176908,3.275218E-7,0.09860272,4.733044E-4,0.002436001,0.07427394,7.253012E-6,2.610584E-4,0.001110457,0.002377108,0.02728935,0.003252281,1.491478E-5,0.03262059,0.001275733,9.324349E-4,0.03091291,6.557078E-4,0.01213826,0.001553667,0.003229261,0.04108487,0.03849725,5.249972E-4,0.1164119,0.07548523,0.1929725,8.849255,1.214742E-4,501979.5,501995.3
