Distance_PFRC2 (cm),Plug_flow_residence_time_PFRC2 (sec),Internal_surface_area_per_unit_distance_PFRC2 (cm),Cross-section_area_PFRC2 (cm2),External_surface_area_per_unit_distance_PFRC2 (cm),Velocity_PFRC2 (cm/sec),Exit_mass_flow_rate_PFRC2 (g/sec),Volumetric_heat_production_rate_PFRC2 (erg/cm3-sec),Surface_temperature_PFRC2 (K),Heat_loss_rate_PFRC2 (erg/cm-sec),Temperature_PFRC2 (K),Pressure_PFRC2 (atm),Mole_fraction_H2_PFRC2 (),Mole_fraction_CH4_PFRC2 (),Mole_fraction_CH3_PFRC2 (),Mole_fraction_C2H6_PFRC2 (),Mole_fraction_C2H5_PFRC2 (),Mole_fraction_C2H4_PFRC2 (),Mole_fraction_C2H2_PFRC2 (),Mole_fraction_C3H8_PFRC2 (),Mole_fraction_C3H6_PFRC2 (),Mole_fraction_C3H5-A_PFRC2 (),Mole_fraction_C3H4-A_PFRC2 (),Mole_fraction_NC4H10_PFRC2 (),Mole_fraction_IC4H8_PFRC2 (),Mole_fraction_C4H8-1_PFRC2 (),Mole_fraction_C4H8-2_PFRC2 (),Mole_fraction_C4H71-3_PFRC2 (),Mole_fraction_C4H6_PFRC2 (),Mole_fraction_C6H6_PFRC2 (),Mole_fraction_C5H6_PFRC2 (),Mole_fraction_NC5H10_PFRC2 (),Mole_fraction_B1M3_PFRC2 (),Mole_fraction_LC5H8_PFRC2 (),Mole_fraction_DIALLYL_PFRC2 (),Mole_fraction_NC6H12_PFRC2 (),Mole_fraction_NC7H14_PFRC2 (),Mole_fraction_C7H8_PFRC2 (),Mole_fraction_NPBENZ_PFRC2 (),Mole_fraction_NC12H26_PFRC2 (),Mole_fraction_NC16H34_PFRC2 (),Mole_fraction_NC10H20_PFRC2 (),Molecular_weight_PFRC2 (g/mole),Mass_density_PFRC2 (g/cm3),Unburned_hydrocarbons_PFRC2 (ppm),Volatile_organic_compounds_PFRC2 (ppm)
0.0,0.0,6.283185,3.141593,6.283185,753.9968,0.2365664,-2.861834E8,1151.892,0.0,1151.892,1.0,0.9514247,0.0,0.0,0.0,0.0,0.0,0.0,0.0,0.0,0.0,0.0,0.0,0.0,0.0,0.0,0.0,0.0,0.0,0.0,0.0,0.0,0.0,0.0,0.0,0.0,0.004083974,0.0,0.01104136,0.006644772,0.02680524,9.439816,9.986968E-5,535452.9,535452.9
6.386046E-4,8.469763E-7,6.283185,3.141593,6.283185,753.9666,0.2365664,-5.581992E8,1151.817,1.499258E8,1151.817,1.000001,0.9514004,2.820523E-7,2.864033E-6,3.304845E-7,4.938381E-6,8.166692E-6,1.221598E-10,3.806429E-8,4.991007E-6,2.608727E-6,5.553235E-10,1.208438E-8,2.04103E-14,2.101913E-6,4.377247E-9,2.525342E-6,2.584902E-7,7.868321E-9,2.83919E-13,1.398495E-6,9.760898E-11,1.753069E-7,5.126148E-10,3.762201E-7,9.599562E-7,0.004083841,8.347512E-12,0.01103952,0.006643175,0.02679911,9.439571,9.987368E-5,535439.0,535439.0
0.01130472,1.499866E-5,6.283185,3.141593,6.283185,753.4483,0.2365664,-1.05024E9,1149.6,1.495356E8,1149.6,1.000001,0.9503011,1.119691E-4,4.59525E-5,6.331351E-5,3.652552E-5,5.560823E-4,2.726608E-7,6.881845E-6,2.767236E-4,4.587701E-5,2.900647E-7,3.561522E-6,1.716145E-9,9.976691E-5,1.918922E-6,4.319737E-5,6.684672E-5,1.693286E-6,1.462149E-8,7.946979E-5,6.467777E-7,4.009409E-5,3.255035E-6,1.024439E-5,9.17054E-5,0.004073518,6.807567E-8,0.010945,0.006566391,0.02651542,9.427883,9.994239E-5,534776.0,534776.0
0.04436678,5.891499E-5,6.283185,3.141593,6.283185,752.2903,0.2365664,-8.731697E8,1142.296,1.4825E8,1142.296,1.000001,0.9460345,6.786496E-4,4.672193E-5,3.350032E-4,3.523857E-5,0.002800749,3.451268E-6,4.597332E-5,0.001405867,5.861355E-5,2.342861E-6,2.315716E-5,1.878324E-7,5.172298E-4,1.867746E-5,6.591495E-5,4.375064E-4,9.505611E-6,5.352061E-7,4.236081E-4,7.545758E-6,2.19263E-4,3.133031E-5,4.347897E-5,4.789707E-4,0.004034271,1.639783E-6,0.01056291,0.006260946,0.02538869,9.382399,1.000962E-4,532196.1,532196.1
0.1856129,2.471305E-4,6.283185,3.141593,6.283185,748.8678,0.2365664,-4.193603E8,1122.677,1.447969E8,1122.677,1.000001,0.9346735,0.00230926,2.853442E-5,0.001099424,2.171516E-5,0.008798995,2.007945E-5,1.425124E-4,0.004407976,5.481208E-5,9.648809E-6,6.938153E-5,6.296983E-6,0.001573293,7.876081E-5,5.386115E-5,0.001482787,3.155311E-5,6.024069E-6,0.001315912,2.76215E-5,6.569672E-4,8.484586E-5,1.262834E-4,0.001424006,0.003946713,1.063088E-5,0.009563815,0.005478896,0.02244096,9.263398,1.005537E-4,525446.0,525446.0
0.2,2.663458E-4,6.283185,3.141593,6.283185,748.5882,0.2365664,-3.975587E8,1121.255,1.445466E8,1121.255,1.000001,0.9338702,0.002431316,2.754386E-5,0.001156,2.097534E-5,0.009222599,2.164746E-5,1.488368E-4,0.004618779,5.430288E-5,1.026741E-5,7.227115E-5,7.29383E-6,0.001643719,8.35673E-5,5.301687E-5,0.001556721,3.318028E-5,6.654975E-6,0.001376597,2.898376E-5,6.853219E-4,8.762841E-5,1.318354E-4,0.001485465,0.003940967,1.134259E-5,0.009494438,0.005425497,0.0222362,9.255121,1.005913E-4,524976.5,524976.5
0.4,5.341284E-4,6.283185,3.141593,6.283185,745.322,0.2365664,-2.250395E8,1106.284,1.419116E8,1106.284,1.000001,0.9256501,0.003739101,1.904084E-5,0.001757498,1.461609E-5,0.01354791,4.046393E-5,2.107335E-4,0.006762314,4.810106E-5,1.74092E-5,9.93293E-5,2.432573E-5,0.002327693,1.369559E-4,4.485213E-5,0.002312135,5.047758E-5,1.518056E-5,0.001975023,4.243889E-5,9.548681E-4,1.110576E-4,1.85963E-4,0.002073037,0.003883726,1.845657E-5,0.008794444,0.004893755,0.0201719,9.17156,1.010321E-4,520236.9,520236.9
0.4641853,6.202979E-4,6.283185,3.141593,6.283185,744.4349,0.2365664,-1.983033E8,1102.674,1.412763E8,1102.674,1.000002,0.9237471,0.004058207,1.742111E-5,0.001903155,1.339661E-5,0.01454602,4.550993E-5,2.244513E-4,0.007254877,4.647097E-5,1.927276E-5,1.04977E-4,3.03816E-5,0.002476053,1.505167E-4,4.303424E-5,0.002486533,5.466807E-5,1.773234E-5,0.00210717,4.541841E-5,0.001011741,1.154338E-4,1.977436E-4,0.002198197,0.003870827,2.002312E-5,0.008635055,0.004774525,0.01970256,9.152526,1.011525E-4,519159.4,519159.9
0.4755619,6.355815E-4,6.283185,3.141593,6.283185,744.2821,0.2365664,-1.933763E8,1102.073,1.411705E8,1102.073,1.000002,0.923435,0.004111172,1.710716E-5,0.001927253,1.315257E-5,0.01470978,4.635726E-5,2.266753E-4,0.007335752,4.616289E-5,1.958592E-5,1.058786E-4,3.146185E-5,0.002500282,1.531228E-4,4.264186E-5,0.002515041,5.536184E-5,1.817248E-5,0.002128516,4.590101E-5,0.001020789,1.161073E-4,1.996439E-4,0.002218215,0.003868733,2.027572E-5,0.008609128,0.004755198,0.01962616,9.149414,1.011732E-4,518989.3,518992.0
0.6,8.029529E-4,6.283185,3.141593,6.283185,742.7153,0.2365664,-1.547846E8,1096.132,1.401248E8,1096.132,1.000002,0.9203936,0.004636561,1.481236E-5,0.00216632,1.146774E-5,0.01630068,5.499783E-5,2.48205E-4,0.008119166,4.351557E-5,2.273724E-5,1.143979E-4,4.330911E-5,0.002727839,1.756189E-4,4.000143E-5,0.002792981,6.225E-5,2.281064E-5,0.002333587,5.05288E-5,0.001106742,1.223988E-4,2.177482E-4,0.002408711,0.003848405,2.268207E-5,0.008356677,0.004568005,0.01888396,9.119289,1.013867E-4,517279.8,517283.1
0.8,0.001072654,6.283185,3.141593,6.283185,740.4509,0.2365664,-1.152453E8,1088.32,1.3875E8,1088.32,1.000002,0.9165796,0.005320639,1.220146E-5,0.002476915,9.526E-6,0.01828836,6.668074E-5,2.747262E-4,0.009095841,4.000641E-5,2.694644E-5,1.24315E-4,6.188796E-5,0.002998159,2.054641E-4,3.65775E-5,0.003140455,7.119157E-5,2.956349E-5,0.00258086,5.611087E-5,0.001206488,1.295198E-4,2.392902E-4,0.002632576,0.003823493,2.555247E-5,0.008043837,0.004338592,0.01796592,9.08199,1.016967E-4,515164.0,515167.3
1.0,0.001343141,6.283185,3.141593,6.283185,738.3963,0.2365664,-9.04097E7,1081.888,1.376179E8,1081.888,1.000002,0.9136197,0.005871929,1.03944E-5,0.002727073,8.184283E-6,0.01982369,7.635868E-5,2.950816E-4,0.009849297,3.718594E-5,3.038743E-5,1.314417E-4,7.939522E-5,0.003195951,2.299474E-4,3.396297E-5,0.003408759,7.838981E-5,3.558719E-5,0.002764743,6.025216E-5,0.001277541,1.345406E-4,2.55058E-4,0.002794724,0.003804662,2.765622E-5,0.007803985,0.00416468,0.01726371,9.053434,1.019797E-4,513544.2,513547.4
1.2,0.001614353,6.283185,3.141593,6.283185,736.4845,0.2365664,-7.337485E7,1076.365,1.366458E8,1076.365,1.000002,0.9112248,0.006331785,9.050201E-6,0.002935991,7.186754E-6,0.02106024,8.455496E-5,3.115021E-4,0.01045599,3.483676E-5,3.32659E-5,1.368502E-4,9.56826E-5,0.003348003,2.506773E-4,3.1859E-5,0.003624694,8.439404E-5,4.101098E-5,0.002908144,6.346825E-5,0.001330798,1.383452E-4,2.671699E-4,0.002918433,0.003789801,2.927333E-5,0.007611859,0.004026651,0.01670239,9.030596,1.022444E-4,512248.8,512252.1
1.4,0.001886254,6.283185,3.141593,6.283185,734.677,0.2365664,-6.108148E7,1071.49,1.357877E8,1071.49,1.000002,0.9092341,0.006723967,8.014887E-6,0.003114588,6.417404E-6,0.02208337,9.160018E-5,3.251774E-4,0.01095829,3.283E-5,3.571251E-5,1.411009E-4,1.107683E-4,0.003468765,2.685999E-4,3.00982E-5,0.003803214,8.951585E-5,4.592856E-5,0.003023517,6.603976E-5,0.001372055,1.413681E-4,2.767752E-4,0.003016093,0.003777749,3.055581E-5,0.007453533,0.003913786,0.01624067,9.011809,1.024959E-4,511183.2,511186.5
1.6,0.002158806,6.283185,3.141593,6.283185,732.9476,0.2365664,-5.177481E7,1067.089,1.35013E8,1067.089,1.000002,0.90754,0.007065101,7.179526E-6,0.00327039,5.794761E-6,0.0229502,9.774855E-5,3.368816E-4,0.01138436,3.107495E-5,3.782411E-5,1.445475E-4,1.247574E-4,0.003567463,2.843974E-4,2.858313E-5,0.003954287,9.397225E-5,5.042519E-5,0.003118914,6.815221E-5,0.001404968,1.438508E-4,2.846067E-4,0.003095538,0.003767732,3.160137E-5,0.0073198,0.003819077,0.01585129,8.995966,1.027378E-4,510285.0,510289.1
1.644031,0.002218894,6.283185,3.141593,6.283185,732.5756,0.2365664,-5.005003E7,1066.172,1.348517E8,1066.172,1.000002,0.9072001,0.007134432,7.00683E-6,0.003302103,5.667547E-6,0.02312364,9.899772E-5,3.392412E-4,0.0114697,3.071412E-5,3.825052E-5,1.452198E-4,1.276983E-4,0.003586824,2.87651E-4,2.826974E-5,0.003984486,9.487749E-5,5.136403E-5,0.003137732,6.856733E-5,0.001411317,1.443372E-4,2.861385E-4,0.003111062,0.003765752,3.180579E-5,0.00729309,0.003800232,0.01577359,8.992805,1.0279E-4,510106.1,510110.8
1.66725,0.002250593,6.283185,3.141593,6.283185,732.3797,0.2365664,-5.169475E7,1065.695,1.347677E8,1065.695,1.000002,0.9070253,0.007170133,6.89283E-6,0.003318427,5.560464E-6,0.0232129,9.963789E-5,3.404509E-4,0.01151374,3.049626E-5,3.847015E-5,1.455619E-4,1.292284E-4,0.003596924,2.895818E-4,2.803311E-5,0.00399995,9.534296E-5,5.185098E-5,0.003147316,6.877903E-5,0.001414503,1.445766E-4,2.869186E-4,0.003118927,0.003764745,3.190983E-5,0.007279455,0.003790621,0.01573387,8.99118,1.028175E-4,510018.7,510025.0
1.669803,0.00225408,6.283185,3.141593,6.283185,732.3575,0.2365664,-5.679633E7,1065.641,1.347583E8,1065.641,1.000002,0.9070062,0.007174,6.811705E-6,0.003320187,5.449279E-6,0.0232228,9.970478E-5,3.405801E-4,0.01151869,3.042894E-5,3.849405E-5,1.455989E-4,1.293951E-4,0.003598229,2.900371E-4,2.794371E-5,0.00400159,9.539212E-5,5.190387E-5,0.00314832,6.880211E-5,0.001414808,1.445995E-4,2.870008E-4,0.003119724,0.003764641,3.192101E-5,0.007278046,0.003789629,0.0157297,8.991001,1.028206E-4,510013.3,510021.3
1.672479,0.002257735,6.283185,3.141593,6.283185,732.3345,0.2365664,-4.880523E7,1065.587,1.347486E8,1065.587,1.000002,0.906987,0.007178004,6.765304E-6,0.003322003,5.439673E-6,0.02323272,9.977453E-5,3.407134E-4,0.01152363,3.039943E-5,3.851899E-5,1.456361E-4,1.295696E-4,0.003599376,2.902836E-4,2.787359E-5,0.004003318,9.544405E-5,5.195859E-5,0.003149375,6.882563E-5,0.001415146,1.446201E-4,2.870879E-4,0.003120581,0.003764532,3.193247E-5,0.007276548,0.003788573,0.01572531,8.990821,1.028238E-4,510004.1,510012.4
1.676466,0.002263179,6.283185,3.141593,6.283185,732.3002,0.2365664,-4.906334E7,1065.504,1.347341E8,1065.504,1.000002,0.9069577,0.007183953,6.730372E-6,0.00332471,5.384818E-6,0.02324783,9.987892E-5,3.409117E-4,0.01153118,3.033468E-5,3.85561E-5,1.456922E-4,1.298289E-4,0.003601254,2.908364E-4,2.775743E-5,0.004005872,9.552103E-5,5.204037E-5,0.003150934,6.886052E-5,0.001415637,1.4465E-4,2.872165E-4,0.003121836,0.003764371,3.194953E-5,0.007274338,0.003787017,0.01571881,8.990547,1.028286E-4,509993.3,510003.3
1.67701,0.002263921,6.283185,3.141593,6.283185,732.2957,0.2365664,-5.185652E7,1065.493,1.347321E8,1065.493,1.000002,0.9069535,0.007184758,6.715941E-6,0.003325074,5.387336E-6,0.02324995,9.989298E-5,3.409382E-4,0.01153224,3.033249E-5,3.856114E-5,1.456994E-4,1.298642E-4,0.003601545,2.909444E-4,2.77462E-5,0.00400622,9.553159E-5,5.20515E-5,0.003151147,6.886517E-5,0.001415706,1.446535E-4,2.872341E-4,0.00312201,0.003764347,3.195181E-5,0.00727403,0.0037868,0.01571791,8.990508,1.028293E-4,509992.2,510002.6
1.677118,0.002264068,6.283185,3.141593,6.283185,732.2948,0.2365664,-5.293759E7,1065.491,1.347317E8,1065.491,1.000002,0.9069526,0.007184917,6.712293E-6,0.003325146,5.387179E-6,0.0232504,9.98958E-5,3.409435E-4,0.01153246,3.033072E-5,3.856214E-5,1.457008E-4,1.298712E-4,0.003601614,2.909781E-4,2.774296E-5,0.004006288,9.553366E-5,5.205374E-5,0.003151189,6.886609E-5,0.001415719,1.446543E-4,2.872376E-4,0.003122044,0.003764343,3.195226E-5,0.007273971,0.003786758,0.01571773,8.9905,1.028294E-4,509992.1,510002.6
1.678244,0.002265606,6.283185,3.141593,6.283185,732.2852,0.2365664,-4.841119E7,1065.468,1.347277E8,1065.468,1.000002,0.9069447,0.007186578,6.675474E-6,0.003325901,5.379907E-6,0.02325449,9.99252E-5,3.409987E-4,0.01153447,3.032231E-5,3.857259E-5,1.457158E-4,1.299442E-4,0.003602073,2.910616E-4,2.771431E-5,0.004007009,9.555545E-5,5.20766E-5,0.003151628,6.887571E-5,0.001415862,1.446617E-4,2.87274E-4,0.003122402,0.003764298,3.195699E-5,0.007273345,0.003786317,0.0157159,8.990426,1.028307E-4,509987.9,509998.5
1.779713,0.002404251,6.283185,3.141593,6.283185,731.4454,0.2365664,-4.522858E7,1063.444,1.343716E8,1063.444,1.000003,0.9062133,0.007336812,6.579654E-6,0.003394738,5.345532E-6,0.02362635,1.026423E-4,3.460967E-4,0.01171783,2.964671E-5,3.948711E-5,1.471325E-4,1.364243E-4,0.003642839,2.980634E-4,2.744155E-5,0.004071342,9.753102E-5,5.415351E-5,0.003191506,6.974597E-5,0.001429174,1.45588E-4,2.904909E-4,0.003155168,0.003760041,3.238167E-5,0.007216031,0.003746,0.01554951,8.983653,1.029488E-4,509602.1,509614.3
1.8,0.00243199,6.283185,3.141593,6.283185,731.2789,0.2365664,-4.45252E7,1063.049,1.343021E8,1063.049,1.000003,0.9060735,0.007365753,6.510251E-6,0.003408011,5.291734E-6,0.02369736,1.031636E-4,3.470758E-4,0.01175282,2.949861E-5,3.966232E-5,1.474001E-4,1.376905E-4,0.003650553,2.994225E-4,2.731589E-5,0.004083688,9.790932E-5,5.455822E-5,0.00319908,6.991263E-5,0.001431662,1.457814E-4,2.910995E-4,0.003161352,0.003759238,3.246223E-5,0.007205104,0.003738326,0.01551778,8.982363,1.029722E-4,509528.9,509541.3
2.0,0.00270579,6.283185,3.141593,6.283185,729.662,0.2365664,-3.87566E7,1059.31,1.336438E8,1059.31,1.000003,0.9047947,0.007632611,5.90183E-6,0.003530911,4.847907E-6,0.02434604,1.079702E-4,3.560769E-4,0.01207286,2.811268E-5,4.127294E-5,1.497941E-4,1.497026E-4,0.003719829,3.120686E-4,2.611156E-5,0.004196457,1.014023E-4,5.837298E-5,0.003267565,7.140564E-5,0.001453712,1.475924E-4,2.965674E-4,0.00321686,0.003751997,3.318767E-5,0.007105402,0.003668483,0.0152283,8.970595,1.032004E-4,508861.3,508873.8
2.2,0.002980187,6.283185,3.141593,6.283185,728.0861,0.2365664,-3.401267E7,1055.806,1.330273E8,1055.806,1.000003,0.9036657,0.007871676,5.402472E-6,0.003641551,4.47426E-6,0.02491624,1.122629E-4,3.641106E-4,0.01235485,2.684751E-5,4.270035E-5,1.5183E-4,1.609293E-4,0.003779062,3.235435E-4,2.504932E-5,0.004295437,1.045335E-4,6.190824E-5,0.003326718,7.268066E-5,0.001472112,1.491789E-4,3.012291E-4,0.003264244,0.003745765,3.380782E-5,0.007017862,0.003607437,0.01497438,8.96028,1.034238E-4,508276.3,508288.8
2.4,0.003255172,6.283185,3.141593,6.283185,726.5451,0.2365664,-3.008779E7,1052.5,1.324454E8,1052.5,1.000003,0.9026615,0.008087211,4.969151E-6,0.003741811,4.149852E-6,0.02542129,1.161168E-4,3.71346E-4,0.0126053,2.569011E-5,4.397149E-5,1.53579E-4,1.714344E-4,0.003830184,3.340257E-4,2.408687E-5,0.004382971,1.073586E-4,6.519514E-5,0.003378273,7.377939E-5,0.001487605,1.50575E-4,3.052385E-4,0.003305106,0.003740353,3.434122E-5,0.006940382,0.003553626,0.01474986,8.951168,1.036431E-4,507759.4,507772.0
2.6,0.003530735,6.283185,3.141593,6.283185,725.0338,0.2365664,-2.67254E7,1049.359,1.318926E8,1049.359,1.000003,0.9017617,0.00828287,4.597993E-6,0.003833215,3.864326E-6,0.02587181,1.195945E-4,3.779165E-4,0.01282938,2.462081E-5,4.510937E-5,1.550965E-4,1.812808E-4,0.00387474,3.436586E-4,2.320122E-5,0.004460934,1.099216E-4,6.826039E-5,0.003423594,7.473564E-5,0.001500765,1.518089E-4,3.087176E-4,0.003340687,0.003735618,3.480344E-5,0.006871289,0.003505816,0.01454981,8.943056,1.038592E-4,507299.6,507313.2
2.692667,0.003658609,6.283185,3.141593,6.283185,724.3425,0.2365664,-2.544654E7,1047.954,1.316451E8,1047.954,1.000003,0.9013763,0.008367386,4.425878E-6,0.003872868,3.74282E-6,0.02606422,1.210906E-4,3.807605E-4,0.0129253,2.415536E-5,4.559614E-5,1.557316E-4,1.856336E-4,0.003893445,3.478626E-4,2.281378E-5,0.004494189,1.110294E-4,6.961088E-5,0.003442753,7.51359E-5,0.001506185,1.523348E-4,3.101744E-4,0.00335563,0.003733626,3.499665E-5,0.006841784,0.003485451,0.01446442,8.939597,1.039583E-4,507103.5,507117.3
2.8,0.003806882,6.283185,3.141593,6.283185,723.5487,0.2365665,-2.400061E7,1046.362,1.31365E8,1046.362,1.000003,0.9009533,0.008460594,4.250992E-6,0.003916769,3.611032E-6,0.02627497,1.227366E-4,3.839056E-4,0.01303056,2.363441E-5,4.612943E-5,1.564179E-4,1.90512E-4,0.003913685,3.525359E-4,2.238887E-5,0.004530577,1.12253E-4,7.112136E-5,0.003463597,7.556762E-5,0.001511975,1.529155E-4,3.117482E-4,0.003371817,0.003731465,3.520517E-5,0.006809465,0.003463182,0.01437092,8.935812,1.040723E-4,506888.8,506902.5
3.0,0.004083578,6.283185,3.141593,6.283185,722.0853,0.2365665,-2.159194E7,1043.481,1.308579E8,1043.481,1.000003,0.900219,0.008623544,3.950934E-6,0.003993832,3.384083E-6,0.0266397,1.256012E-4,3.894226E-4,0.01321317,2.271202E-5,4.705251E-5,1.575851E-4,1.992098E-4,0.003948196,3.60787E-4,2.163187E-5,0.004593473,1.143928E-4,7.380744E-5,0.003499357,7.630143E-5,0.001521662,1.539203E-4,3.144237E-4,0.003399439,0.003727778,3.555904E-5,0.006753523,0.003424718,0.01420915,8.929268,1.042833E-4,506517.6,506531.2
3.2,0.004360831,6.283185,3.141593,6.283185,720.6417,0.2365665,-1.950497E7,1040.705,1.303692E8,1040.705,1.000003,0.8995512,0.008773151,3.681514E-6,0.004064992,3.179436E-6,0.02697006,1.282136E-4,3.945166E-4,0.01337917,2.184846E-5,4.788827E-5,1.586181E-4,2.074047E-4,0.003978844,3.684674E-4,2.092349E-5,0.004650342,1.163581E-4,7.632969E-5,0.003531384,7.694968E-5,0.001530037,1.548314E-4,3.167894E-4,0.003424005,0.003724505,3.587109E-5,0.006702829,0.003389959,0.01406263,8.923349,1.044922E-4,506181.8,506195.4
3.4,0.004638637,6.283185,3.141593,6.283185,719.2157,0.2365665,-1.768392E7,1038.02,1.298968E8,1038.02,1.000003,0.898942,0.008910834,3.438331E-6,0.004130867,2.993878E-6,0.02727015,1.306007E-4,3.992364E-4,0.01353053,2.103712E-5,4.864653E-5,1.595357E-4,2.15135E-4,0.00400616,3.756353E-4,2.025874E-5,0.004701903,1.181674E-4,7.870141E-5,0.003560166,7.752388E-5,0.001537293,1.55661E-4,3.188883E-4,0.003445941,0.003721591,3.614707E-5,0.00665675,0.003358447,0.01392951,8.917979,1.046993E-4,505877.1,505890.7
3.6,0.004916991,6.283185,3.141593,6.283185,717.8057,0.2365665,-1.608427E7,1035.418,1.294387E8,1035.418,1.000004,0.8983846,0.00903787,3.217657E-6,0.004192012,2.824687E-6,0.02754361,1.327869E-4,4.03625E-4,0.013669,2.027226E-5,4.93362E-5,1.60354E-4,2.224371E-4,0.004030606,3.823435E-4,1.963233E-5,0.004748798,1.198371E-4,8.093499E-5,0.003586135,7.803419E-5,0.0015436,1.564193E-4,3.207577E-4,0.003465619,0.003718991,3.639202E-5,0.006614725,0.003329777,0.01380815,8.91309,1.04905E-4,505599.8,505613.3
3.8,0.00519589,6.283185,3.141593,6.283185,716.4099,0.2365665,-1.46707E7,1032.886,1.289932E8,1032.886,1.000004,0.8978727,0.009155424,3.016458E-6,0.004248934,2.669645E-6,0.02779371,1.347945E-4,4.077211E-4,0.01379616,1.954896E-5,4.996537E-5,1.610877E-4,2.293451E-4,0.004052595,3.886396E-4,1.903964E-5,0.004791604,1.213823E-4,8.304201E-5,0.003609673,7.848965E-5,0.001549106,1.571154E-4,3.224309E-4,0.003483367,0.003716663,3.661042E-5,0.006576249,0.003303585,0.01369707,8.908623,1.051094E-4,505346.4,505359.9
4.0,0.00547533,6.283185,3.141593,6.283185,715.0271,0.2365665,-1.341456E7,1030.419,1.285589E8,1030.419,1.000004,0.8974012,0.009264457,2.832231E-6,0.004302049,2.526935E-6,0.02802314,1.366422E-4,4.115559E-4,0.01391329,1.886312E-5,5.054076E-5,1.617481E-4,2.35889E-4,0.00407245,3.945632E-4,1.847708E-5,0.004830792,1.228157E-4,8.503243E-5,0.003631087,7.889748E-5,0.001553927,1.577566E-4,3.239341E-4,0.003499443,0.003714572,3.680584E-5,0.006540913,0.003279578,0.01359508,8.904527,1.053127E-4,505114.1,505127.5
4.2,0.005755308,6.283185,3.141593,6.283185,713.656,0.2365665,-1.229456E7,1028.009,1.281346E8,1028.009,1.000004,0.8969661,0.009365754,2.662984E-6,0.004351695,2.395101E-6,0.028234,1.383451E-4,4.151542E-4,0.0140214,1.821137E-5,5.106781E-5,1.62344E-4,2.420944E-4,0.004090426,4.001462E-4,1.794174E-5,0.004866736,1.241473E-4,8.69147E-5,0.003650616,7.926331E-5,0.001558152,1.583486E-4,3.252878E-4,0.003514046,0.003712692,3.698103E-5,0.006508393,0.003257526,0.01350124,8.900765,1.05515E-4,504900.7,504914.0
4.4,0.006035823,6.283185,3.141593,6.283185,712.2959,0.2365665,-1.128992E7,1025.65,1.277196E8,1025.65,1.000004,0.8965639,0.009459984,2.506985E-6,0.004398163,2.272918E-6,0.0284281,1.399162E-4,4.18537E-4,0.01412136,1.759087E-5,5.155113E-5,1.628828E-4,2.479839E-4,0.004106731,4.054159E-4,1.743105E-5,0.004899753,1.253859E-4,8.869624E-5,0.003668459,7.959186E-5,0.001561856,1.588962E-4,3.26509E-4,0.003527342,0.003711001,3.713831E-5,0.006478415,0.003237234,0.01341475,8.897304,1.057165E-4,504704.3,504717.6
4.6,0.006316871,6.283185,3.141593,6.283185,710.9459,0.2365665,-1.03853E7,1023.339,1.273128E8,1023.339,1.000004,0.8961914,0.009547779,2.36283E-6,0.004441724,2.159359E-6,0.02860713,1.413679E-4,4.21724E-4,0.01421398,1.699905E-5,5.19951E-5,1.633711E-4,2.53579E-4,0.004121561,4.10398E-4,1.694272E-5,0.00493014,1.265397E-4,9.038411E-5,0.003684802,7.988752E-5,0.001565106,1.594038E-4,3.276133E-4,0.003539484,0.003709477,3.727982E-5,0.006450721,0.003218519,0.01333486,8.894112,1.059172E-4,504523.2,504536.6
4.8,0.006598453,6.283185,3.141593,6.283185,709.6053,0.2365665,-9569721.0,1021.071,1.269136E8,1021.071,1.000004,0.8958459,0.009629681,2.229328E-6,0.004482614,2.053543E-6,0.0287725,1.427108E-4,4.247317E-4,0.01429993,1.643372E-5,5.240342E-5,1.638147E-4,2.588987E-4,0.004135078,4.151146E-4,1.647482E-5,0.004958147,1.276158E-4,9.198456E-5,0.003699801,8.015392E-5,0.001567957,1.59875E-4,3.286138E-4,0.003550598,0.003708103,3.740734E-5,0.006425096,0.00320123,0.01326095,8.891164,1.061173E-4,504356.0,504369.3
5.0,0.006880565,6.283185,3.141593,6.283185,708.2734,0.2365665,-8834002.0,1018.842,1.265213E8,1018.842,1.000004,0.895525,0.009706177,2.105403E-6,0.004521042,1.954678E-6,0.02892549,1.439542E-4,4.275747E-4,0.01437981,1.589287E-5,5.277942E-5,1.642184E-4,2.639606E-4,0.004147423,4.195856E-4,1.602567E-5,0.004983999,1.286206E-4,9.350329E-5,0.003713592,8.039429E-5,0.00157046,1.603133E-4,3.295219E-4,0.003560795,0.003706863,3.752243E-5,0.006401347,0.00318523,0.01319246,8.888438,1.063169E-4,504201.4,504214.6
5.2,0.007163206,6.283185,3.141593,6.283185,706.9496,0.2365665,-8165744.0,1016.649,1.261353E8,1016.649,1.000004,0.8952263,0.00977772,1.989962E-6,0.004557204,1.862017E-6,0.02906727,1.451072E-4,4.302668E-4,0.0144542,1.537465E-5,5.312618E-5,1.645868E-4,2.687812E-4,0.004158727,4.238293E-4,1.559379E-5,0.005007901,1.295599E-4,9.494569E-5,0.0037263,8.061158E-5,0.001572657,1.607216E-4,3.303481E-4,0.003570176,0.003705743,3.76265E-5,0.006379297,0.003170394,0.01312887,8.885911,1.06516E-4,504058.0,504071.3
5.4,0.007446375,6.283185,3.141593,6.283185,705.6334,0.2365665,-7553545.0,1014.489,1.257551E8,1014.489,1.000004,0.8949482,0.009844688,1.882233E-6,0.004591264,1.775045E-6,0.02919879,1.46177E-4,4.328191E-4,0.01452354,1.487756E-5,5.344623E-5,1.649233E-4,2.733747E-4,0.00416909,4.278609E-4,1.517798E-5,0.005030022,1.304389E-4,9.631642E-5,0.003738026,8.08081E-5,0.001574584,1.611022E-4,3.311006E-4,0.00357882,0.003704731,3.772069E-5,0.006358801,0.003156621,0.01306976,8.883567,1.067146E-4,503925.1,503938.3
5.6,0.007730072,6.283185,3.141593,6.283185,704.3244,0.2365665,-6994818.0,1012.359,1.253802E8,1012.359,1.000005,0.8946887,0.009907441,1.781695E-6,0.004623377,1.693367E-6,0.02932095,1.471706E-4,4.352425E-4,0.01458826,1.440031E-5,5.374197E-5,1.652313E-4,2.777548E-4,0.004178609,4.316948E-4,1.47771E-5,0.005050522,1.312621E-4,9.761994E-5,0.003748864,8.098605E-5,0.001576271,1.614575E-4,3.317871E-4,0.003586802,0.003703816,3.780607E-5,0.006339723,0.003143817,0.01301474,8.88139,1.06913E-4,503801.5,503814.7
5.8,0.008014295,6.283185,3.141593,6.283185,703.0222,0.2365665,-6487506.0,1010.257,1.250102E8,1010.257,1.000005,0.8944464,0.009966291,1.687801E-6,0.004653679,1.61655E-6,0.02943455,1.480942E-4,4.375458E-4,0.01464875,1.394175E-5,5.401548E-5,1.655136E-4,2.819339E-4,0.004187367,4.353438E-4,1.439011E-5,0.005069536,1.320336E-4,9.886025E-5,0.003758894,8.114731E-5,0.001577746,1.617895E-4,3.324143E-4,0.003594184,0.00370299,3.788352E-5,0.006321945,0.003131899,0.01296347,8.879364,1.07111E-4,503686.6,503699.8
6.0,0.008299044,6.283185,3.141593,6.283185,701.7264,0.2365665,-6028408.0,1008.181,1.246448E8,1008.181,1.000005,0.89422,0.01002152,1.599902E-6,0.004682292,1.544077E-6,0.02954027,1.48953E-4,4.397369E-4,0.01470532,1.35008E-5,5.426862E-5,1.657726E-4,2.859234E-4,0.004195433,4.388198E-4,1.4016E-5,0.005087189,1.327573E-4,1.00041E-4,0.003768188,8.129354E-5,0.001579034,1.621002E-4,3.329878E-4,0.003601022,0.003702242,3.795381E-5,0.006305362,0.003120794,0.01291565,8.877479,1.073088E-4,503579.7,503592.8
6.2,0.008584318,6.283185,3.141593,6.283185,700.4367,0.2365665,-5605859.0,1006.128,1.242836E8,1006.128,1.000005,0.8940082,0.0100734,1.517361E-6,0.004709333,1.475563E-6,0.02963877,1.497525E-4,4.41824E-4,0.0147583,1.307618E-5,5.450315E-5,1.660107E-4,2.89734E-4,0.004202876,4.421332E-4,1.365405E-5,0.005103596,1.334366E-4,1.011657E-4,0.003776811,8.142627E-5,0.001580155,1.62391E-4,3.33513E-4,0.003607368,0.003701567,3.801771E-5,0.006289875,0.003110433,0.01287099,8.875722,1.075064E-4,503480.0,503493.1
6.4,0.008870116,6.283185,3.141593,6.283185,699.1528,0.2365665,-5206602.0,1004.099,1.239264E8,1004.099,1.000005,0.8938099,0.01012217,1.43951E-6,0.004734908,1.410596E-6,0.02973063,1.504973E-4,4.438141E-4,0.01480797,1.266666E-5,5.472061E-5,1.6623E-4,2.933752E-4,0.004209754,4.452935E-4,1.330362E-5,0.005118858,1.340748E-4,1.022376E-4,0.003784822,8.154681E-5,0.001581127,1.626631E-4,3.339945E-4,0.003613265,0.003700957,3.807587E-5,0.006275398,0.003100756,0.01282924,8.874083,1.077038E-4,503387.0,503400.1
6.6,0.009156438,6.283185,3.141593,6.283185,697.8744,0.2365664,-4841046.0,1002.09,1.235728E8,1002.09,1.000005,0.893624,0.01016803,1.366324E-6,0.004759107,1.34908E-6,0.02981636,1.511913E-4,4.457127E-4,0.01485455,1.227199E-5,5.492235E-5,1.66432E-4,2.968562E-4,0.004216115,4.483099E-4,1.296396E-5,0.005133063,1.346746E-4,1.032595E-4,0.003792271,8.165632E-5,0.001581967,1.629183E-4,3.344363E-4,0.003618751,0.003700405,3.81288E-5,0.006261854,0.003091712,0.01279018,8.872552,1.079011E-4,503300.2,503313.3
6.8,0.009443285,6.283185,3.141593,6.283185,696.6013,0.2365664,-4506757.0,1000.101,1.232227E8,1000.101,1.000005,0.8934498,0.01021118,1.297548E-6,0.00478201,1.290853E-6,0.02989637,1.518381E-4,4.47525E-4,0.01489826,1.189156E-5,5.510954E-5,1.666181E-4,3.001854E-4,0.004221999,4.511899E-4,1.263456E-5,0.005146288,1.352384E-4,1.04234E-4,0.003799198,8.175575E-5,0.001582688,1.631575E-4,3.348417E-4,0.003623859,0.003699908,3.817693E-5,0.00624918,0.003083256,0.01275363,8.871123,1.080983E-4,503219.1,503232.2
7.0,0.009730655,6.283185,3.141593,6.283185,695.3333,0.2365664,-4199806.0,998.1302,1.228758E8,998.1302,1.000005,0.8932864,0.01025179,1.232825E-6,0.0048037,1.235667E-6,0.02997112,1.524411E-4,4.492562E-4,0.01493932,1.152457E-5,5.528335E-5,1.667897E-4,3.033705E-4,0.00422745,4.539413E-4,1.231493E-5,0.005158609,1.357686E-4,1.051638E-4,0.003805648,8.184606E-5,0.001583303,1.633821E-4,3.352139E-4,0.00362862,0.003699461,3.822073E-5,0.006237309,0.003075341,0.01271939,8.869787,1.082954E-4,503143.3,503156.4
7.2,0.01001855,6.283185,3.141593,6.283185,694.0702,0.2365664,-3915476.0,996.1767,1.22532E8,996.1767,1.000005,0.893133,0.01029005,1.171775E-6,0.004824253,1.183242E-6,0.030041,1.530036E-4,4.509113E-4,0.0149779,1.117012E-5,5.544485E-5,1.669482E-4,3.064191E-4,0.004232505,4.565709E-4,1.200462E-5,0.005170096,1.362676E-4,1.060512E-4,0.003811659,8.192816E-5,0.001583823,1.63593E-4,3.35556E-4,0.003633065,0.003699057,3.826062E-5,0.006226181,0.003067928,0.0126873,8.868537,1.084925E-4,503072.4,503085.5
7.4,0.01030697,6.283185,3.141593,6.283185,692.8118,0.2365664,-3653392.0,994.2395,1.22191E8,994.2395,1.000005,0.892989,0.01032608,1.11422E-6,0.004843733,1.133448E-6,0.03010635,1.535285E-4,4.524942E-4,0.01501418,1.08277E-5,5.559493E-5,1.670946E-4,3.093377E-4,0.004237195,4.59085E-4,1.170325E-5,0.005180808,1.367373E-4,1.068984E-4,0.003817263,8.200273E-5,0.001584258,1.637912E-4,3.358705E-4,0.003637215,0.003698695,3.829694E-5,0.006215746,0.003060981,0.0126572,8.867368,1.086896E-4,503006.1,503019.2
7.6,0.01059591,6.283185,3.141593,6.283185,691.5579,0.2365664,-3410212.0,992.3176,1.218528E8,992.3176,1.000005,0.8928535,0.01036006,1.059831E-6,0.004862208,1.086072E-6,0.03016752,1.540185E-4,4.540096E-4,0.01504832,1.049665E-5,5.573451E-5,1.6723E-4,3.12133E-4,0.004241552,4.614898E-4,1.141036E-5,0.005190807,1.371797E-4,1.077076E-4,0.003822493,8.207052E-5,0.001584617,1.639775E-4,3.361599E-4,0.003641096,0.00369837,3.833003E-5,0.006205951,0.003054466,0.01262895,8.866272,1.088867E-4,502944.0,502957.0
7.8,0.01088537,6.283185,3.141593,6.283185,690.3084,0.2365664,-3183452.0,990.4101,1.215171E8,990.4101,1.000006,0.8927263,0.0103921,1.008387E-6,0.004879732,1.040954E-6,0.03022478,1.54476E-4,4.554608E-4,0.01508045,1.017639E-5,5.586433E-5,1.673553E-4,3.148108E-4,0.004245601,4.637903E-4,1.112562E-5,0.005200139,1.375964E-4,1.084806E-4,0.003827375,8.213208E-5,0.001584907,1.641526E-4,3.364262E-4,0.003644727,0.003698078,3.836017E-5,0.006196756,0.003048353,0.01260244,8.865246,1.090838E-4,502885.8,502898.8
8.0,0.01117536,6.283185,3.141593,6.283185,689.0631,0.2365664,-2973447.0,988.5163,1.211837E8,988.5163,1.000006,0.8926065,0.01042233,9.597521E-7,0.004896365,9.979963E-7,0.03027842,1.549035E-4,4.568516E-4,0.01511072,9.866634E-6,5.598518E-5,1.674714E-4,3.17377E-4,0.004249368,4.659921E-4,1.084863E-5,0.005208858,1.379892E-4,1.092193E-4,0.003831938,8.218802E-5,0.001585137,1.643173E-4,3.366715E-4,0.003648128,0.003697818,3.838765E-5,0.006188116,0.003042613,0.01257752,8.864284,1.092809E-4,502831.2,502844.3
8.2,0.01146587,6.283185,3.141593,6.283185,687.822,0.2365664,-2778972.0,986.6354,1.208527E8,986.6354,1.000006,0.8924938,0.01045086,9.137436E-7,0.004912154,9.570745E-7,0.03032869,1.553029E-4,4.581853E-4,0.01513924,9.566988E-6,5.609768E-5,1.67579E-4,3.198368E-4,0.004252875,4.680996E-4,1.057908E-5,0.005217004,1.383596E-4,1.099254E-4,0.003836203,8.223883E-5,0.001585312,1.64472E-4,3.368974E-4,0.003651314,0.003697585,3.841269E-5,0.006179996,0.003037222,0.0125541,8.863382,1.094781E-4,502780.0,502793.1
8.4,0.0117569,6.283185,3.141593,6.283185,686.5848,0.2365664,-2598411.0,984.7668,1.205238E8,984.7668,1.000006,0.8923877,0.0104778,8.702039E-7,0.004927149,9.180581E-7,0.03037582,1.556761E-4,4.594647E-4,0.01516613,9.277096E-6,5.620246E-5,1.676789E-4,3.221953E-4,0.004256142,4.701177E-4,1.031668E-5,0.005224619,1.387089E-4,1.106005E-4,0.003840193,8.228498E-5,0.001585438,1.646175E-4,3.371056E-4,0.003654303,0.003697378,3.843551E-5,0.006172359,0.003032154,0.01253207,8.862536,1.096753E-4,502732.0,502745.1
8.6,0.01204846,6.283185,3.141593,6.283185,685.3516,0.2365664,-2430489.0,982.9099,1.20197E8,982.9099,1.000006,0.8922877,0.01050324,8.289991E-7,0.004941392,8.808304E-7,0.03042004,1.56025E-4,4.606924E-4,0.0151915,8.996674E-6,5.630009E-5,1.677716E-4,3.244574E-4,0.004259189,4.720506E-4,1.00612E-5,0.005231741,1.390384E-4,1.112462E-4,0.003843927,8.232693E-5,0.001585521,1.647545E-4,3.372975E-4,0.003657109,0.003697194,3.845631E-5,0.006165174,0.003027389,0.01251135,8.861741,1.098727E-4,502686.9,502700.1
8.8,0.01234054,6.283185,3.141593,6.283185,684.1221,0.2365664,-2274179.0,981.064,1.198721E8,981.064,1.000006,0.8921935,0.01052727,7.899966E-7,0.004954925,8.452958E-7,0.03046152,1.563512E-4,4.618709E-4,0.01521543,8.72536E-6,5.639108E-5,1.678576E-4,3.266274E-4,0.00426203,4.739023E-4,9.812399E-6,0.005238403,1.393493E-4,1.118639E-4,0.003847424,8.236503E-5,0.001585566,1.648835E-4,3.374745E-4,0.003659745,0.003697032,3.847527E-5,0.00615841,0.003022905,0.01249185,8.860994,1.100702E-4,502644.6,502657.8
9.0,0.01263315,6.283185,3.141593,6.283185,682.8963,0.2365664,-2128244.0,979.2287,1.19549E8,979.2287,1.000006,0.8921047,0.01054999,7.530246E-7,0.004967787,8.113555E-7,0.03050047,1.566562E-4,4.630026E-4,0.01523802,8.462522E-6,5.647593E-5,1.679377E-4,3.287097E-4,0.004264683,4.756766E-4,9.570072E-6,0.005244638,1.396428E-4,1.12455E-4,0.0038507,8.239963E-5,0.001585577,1.650053E-4,3.376378E-4,0.003662222,0.003696889,3.849254E-5,0.00615204,0.003018685,0.01247348,8.860293,1.102677E-4,502604.8,502618.1
9.2,0.01292629,6.283185,3.141593,6.283185,681.6741,0.2365664,-1991671.0,977.4035,1.192278E8,977.4035,1.000006,0.8920209,0.01057146,7.179663E-7,0.004980014,7.78925E-7,0.03053704,1.569414E-4,4.640895E-4,0.01525934,8.207785E-6,5.655505E-5,1.680121E-4,3.307081E-4,0.00426716,4.773769E-4,9.334034E-6,0.005250474,1.399199E-4,1.130206E-4,0.003853769,8.243103E-5,0.001585557,1.651203E-4,3.377884E-4,0.003664552,0.003696763,3.850827E-5,0.00614604,0.003014711,0.01245618,8.859634,1.104655E-4,502567.4,502580.8
9.4,0.01321994,6.283185,3.141593,6.283185,680.4554,0.2365664,-1864374.0,975.588,1.189082E8,975.588,1.000006,0.8919419,0.01059177,6.846803E-7,0.00499164,7.479246E-7,0.03057139,1.572083E-4,4.651341E-4,0.01527949,7.96075E-6,5.662886E-5,1.680813E-4,3.326265E-4,0.004269476,4.790066E-4,9.103977E-6,0.00525594,1.401817E-4,1.135621E-4,0.003856648,8.245954E-5,0.001585511,1.652288E-4,3.379274E-4,0.003666745,0.003696654,3.852261E-5,0.006140385,0.003010968,0.01243988,8.859014,1.106633E-4,502532.3,502545.7
9.6,0.01351413,6.283185,3.141593,6.283185,679.2401,0.2365664,-1745666.0,973.7816,1.185903E8,973.7816,1.000006,0.8918674,0.01061098,6.530405E-7,0.005002697,7.182838E-7,0.03060366,1.574578E-4,4.661383E-4,0.01529853,7.72094E-6,5.669774E-5,1.681458E-4,3.344684E-4,0.004271641,4.805688E-4,8.879706E-6,0.005261058,1.404288E-4,1.140804E-4,0.003859348,8.24854E-5,0.00158544,1.653314E-4,3.380556E-4,0.003668809,0.003696559,3.853566E-5,0.006135054,0.003007441,0.01242451,8.858431,1.108613E-4,502499.3,502512.7
9.8,0.01380884,6.283185,3.141593,6.283185,678.0283,0.2365664,-1635108.0,971.9842,1.18274E8,971.9842,1.000006,0.891797,0.01062915,6.229631E-7,0.005013214,6.899131E-7,0.030634,1.576913E-4,4.67104E-4,0.01531652,7.488442E-6,5.676202E-5,1.682058E-4,3.362373E-4,0.004273666,4.820664E-4,8.660961E-6,0.005265853,1.406623E-4,1.145768E-4,0.003861881,8.250886E-5,0.001585348,1.654282E-4,3.38174E-4,0.003670753,0.003696478,3.854754E-5,0.006130028,0.003004116,0.01241003,8.857883,1.110594E-4,502468.2,502481.7
10.0,0.01410407,6.283185,3.141593,6.283185,676.8197,0.2365664,-1532328.0,970.1952,1.179591E8,970.1952,1.000007,0.8917306,0.01064635,5.943777E-7,0.005023218,6.627252E-7,0.03066251,1.579097E-4,4.680329E-4,0.01533352,7.263457E-6,5.682202E-5,1.682618E-4,3.379363E-4,0.004275562,4.835024E-4,8.447476E-6,0.005270346,1.40883E-4,1.150522E-4,0.003864258,8.253015E-5,0.001585237,1.655195E-4,3.382832E-4,0.003672586,0.003696409,3.855834E-5,0.006125286,0.003000982,0.01239636,8.857366,1.112577E-4,502438.9,502452.6
10.2,0.01439984,6.283185,3.141593,6.283185,675.6144,0.2365664,-1436838.0,968.4144,1.176457E8,968.4144,1.000007,0.8916679,0.01066262,5.671836E-7,0.005032737,6.366543E-7,0.03068932,1.581139E-4,4.689268E-4,0.0153496,7.045875E-6,5.687805E-5,1.68314E-4,3.395686E-4,0.004277336,4.848793E-4,8.239018E-6,0.005274556,1.410915E-4,1.155075E-4,0.00386649,8.254946E-5,0.001585109,1.656057E-4,3.383839E-4,0.003674313,0.00369635,3.856816E-5,0.006120812,0.002998025,0.01238347,8.856881,1.114562E-4,502411.4,502425.2
10.4,0.01469613,6.283185,3.141593,6.283185,674.4123,0.2365664,-1347927.0,966.6415,1.173336E8,966.6415,1.000007,0.8916086,0.01067802,5.412271E-7,0.005041794,6.116668E-7,0.03071453,1.583049E-4,4.697869E-4,0.01536481,6.835067E-6,5.693038E-5,1.683626E-4,3.41137E-4,0.004278999,4.861996E-4,8.03541E-6,0.005278503,1.412885E-4,1.159437E-4,0.003868586,8.256692E-5,0.001584968,1.656872E-4,3.384769E-4,0.003675942,0.003696302,3.857709E-5,0.00611659,0.002995236,0.01237131,8.856423,1.116549E-4,502385.5,502399.4
10.6,0.01499295,6.283185,3.141593,6.283185,673.2133,0.2365664,-1264919.0,964.8762,1.170229E8,964.8762,1.000007,0.8915526,0.01069259,5.164021E-7,0.005050414,5.877013E-7,0.03073824,1.584836E-4,4.706145E-4,0.01537919,6.630812E-6,5.697925E-5,1.68408E-4,3.42644E-4,0.004280556,4.874657E-4,7.83641E-6,0.005282204,1.414748E-4,1.163616E-4,0.003870554,8.258269E-5,0.001584814,1.657644E-4,3.385628E-4,0.003677479,0.003696263,3.858519E-5,0.006112605,0.002992604,0.01235984,8.855993,1.118538E-4,502361.1,502375.1
10.8,0.01529029,6.283185,3.141593,6.283185,672.0174,0.2365664,-1186911.0,963.1182,1.167135E8,963.1182,1.000007,0.8914998,0.01070639,4.926343E-7,0.005058615,5.646247E-7,0.03076055,1.586506E-4,4.714108E-4,0.0153928,6.432362E-6,5.702492E-5,1.684504E-4,3.440924E-4,0.004282015,4.886798E-4,7.641566E-6,0.005285674,1.416508E-4,1.167621E-4,0.003872403,8.259693E-5,0.001584649,1.658378E-4,3.38642E-4,0.003678929,0.003696233,3.859254E-5,0.006108843,0.002990121,0.012349,8.855588,1.120528E-4,502338.1,502352.2
11.0,0.01558817,6.283185,3.141593,6.283185,670.8246,0.2365664,-1119772.0,961.3673,1.164053E8,961.3673,1.000007,0.8914498,0.01071944,4.69805E-7,0.005066419,5.423404E-7,0.03078153,1.588067E-4,4.721768E-4,0.01540568,6.238733E-6,5.70676E-5,1.684899E-4,3.454844E-4,0.004283383,4.898439E-4,7.450505E-6,0.005288928,1.418172E-4,1.171458E-4,0.00387414,8.260974E-5,0.001584476,1.659077E-4,3.387151E-4,0.003680298,0.00369621,3.85992E-5,0.006105292,0.002987777,0.01233878,8.855206,1.122521E-4,502316.5,502330.6
11.2,0.01588657,6.283185,3.141593,6.283185,669.6347,0.2365664,-1057084.0,959.6232,1.160983E8,959.6232,1.000007,0.8914027,0.01073179,4.480766E-7,0.005073845,5.208677E-7,0.03080127,1.589526E-4,4.729142E-4,0.01541786,6.050897E-6,5.710751E-5,1.685267E-4,3.468225E-4,0.004284666,4.909601E-4,7.263212E-6,0.00529198,1.419745E-4,1.175134E-4,0.003875772,8.262128E-5,0.001584294,1.65974E-4,3.387825E-4,0.00368159,0.003696193,3.860523E-5,0.006101938,0.002985564,0.01232913,8.854846,1.124515E-4,502296.1,502310.2
11.4,0.01618551,6.283185,3.141593,6.283185,668.4478,0.2365664,-992144.8,957.8858,1.157925E8,957.8858,1.000007,0.8913581,0.01074348,4.274994E-7,0.005080909,5.001492E-7,0.03081984,1.590889E-4,4.736238E-4,0.01542938,5.868657E-6,5.714483E-5,1.685612E-4,3.481088E-4,0.00428587,4.920303E-4,7.079427E-6,0.005294843,1.421231E-4,1.178657E-4,0.003877306,8.263169E-5,0.001584107,1.660365E-4,3.388447E-4,0.003682811,0.003696184,3.861069E-5,0.006098772,0.002983476,0.01232002,8.854508,1.126512E-4,502276.9,502291.0
11.6,0.01648498,6.283185,3.141593,6.283185,667.2639,0.2365664,-925077.3,956.1548,1.154879E8,956.1548,1.000007,0.891316,0.01075454,4.079903E-7,0.005087628,4.802402E-7,0.0308373,1.592162E-4,4.743069E-4,0.01544028,5.692182E-6,5.717971E-5,1.685933E-4,3.493452E-4,0.004286999,4.930562E-4,6.89926E-6,0.005297527,1.422635E-4,1.182031E-4,0.003878746,8.264105E-5,0.001583914,1.660955E-4,3.38902E-4,0.003683963,0.003696179,3.86156E-5,0.006095782,0.002981504,0.01231142,8.854189,1.128511E-4,502258.8,502272.9
11.8,0.01678497,6.283185,3.141593,6.283185,666.0828,0.2365664,-858250.5,954.4302,1.151843E8,954.4302,1.000007,0.8912762,0.01076501,3.894258E-7,0.005094019,4.612E-7,0.03085372,1.59335E-4,4.749643E-4,0.0154506,5.521618E-6,5.721234E-5,1.686233E-4,3.505337E-4,0.004288059,4.940394E-4,6.722837E-6,0.005300044,1.423962E-4,1.185265E-4,0.0038801,8.264946E-5,0.001583718,1.66151E-4,3.389548E-4,0.003685051,0.00369618,3.862003E-5,0.00609296,0.002979644,0.0123033,8.853889,1.130512E-4,502241.8,502255.9
12.0,0.0170855,6.283185,3.141593,6.283185,664.9046,0.2365664,-805817.8,952.7116,1.148818E8,952.7116,1.000007,0.8912386,0.01077492,3.718775E-7,0.005100098,4.429559E-7,0.03086916,1.594458E-4,4.755968E-4,0.01546036,5.35667E-6,5.724285E-5,1.686512E-4,3.516763E-4,0.004289055,4.949818E-4,6.549924E-6,0.005302405,1.425215E-4,1.188362E-4,0.003881371,8.265702E-5,0.001583518,1.662032E-4,3.390035E-4,0.003686078,0.003696186,3.8624E-5,0.006090294,0.002977887,0.01229564,8.853606,1.132515E-4,502225.7,502239.8
12.2,0.01738656,6.283185,3.141593,6.283185,663.7292,0.2365664,-757192.1,950.9989,1.145804E8,950.9989,1.000008,0.8912031,0.01078432,3.55387E-7,0.005105879,4.25429E-7,0.03088367,1.595491E-4,4.762049E-4,0.01546959,5.196861E-6,5.727139E-5,1.686773E-4,3.527744E-4,0.004289992,4.95885E-4,6.380307E-6,0.005304619,1.426398E-4,1.19133E-4,0.003882564,8.266384E-5,0.001583317,1.662523E-4,3.390482E-4,0.003687048,0.003696195,3.862756E-5,0.006087778,0.002976229,0.01228841,8.85334,1.13452E-4,502210.7,502224.8
12.4,0.01768816,6.283185,3.141593,6.283185,662.5566,0.2365664,-712308.4,949.292,1.1428E8,949.292,1.000008,0.8911695,0.01079322,3.379497E-7,0.005111378,4.077989E-7,0.03089733,1.596454E-4,4.767895E-4,0.01547832,5.039501E-6,5.729811E-5,1.687017E-4,3.538302E-4,0.004290872,4.967504E-4,6.21329E-6,0.005306697,1.427515E-4,1.194174E-4,0.003883686,8.266997E-5,0.001583114,1.662993E-4,3.390895E-4,0.003687965,0.003696209,3.863074E-5,0.006085401,0.002974663,0.01228159,8.853089,1.136528E-4,502196.5,502210.6
12.6,0.01799028,6.283185,3.141593,6.283185,661.3868,0.2365664,-669394.9,947.5905,1.139805E8,947.5905,1.000008,0.8911375,0.01080168,3.2859E-7,0.005116642,3.984954E-7,0.03091028,1.597372E-4,4.773565E-4,0.01548664,4.889609E-6,5.732307E-5,1.687248E-4,3.548459E-4,0.0042917,4.97579E-4,6.068108E-6,0.005308645,1.42858E-4,1.19691E-4,0.003884749,8.267531E-5,0.001582907,1.663446E-4,3.391277E-4,0.003688836,0.003696223,3.863358E-5,0.006083141,0.002973175,0.0122751,8.852851,1.138539E-4,502183.0,502197.2
12.8,0.01829295,6.283185,3.141593,6.283185,660.2197,0.2365664,-621779.5,945.894,1.136819E8,945.894,1.000008,0.8911068,0.01080986,3.190782E-7,0.005121721,3.860783E-7,0.03092266,1.598237E-4,4.779107E-4,0.0154946,4.743975E-6,5.734632E-5,1.687471E-4,3.558254E-4,0.00429249,4.983765E-4,5.94543E-6,0.00531049,1.4296E-4,1.199546E-4,0.003885763,8.268056E-5,0.001582698,1.663912E-4,3.391632E-4,0.003689674,0.003696236,3.863619E-5,0.006080974,0.002971748,0.01226888,8.852623,1.140551E-4,502170.2,502184.8
13.0,0.01859614,6.283185,3.141593,6.283185,659.0553,0.2365664,-583168.8,944.2031,1.133843E8,944.2031,1.000008,0.8910778,0.01081763,2.990401E-7,0.005126554,3.657473E-7,0.03093429,1.599038E-4,4.784444E-4,0.01550214,4.599711E-6,5.736815E-5,1.68768E-4,3.567697E-4,0.004293236,4.991456E-4,5.804758E-6,0.00531223,1.430563E-4,1.202078E-4,0.003886715,8.268564E-5,0.00158249,1.664356E-4,3.391959E-4,0.003690465,0.003696254,3.863857E-5,0.006078928,0.002970401,0.01226302,8.852409,1.142566E-4,502158.2,502173.2
13.2,0.01889988,6.283185,3.141593,6.283185,657.8936,0.2365664,-554408.1,942.5176,1.130876E8,942.5176,1.000008,0.8910509,0.01082483,2.855095E-7,0.00513109,3.522702E-7,0.03094509,1.599772E-4,4.789511E-4,0.0155092,4.461745E-6,5.738868E-5,1.687869E-4,3.576774E-4,0.004293926,4.998825E-4,5.64064E-6,0.005313855,1.431463E-4,1.204495E-4,0.003887599,8.268975E-5,0.001582284,1.664749E-4,3.392256E-4,0.003691203,0.003696279,3.864064E-5,0.00607702,0.002969145,0.01225755,8.85221,1.144584E-4,502146.9,502161.9
13.4,0.01920415,6.283185,3.141593,6.283185,656.7346,0.2365664,-520950.7,940.8372,1.127919E8,940.8372,1.000008,0.8910252,0.0108317,2.735234E-7,0.005135429,3.393831E-7,0.03095531,1.600461E-4,4.794414E-4,0.01551591,4.327393E-6,5.740787E-5,1.688049E-4,3.58551E-4,0.004294579,5.005878E-4,5.493665E-6,0.005315383,1.432317E-4,1.206816E-4,0.003888435,8.269351E-5,0.001582079,1.665137E-4,3.392531E-4,0.003691905,0.003696304,3.864249E-5,0.006075205,0.002967951,0.01225235,8.852021,1.146604E-4,502136.2,502151.4
13.6,0.01950895,6.283185,3.141593,6.283185,655.5782,0.2365664,-489452.0,939.1618,1.12497E8,939.1618,1.000008,0.8910008,0.01083821,2.58777E-7,0.005139569,3.242432E-7,0.03096497,1.601106E-4,4.79915E-4,0.01552228,4.196668E-6,5.742583E-5,1.688218E-4,3.59392E-4,0.004295194,5.012635E-4,5.354334E-6,0.005316817,1.433127E-4,1.209042E-4,0.003889224,8.269685E-5,0.001581875,1.665512E-4,3.392784E-4,0.003692571,0.00369633,3.864413E-5,0.006073486,0.00296682,0.01224743,8.851843,1.148626E-4,502126.1,502141.4
13.8,0.01981429,6.283185,3.141593,6.283185,654.4245,0.2365664,-455153.8,937.4911,1.122029E8,937.4911,1.000008,0.8909776,0.01084443,2.48017E-7,0.00514353,3.12046E-7,0.03097411,1.60171E-4,4.803734E-4,0.01552835,4.070606E-6,5.744262E-5,1.688378E-4,3.602018E-4,0.004295777,5.019115E-4,5.226788E-6,0.005318169,1.433897E-4,1.211181E-4,0.003889971,8.269994E-5,0.001581672,1.665882E-4,3.393017E-4,0.003693206,0.003696356,3.864559E-5,0.00607185,0.002965744,0.01224275,8.851673,1.150651E-4,502116.6,502132.0
14.0,0.02012018,6.283185,3.141593,6.283185,653.2733,0.2365664,-430815.5,935.8254,1.119098E8,935.8254,1.000008,0.8909559,0.01085026,2.403642E-7,0.005147276,3.034915E-7,0.03098267,1.602266E-4,4.808124E-4,0.01553406,3.948831E-6,5.745838E-5,1.688526E-4,3.609811E-4,0.004296321,5.025327E-4,5.090041E-6,0.005319435,1.434621E-4,1.21323E-4,0.003890669,8.270254E-5,0.001581472,1.666222E-4,3.393231E-4,0.003693802,0.003696385,3.864686E-5,0.006070312,0.002964732,0.01223835,8.851515,1.152679E-4,502107.6,502123.0
14.2,0.0204266,6.283185,3.141593,6.283185,652.1248,0.2365664,-414741.0,934.1643,1.116174E8,934.1643,1.000008,0.8909352,0.01085582,2.249179E-7,0.005150857,2.874521E-7,0.03099076,1.602786E-4,4.812376E-4,0.01553949,3.828095E-6,5.747314E-5,1.688667E-4,3.61732E-4,0.004296836,5.031288E-4,4.959276E-6,0.005320627,1.435309E-4,1.215198E-4,0.003891329,8.2705E-5,0.001581273,1.666559E-4,3.393427E-4,0.003694369,0.003696414,3.864799E-5,0.006068853,0.002963773,0.01223418,8.851365,1.154709E-4,502099.1,502114.6
14.4,0.02073355,6.283185,3.141593,6.283185,650.9789,0.2365664,-376689.7,932.5078,1.113258E8,932.5078,1.000008,0.8909154,0.0108612,2.08928E-7,0.005154305,2.714196E-7,0.03099847,1.603289E-4,4.816511E-4,0.01554469,3.710889E-6,5.748698E-5,1.688802E-4,3.624559E-4,0.004297329,5.03701E-4,4.842771E-6,0.00532175,1.435965E-4,1.217098E-4,0.003891957,8.270748E-5,0.001581075,1.666899E-4,3.393609E-4,0.003694911,0.003696443,3.864897E-5,0.006067458,0.002962855,0.01223019,8.851221,1.156742E-4,502091.0,502106.8
14.6,0.02104112,6.283185,3.141593,6.283185,649.8358,0.2365666,-357539.0,930.8564,1.110352E8,930.8564,1.000009,0.890897,0.01086614,2.078218E-7,0.005157526,2.681728E-7,0.03100561,1.603736E-4,4.820429E-4,0.01554953,3.601525E-6,5.749985E-5,1.688924E-4,3.631491E-4,0.004297782,5.042466E-4,4.71489E-6,0.005322795,1.436576E-4,1.218901E-4,0.003892537,8.270935E-5,0.001580883,1.667198E-4,3.393773E-4,0.003695417,0.003696475,3.86498E-5,0.006066158,0.002962001,0.01222648,8.851088,1.158776E-4,502083.5,502099.3
14.8,0.02134928,6.283185,3.141593,6.283185,648.6955,0.2365669,-337310.2,929.21,1.107454E8,929.21,1.000009,0.8908796,0.01087082,1.98637E-7,0.005160591,2.583108E-7,0.03101231,1.604146E-4,4.824211E-4,0.01555411,3.49309E-6,5.75118E-5,1.68904E-4,3.638144E-4,0.004298207,5.047668E-4,4.595468E-6,0.005323773,1.437154E-4,1.220625E-4,0.003893083,8.271101E-5,0.001580693,1.667501E-4,3.393922E-4,0.003695895,0.003696506,3.865052E-5,0.006064932,0.002961195,0.01222298,8.850963,1.160813E-4,502076.4,502092.2
15.0,0.02165806,6.283185,3.141593,6.283185,647.5582,0.2365675,-317165.5,927.5686,1.104565E8,927.5686,1.000009,0.8908632,0.01087523,1.904901E-7,0.005163499,2.491031E-7,0.03101861,1.604524E-4,4.82785E-4,0.01555844,3.388105E-6,5.752289E-5,1.689148E-4,3.644521E-4,0.004298606,5.052629E-4,4.481886E-6,0.005324686,1.437698E-4,1.222271E-4,0.003893595,8.27125E-5,0.001580506,1.6678E-4,3.394058E-4,0.003696347,0.003696538,3.865112E-5,0.006063775,0.002960435,0.01221969,8.850846,1.162852E-4,502069.7,502085.5
15.2,0.02196743,6.283185,3.141593,6.283185,646.4235,0.2365681,-298196.8,925.9318,1.101684E8,925.9318,1.000009,0.8908477,0.01087941,1.824379E-7,0.005166264,2.399468E-7,0.03102453,1.604873E-4,4.831356E-4,0.01556253,3.285933E-6,5.753323E-5,1.68925E-4,3.650651E-4,0.004298981,5.057374E-4,4.37125E-6,0.005325542,1.438211E-4,1.223848E-4,0.003894076,8.271387E-5,0.001580322,1.668094E-4,3.394182E-4,0.003696774,0.00369657,3.865163E-5,0.006062682,0.002959717,0.01221657,8.850735,1.164893E-4,502063.5,502079.2
15.4,0.02227733,6.283185,3.141593,6.283185,645.2913,0.2365688,-280417.6,924.2993,1.098811E8,924.2993,1.000009,0.890833,0.01088338,1.747082E-7,0.005168903,2.31098E-7,0.03103013,1.605198E-4,4.834743E-4,0.01556641,3.18662E-6,5.754293E-5,1.689347E-4,3.656563E-4,0.004299335,5.061929E-4,4.263038E-6,0.005326349,1.438699E-4,1.225364E-4,0.00389453,8.271513E-5,0.001580141,1.668381E-4,3.394296E-4,0.003697181,0.003696602,3.865206E-5,0.006061644,0.002959035,0.01221362,8.85063,1.166937E-4,502057.5,502073.3
15.6,0.02258767,6.283185,3.141593,6.283185,644.1611,0.2365691,-263838.6,922.67,1.095943E8,922.67,1.000009,0.8908189,0.0108872,1.67276E-7,0.005171446,2.225427E-7,0.03103548,1.605504E-4,4.838037E-4,0.01557014,3.089907E-6,5.755215E-5,1.689439E-4,3.662307E-4,0.004299675,5.066337E-4,4.15685E-6,0.005327119,1.439166E-4,1.226833E-4,0.003894965,8.271631E-5,0.001579963,1.668662E-4,3.394402E-4,0.003697571,0.003696634,3.865244E-5,0.006060649,0.002958381,0.01221079,8.85053,1.168984E-4,502051.8,502067.6
15.8,0.02289847,6.283185,3.141593,6.283185,643.0331,0.2365692,-248143.9,921.0444,1.093082E8,921.0444,1.000009,0.8908054,0.01089085,1.601831E-7,0.005173889,2.143241E-7,0.03104058,1.605791E-4,4.841236E-4,0.01557371,2.996193E-6,5.756089E-5,1.689527E-4,3.667875E-4,0.004299999,5.070592E-4,4.052868E-6,0.005327852,1.439613E-4,1.228252E-4,0.003895378,8.271742E-5,0.001579787,1.668934E-4,3.3945E-4,0.003697944,0.003696666,3.865276E-5,0.006059696,0.002957755,0.01220808,8.850434,1.171035E-4,502046.4,502062.2
16.0,0.02320979,6.283185,3.141593,6.283185,641.9073,0.2365693,-233412.8,919.4226,1.090227E8,919.4226,1.000009,0.8907926,0.01089434,1.534037E-7,0.005176227,2.064242E-7,0.03104542,1.606058E-4,4.84433E-4,0.01557711,2.905285E-6,5.756911E-5,1.68961E-4,3.673255E-4,0.004300306,5.074684E-4,3.95136E-6,0.005328544,1.440039E-4,1.229619E-4,0.003895771,8.271845E-5,0.001579615,1.6692E-4,3.394591E-4,0.003698301,0.003696698,3.865302E-5,0.006058789,0.00295716,0.0122055,8.850344,1.173089E-4,502041.2,502057.0
16.2,0.02352162,6.283185,3.141593,6.283185,640.7839,0.2365692,-219527.5,917.8046,1.08738E8,917.8046,1.000009,0.8907804,0.01089765,1.469354E-7,0.005178462,1.988397E-7,0.03105,1.606306E-4,4.847324E-4,0.01558035,2.817155E-6,5.757684E-5,1.68969E-4,3.678451E-4,0.004300597,5.078617E-4,3.852286E-6,0.005329198,1.440443E-4,1.230935E-4,0.003896142,8.271941E-5,0.001579446,1.66946E-4,3.394675E-4,0.00369864,0.00369673,3.865323E-5,0.006057926,0.002956593,0.01220305,8.850257,1.175145E-4,502036.3,502052.1
16.4,0.02383401,6.283185,3.141593,6.283185,639.663,0.2365692,-206521.7,916.1907,1.084539E8,916.1907,1.000009,0.8907688,0.0109008,1.407588E-7,0.005180595,1.915531E-7,0.03105433,1.606535E-4,4.850215E-4,0.01558343,2.731607E-6,5.75841E-5,1.689765E-4,3.683462E-4,0.004300873,5.082389E-4,3.755809E-6,0.005329815,1.440826E-4,1.2322E-4,0.003896493,8.272032E-5,0.00157928,1.669715E-4,3.394751E-4,0.003698963,0.003696762,3.865339E-5,0.006057107,0.002956055,0.01220073,8.850176,1.177205E-4,502031.7,502047.5
16.6,0.02414694,6.283185,3.141593,6.283185,638.5445,0.2365692,-194351.1,914.5808,1.081706E8,914.5808,1.000009,0.8907577,0.0109038,1.348666E-7,0.005182632,1.845568E-7,0.03105843,1.606747E-4,4.853008E-4,0.01558635,2.648622E-6,5.75909E-5,1.689836E-4,3.688296E-4,0.004301134,5.086008E-4,3.661824E-6,0.005330397,1.44119E-4,1.233415E-4,0.003896825,8.272117E-5,0.001579117,1.669964E-4,3.394821E-4,0.00369927,0.003696793,3.865351E-5,0.006056328,0.002955544,0.01219852,8.850098,1.179267E-4,502027.3,502043.1
16.8,0.02446042,6.283185,3.141593,6.283185,637.4284,0.2365692,-182929.3,912.9747,1.078879E8,912.9747,1.000009,0.8907472,0.01090667,1.292258E-7,0.005184585,1.778191E-7,0.03106233,1.606945E-4,4.855713E-4,0.01558914,2.567996E-6,5.759735E-5,1.689904E-4,3.692973E-4,0.004301383,5.089493E-4,3.570218E-6,0.005330949,1.441538E-4,1.234587E-4,0.003897141,8.2722E-5,0.001578958,1.67021E-4,3.394886E-4,0.003699564,0.003696824,3.86536E-5,0.006055584,0.002955056,0.01219642,8.850025,1.181331E-4,502023.2,502038.9
17.0,0.02477446,6.283185,3.141593,6.283185,636.3148,0.2365692,-172098.8,911.3726,1.076059E8,911.3726,1.00001,0.8907372,0.0109094,1.238485E-7,0.005186449,1.713517E-7,0.03106603,1.607128E-4,4.858327E-4,0.0155918,2.489806E-6,5.76034E-5,1.689969E-4,3.697484E-4,0.004301619,5.092836E-4,3.481032E-6,0.005331471,1.441868E-4,1.235714E-4,0.003897439,8.27228E-5,0.001578802,1.670451E-4,3.394945E-4,0.003699843,0.003696855,3.865365E-5,0.006054877,0.002954592,0.01219442,8.849955,1.183399E-4,502019.2,502035.0
17.2,0.02508905,6.283185,3.141593,6.283185,635.2036,0.2365692,-161773.1,909.7744,1.073246E8,909.7744,1.00001,0.8907277,0.01091199,1.187348E-7,0.005188225,1.651546E-7,0.03106951,1.607295E-4,4.860848E-4,0.01559432,2.414052E-6,5.760906E-5,1.69003E-4,3.701831E-4,0.004301842,5.096037E-4,3.394266E-6,0.005331962,1.44218E-4,1.236795E-4,0.003897721,8.272356E-5,0.00157865,1.670688E-4,3.394999E-4,0.003700108,0.003696885,3.865366E-5,0.006054207,0.002954152,0.01219252,8.849889,1.185469E-4,502015.4,502031.2
17.4,0.02540419,6.283185,3.141593,6.283185,634.0948,0.2365692,-152216.3,908.1799,1.07044E8,908.1799,1.00001,0.8907187,0.01091446,1.138278E-7,0.005189927,1.591806E-7,0.03107282,1.60745E-4,4.86329E-4,0.01559672,2.340428E-6,5.76144E-5,1.690089E-4,3.706036E-4,0.004302054,5.099118E-4,3.309684E-6,0.005332427,1.442478E-4,1.237838E-4,0.003897989,8.27243E-5,0.001578501,1.670921E-4,3.395049E-4,0.003700362,0.003696915,3.865366E-5,0.006053568,0.002953732,0.01219072,8.849826,1.187542E-4,502011.9,502027.7
17.6,0.02571988,6.283185,3.141593,6.283185,632.9884,0.2365692,-143255.7,906.5892,1.06764E8,906.5892,1.00001,0.8907101,0.01091681,1.09142E-7,0.005191551,1.534416E-7,0.03107595,1.607593E-4,4.865648E-4,0.01559901,2.269013E-6,5.761941E-5,1.690144E-4,3.710092E-4,0.004302255,5.102072E-4,3.227345E-6,0.005332867,1.44276E-4,1.23884E-4,0.003898242,8.272502E-5,0.001578356,1.671151E-4,3.395095E-4,0.003700603,0.003696944,3.865363E-5,0.00605296,0.002953333,0.012189,8.849767,1.189618E-4,502008.5,502024.3
17.8,0.02603612,6.283185,3.141593,6.283185,631.8845,0.2365692,-134746.2,905.0024,1.064847E8,905.0024,1.00001,0.890702,0.01091903,1.046876E-7,0.005193095,1.479462E-7,0.0310789,1.607721E-4,4.867921E-4,0.01560117,2.199861E-6,5.762408E-5,1.690197E-4,3.713997E-4,0.004302445,5.104896E-4,3.147291E-6,0.005333278,1.443027E-4,1.2398E-4,0.00389848,8.272571E-5,0.001578214,1.671377E-4,3.395135E-4,0.003700831,0.003696973,3.865357E-5,0.006052386,0.002952956,0.01218738,8.849711,1.191696E-4,502005.3,502021.1
18.0,0.02635291,6.283185,3.141593,6.283185,630.7828,0.2365692,-126771.4,903.4193,1.062061E8,903.4193,1.00001,0.8906942,0.01092116,1.004262E-7,0.005194573,1.426607E-7,0.03108169,1.60784E-4,4.870121E-4,0.01560323,2.132751E-6,5.762848E-5,1.690247E-4,3.717771E-4,0.004302626,5.107611E-4,3.069316E-6,0.005333668,1.443281E-4,1.240725E-4,0.003898705,8.27264E-5,0.001578074,1.6716E-4,3.395172E-4,0.003701049,0.003697001,3.86535E-5,0.006051838,0.002952597,0.01218584,8.849658,1.193777E-4,502002.3,502018.1
18.2,0.02667026,6.283185,3.141593,6.283185,629.6836,0.2365692,-119313.8,901.8398,1.059281E8,901.8398,1.00001,0.8906868,0.01092319,9.634551E-8,0.00519599,1.37574E-7,0.03108435,1.607949E-4,4.872252E-4,0.01560519,2.067609E-6,5.763263E-5,1.690295E-4,3.721423E-4,0.004302798,5.110223E-4,2.993351E-6,0.005334039,1.443523E-4,1.241617E-4,0.00389892,8.272708E-5,0.001577939,1.67182E-4,3.395207E-4,0.003701258,0.003697029,3.865341E-5,0.006051315,0.002952253,0.01218437,8.849607,1.195861E-4,501999.4,502015.2
18.4,0.02698816,6.283185,3.141593,6.283185,628.5867,0.2365691,-112234.2,900.2641,1.056507E8,900.2641,1.00001,0.8906798,0.01092511,9.246332E-8,0.005197339,1.32702E-7,0.03108686,1.608048E-4,4.874307E-4,0.01560706,2.004539E-6,5.763651E-5,1.690341E-4,3.724942E-4,0.00430296,5.112723E-4,2.919493E-6,0.005334387,1.443753E-4,1.242472E-4,0.003899122,8.272775E-5,0.001577806,1.672037E-4,3.395238E-4,0.003701456,0.003697057,3.86533E-5,0.006050819,0.002951928,0.01218297,8.849559,1.197948E-4,501996.7,502012.5
18.6,0.02730661,6.283185,3.141593,6.283185,627.4923,0.2365691,-105565.7,898.692,1.05374E8,898.692,1.00001,0.8906731,0.01092694,8.875547E-8,0.005198627,1.280215E-7,0.03108923,1.608137E-4,4.876294E-4,0.01560883,1.943381E-6,5.764015E-5,1.690384E-4,3.728339E-4,0.004303115,5.11512E-4,2.847621E-6,0.005334716,1.44397E-4,1.243295E-4,0.003899314,8.272842E-5,0.001577677,1.672252E-4,3.395266E-4,0.003701644,0.003697084,3.865318E-5,0.006050348,0.002951619,0.01218165,8.849514,1.200038E-4,501994.2,502009.9
18.8,0.02762562,6.283185,3.141593,6.283185,626.4001,0.2365691,-99380.1,897.1235,1.05098E8,897.1235,1.00001,0.8906668,0.0109287,8.518888E-8,0.005199863,1.235007E-7,0.03109149,1.608219E-4,4.878218E-4,0.01561052,1.883915E-6,5.764359E-5,1.690426E-4,3.731629E-4,0.004303262,5.117428E-4,2.777569E-6,0.005335029,1.444178E-4,1.244089E-4,0.003899496,8.272909E-5,0.00157755,1.672464E-4,3.395292E-4,0.003701825,0.00369711,3.865306E-5,0.006049897,0.002951324,0.01218039,8.84947,1.20213E-4,501991.7,502007.5
19.0,0.02794519,6.283185,3.141593,6.283185,625.3103,0.2365691,-93524.56,895.5587,1.048225E8,895.5587,1.00001,0.8906607,0.01093036,8.178838E-8,0.00520104,1.191636E-7,0.03109362,1.608292E-4,4.880076E-4,0.01561212,1.826304E-6,5.764681E-5,1.690466E-4,3.734801E-4,0.004303401,5.119638E-4,2.709462E-6,0.005335323,1.444375E-4,1.244851E-4,0.003899668,8.272976E-5,0.001577427,1.672673E-4,3.395315E-4,0.003701996,0.003697136,3.865292E-5,0.00604947,0.002951043,0.01217919,8.84943,1.204225E-4,501989.4,502005.2
19.2,0.02826531,6.283185,3.141593,6.283185,624.2229,0.2365691,-87981.12,893.9975,1.045477E8,893.9975,1.00001,0.890655,0.01093194,7.854509E-8,0.005202161,1.150011E-7,0.03109563,1.608357E-4,4.881869E-4,0.01561364,1.770484E-6,5.764981E-5,1.690503E-4,3.737859E-4,0.004303533,5.121753E-4,2.643242E-6,0.0053356,1.444561E-4,1.245582E-4,0.00389983,8.273042E-5,0.001577306,1.67288E-4,3.395335E-4,0.003702159,0.003697161,3.865278E-5,0.006049064,0.002950778,0.01217806,8.849391,1.206323E-4,501987.2,502003.0
19.4,0.02858599,6.283185,3.141593,6.283185,623.1378,0.2365691,-82848.52,892.4398,1.042736E8,892.4398,1.000011,0.8906495,0.01093345,7.542069E-8,0.00520324,1.109747E-7,0.03109756,1.608416E-4,4.883608E-4,0.0156151,1.71617E-6,5.765266E-5,1.69054E-4,3.740826E-4,0.00430366,5.123794E-4,2.578661E-6,0.005335865,1.444739E-4,1.246289E-4,0.003899985,8.27311E-5,0.001577189,1.673085E-4,3.395355E-4,0.003702315,0.003697186,3.865263E-5,0.006048676,0.002950523,0.01217697,8.849354,1.208423E-4,501985.1,502000.9
19.6,0.02890723,6.283185,3.141593,6.283185,622.0551,0.2365691,-77991.76,890.8856,1.04E8,890.8856,1.000011,0.8906443,0.01093489,7.243813E-8,0.005204268,1.071076E-7,0.03109937,1.608469E-4,4.885287E-4,0.01561649,1.663532E-6,5.765533E-5,1.690574E-4,3.743687E-4,0.00430378,5.125748E-4,2.515868E-6,0.005336114,1.444908E-4,1.246969E-4,0.003900131,8.273177E-5,0.001577074,1.673288E-4,3.395372E-4,0.003702464,0.00369721,3.865248E-5,0.006048307,0.002950281,0.01217594,8.849319,1.210527E-4,501983.1,501998.9
19.8,0.02922902,6.283185,3.141593,6.283185,620.9747,0.2365691,-73368.41,889.3351,1.037271E8,889.3351,1.000011,0.8906394,0.01093625,6.959632E-8,0.005205245,1.033983E-7,0.03110108,1.608514E-4,4.886906E-4,0.01561779,1.612565E-6,5.765781E-5,1.690607E-4,3.746445E-4,0.004303893,5.127616E-4,2.45486E-6,0.005336348,1.445068E-4,1.24762E-4,0.003900268,8.273245E-5,0.001576963,1.673489E-4,3.395387E-4,0.003702604,0.003697234,3.865232E-5,0.006047958,0.002950052,0.01217496,8.849286,1.212633E-4,501981.3,501997.1
20.0,0.02955138,6.283185,3.141593,6.283185,619.8966,0.2365691,-69083.82,887.788,1.034548E8,887.788,1.000011,0.8906347,0.01093755,6.679398E-8,0.005206179,9.972849E-8,0.03110269,1.608554E-4,4.888471E-4,0.01561904,1.562664E-6,5.766014E-5,1.690639E-4,3.749109E-4,0.004304,5.129408E-4,2.39535E-6,0.005336569,1.445219E-4,1.248246E-4,0.003900398,8.273314E-5,0.001576854,1.67369E-4,3.395401E-4,0.003702739,0.003697257,3.865216E-5,0.006047625,0.002949834,0.01217404,8.849255,1.214742E-4,501979.5,501995.3
