Distance_PFRC2 (cm),Plug_flow_residence_time_PFRC2 (sec),Internal_surface_area_per_unit_distance_PFRC2 (cm),Cross-section_area_PFRC2 (cm2),External_surface_area_per_unit_distance_PFRC2 (cm),Velocity_PFRC2 (cm/sec),Exit_mass_flow_rate_PFRC2 (g/sec),Volumetric_heat_production_rate_PFRC2 (erg/cm3-sec),Surface_temperature_PFRC2 (K),Heat_loss_rate_PFRC2 (erg/cm-sec),Temperature_PFRC2 (K),Pressure_PFRC2 (atm),Mole_fraction_H2_PFRC2 (),Mole_fraction_H_PFRC2 (),Mole_fraction_CH4_PFRC2 (),Mole_fraction_CH3_PFRC2 (),Mole_fraction_C2H6_PFRC2 (),Mole_fraction_C2H5_PFRC2 (),Mole_fraction_C2H4_PFRC2 (),Mole_fraction_C2H2_PFRC2 (),Mole_fraction_C3H8_PFRC2 (),Mole_fraction_C3H6_PFRC2 (),Mole_fraction_C3H5-A_PFRC2 (),Mole_fraction_C3H4-P_PFRC2 (),Mole_fraction_C3H4-A_PFRC2 (),Mole_fraction_NC4H10_PFRC2 (),Mole_fraction_IC4H8_PFRC2 (),Mole_fraction_C4H8-1_PFRC2 (),Mole_fraction_C4H8-2_PFRC2 (),Mole_fraction_C4H6_PFRC2 (),Mole_fraction_C4H4_PFRC2 (),Mole_fraction_C6H6_PFRC2 (),Mole_fraction_C5H6_PFRC2 (),Mole_fraction_NC5H10_PFRC2 (),Mole_fraction_LC5H8_PFRC2 (),Mole_fraction_NC6H12_PFRC2 (),Mole_fraction_NC7H14_PFRC2 (),Mole_fraction_C7H8_PFRC2 (),Mole_fraction_XYLENE_PFRC2 (),Mole_fraction_NC12H26_PFRC2 (),Mole_fraction_NC16H34_PFRC2 (),Mole_fraction_NC10H20_PFRC2 (),Molecular_weight_PFRC2 (g/mole),Mass_density_PFRC2 (g/cm3),Unburned_hydrocarbons_PFRC2 (ppm),Volatile_organic_compounds_PFRC2 (ppm)
0.0,0.0,6.283185,3.141593,6.283185,932.4327,0.2365664,-1.357575E11,1425.013,0.0,1425.013,1.0,0.9517733,0.0,0.0,0.0,0.0,0.0,0.0,0.0,0.0,0.0,0.0,0.0,0.0,0.0,0.0,0.0,0.0,0.0,0.0,0.0,0.0,0.0,0.0,0.0,0.0,0.0,0.004049169,0.01096512,0.006592285,0.02662015,9.443275,8.075802E-5,535652.9,535652.9
2.567967E-6,2.754101E-9,6.283185,3.141593,6.283185,932.3989,0.2365664,-1.947205E11,1424.922,1.979942E8,1424.922,1.0,0.951747,8.049942E-7,9.641772E-10,1.275465E-6,2.495732E-9,4.301072E-6,3.165702E-6,3.033792E-12,1.060963E-9,4.621668E-6,3.32427E-6,5.2521E-12,1.163735E-10,6.24575E-10,6.031273E-17,2.082407E-6,1.515349E-10,2.936866E-8,2.016197E-16,9.150191E-19,2.332674E-16,1.599063E-6,7.555189E-10,4.03945E-7,1.041557E-6,1.197248E-10,0.004049054,0.01096099,0.006588538,0.02661342,9.443014,8.076095E-5,535638.1,535638.1
2.368667E-5,2.540741E-8,6.283185,3.141593,6.283185,932.1139,0.2365664,-2.193071E11,1424.011,1.978339E8,1424.011,1.0,0.9514308,1.543861E-5,2.116589E-7,2.610006E-5,3.983017E-7,6.785331E-5,7.000983E-5,1.289645E-9,1.339293E-7,7.273083E-5,3.064141E-5,4.530357E-10,9.951958E-9,7.266517E-8,2.26328E-13,3.206213E-5,1.479477E-8,2.634561E-6,2.039605E-13,4.040129E-14,1.418762E-12,2.413171E-5,3.295369E-7,5.813717E-6,1.589803E-5,2.515452E-8,0.004047573,0.01092571,0.006556961,0.02655809,9.439862,8.078564E-5,535459.3,535459.3
1.946083E-4,2.089974E-7,6.283185,3.141593,6.283185,929.9536,0.2365664,-2.543815E11,1415.433,1.963241E8,1415.433,1.0,0.9480866,1.893707E-4,2.923505E-5,4.508001E-4,3.2632E-5,5.757368E-4,0.001377319,6.791763E-7,9.529157E-6,7.425651E-4,2.463814E-4,3.581905E-8,7.299247E-7,5.116011E-6,4.562116E-10,3.002038E-4,1.604991E-6,1.445034E-4,1.926265E-9,5.851598E-10,1.297644E-8,2.339661E-4,3.906031E-5,4.832486E-5,1.900979E-4,3.043453E-6,0.004020786,0.01060147,0.006276991,0.02598238,9.404792,8.097331E-5,533470.0,533470.0
5.705515E-4,6.139492E-7,6.283185,3.141593,6.283185,927.2247,0.2365664,-1.848147E11,1398.205,1.932918E8,1398.205,1.0,0.9402292,2.928787E-4,3.26965E-4,0.001553349,2.042357E-4,8.292999E-4,0.005355525,1.287183E-5,9.034076E-5,0.002542102,5.189182E-4,4.847379E-7,5.829945E-6,4.326385E-5,3.136283E-8,9.353295E-4,1.535781E-5,7.31258E-4,1.869851E-7,3.117395E-8,5.404047E-7,7.769966E-4,2.460469E-4,1.267899E-4,7.172049E-4,2.1401E-5,0.003929891,0.009838336,0.005651057,0.02441188,9.317659,8.121162E-5,528527.6,528527.6
0.001919263,2.069695E-6,6.283185,3.141593,6.283185,926.6023,0.2365664,-6.852234E10,1368.031,1.87981E8,1368.031,1.0,0.9224373,2.075185E-4,0.002312762,0.002192704,9.170679E-4,5.360657E-4,0.01538393,1.102669E-4,5.03006E-4,0.007153835,5.038575E-4,5.592825E-6,2.800253E-5,1.785987E-4,1.065751E-6,0.002592437,8.107192E-5,0.002383644,6.208043E-6,6.175548E-7,7.909413E-6,0.002061753,8.462878E-4,2.77809E-4,0.001961997,8.295253E-5,0.003744672,0.008079161,0.004293245,0.02043824,9.122705,8.126617E-5,517469.1,517469.1
0.00509604,5.495212E-6,6.283185,3.141593,6.283185,927.8703,0.2365664,-2.908197E10,1339.439,1.829486E8,1339.439,1.0,0.9032807,1.121834E-4,0.005583754,0.001358515,0.001882331,3.108061E-4,0.02668385,2.923932E-4,9.841408E-4,0.01210698,4.065323E-4,2.045445E-5,5.828629E-5,3.072631E-4,6.023169E-6,0.004236578,1.849546E-4,0.004304841,3.25973E-5,3.014259E-6,3.048735E-5,0.003179858,0.001466154,4.075936E-4,0.003036438,1.61955E-4,0.003576744,0.006262072,0.00300573,0.01604256,8.919836,8.115511E-5,505962.2,505962.2
0.006005153,6.47494E-6,6.283185,3.141593,6.283185,927.9652,0.2365664,-2.497202E10,1334.312,1.820461E8,1334.312,1.0,0.8999122,9.900091E-5,0.00621215,0.001214145,0.002047307,2.797407E-4,0.02871266,3.325601E-4,0.001057444,0.01294609,3.947686E-4,2.423197E-5,6.441222E-5,3.252033E-4,7.589567E-6,0.004484853,2.051967E-4,0.004650206,3.973536E-5,3.754581E-6,3.641836E-5,0.00333933,0.001562736,4.266314E-4,0.003182996,1.768144E-4,0.003547586,0.005957785,0.002802632,0.0152816,8.88478,8.114681E-5,503976.9,503978.2
0.006126539,6.605748E-6,6.283185,3.141593,6.283185,927.9725,0.2365664,-2.446767E10,1333.683,1.819354E8,1333.683,1.0,0.8995017,9.744534E-5,0.006289631,0.001197222,0.00206723,2.760942E-4,0.02896086,3.376266E-4,0.001066094,0.01304758,3.933654E-4,2.471817E-5,6.518069E-5,3.272866E-4,7.799621E-6,0.004514239,2.077175E-4,0.004692435,4.065371E-5,3.853404E-6,3.71868E-5,0.003357959,0.001574187,4.288711E-4,0.003199912,1.786453E-4,0.003544023,0.005921047,0.002778372,0.01518925,8.880521,8.114617E-5,503736.3,503738.0
0.006174092,6.656993E-6,6.283185,3.141593,6.283185,927.9752,0.2365664,-2.429468E10,1333.439,1.818926E8,1333.439,1.0,0.8993429,9.687293E-5,0.006319616,0.001190738,0.002074915,2.747015E-4,0.02905687,3.395936E-4,0.001069419,0.01308679,3.928274E-4,2.490752E-5,6.54789E-5,3.280855E-4,7.881936E-6,0.004525569,2.087208E-4,0.004708757,4.101122E-5,3.892101E-6,3.748635E-5,0.00336511,0.001578593,4.297316E-4,0.003206394,1.793537E-4,0.003542644,0.005906869,0.002769025,0.01515359,8.878874,8.114594E-5,503643.8,503645.9
0.006292251,6.784322E-6,6.283185,3.141593,6.283185,927.981,0.2365664,-2.383813E10,1332.842,1.817875E8,1332.842,1.0,0.8989543,9.547354E-5,0.00639324,0.001174954,0.00209373,2.713083E-4,0.029292,3.444385E-4,0.00107753,0.01318263,3.915123E-4,2.537525E-5,6.621304E-5,3.300297E-4,8.08653E-6,0.004553074,2.110425E-4,0.004748785,4.189406E-5,3.988212E-6,3.822703E-5,0.003382525,0.00158935,4.318298E-4,0.00322215,1.81093E-4,0.003539266,0.00587217,0.002746184,0.01506624,8.874846,8.114544E-5,503415.3,503417.2
0.006471177,6.977134E-6,6.283185,3.141593,6.283185,927.9885,0.2365664,-2.322594E10,1331.958,1.81632E8,1331.958,1.0,0.8983791,9.340982E-5,0.006502424,0.001151934,0.002121485,2.66368E-4,0.02964024,3.51664E-4,0.001089422,0.0133242,3.895827E-4,2.607642E-5,6.730693E-5,3.328683E-4,8.396514E-6,0.004593503,2.145649E-4,0.004808025,4.321622E-5,4.133632E-6,3.933922E-5,0.003407992,0.001605148,4.34903E-4,0.003245119,1.836727E-4,0.003534263,0.005820966,0.002712573,0.01493718,8.868889,8.114478E-5,503078.4,503080.8
0.006497485,7.005483E-6,6.283185,3.141593,6.283185,927.9894,0.2365664,-2.310603E10,1331.83,1.816094E8,1331.83,1.0,0.8982959,9.310914E-5,0.006518251,0.001148624,0.002125493,2.656534E-4,0.02969065,3.527153E-4,0.001091133,0.01334464,3.893035E-4,2.617878E-5,6.746599E-5,3.332753E-4,8.442099E-6,0.004599318,2.150747E-4,0.004816598,4.340914E-5,4.154997E-6,3.950178E-5,0.003411646,0.001607421,4.353446E-4,0.003248408,1.840466E-4,0.003533539,0.005813572,0.002707729,0.01491852,8.868028,8.11447E-5,503029.7,503032.2
0.006528396,7.038792E-6,6.283185,3.141593,6.283185,927.9905,0.2365664,-2.30245E10,1331.681,1.815831E8,1331.681,1.0,0.8981985,9.276732E-5,0.006536769,0.001144762,0.002130179,2.648213E-4,0.02974964,3.539467E-4,0.001093129,0.01336856,3.88978E-4,2.629881E-5,6.765229E-5,3.337499E-4,8.495661E-6,0.004606125,2.156887E-4,0.004826626,4.363529E-5,4.180095E-6,3.969243E-5,0.00341591,0.001610076,4.358601E-4,0.003252242,1.844841E-4,0.003532691,0.005804928,0.002702069,0.01489671,8.86702,8.11446E-5,502973.0,502975.6
0.006818202,7.351085E-6,6.283185,3.141593,6.283185,927.9973,0.2365664,-2.208594E10,1330.308,1.813415E8,1330.308,1.0,0.8973085,8.960758E-5,0.006706682,0.001109913,0.002172939,2.573028E-4,0.03028954,3.65306E-4,0.001111231,0.01358679,3.859974E-4,2.741175E-5,6.936986E-5,3.380352E-4,8.997823E-6,0.004667778,2.212149E-4,0.004918425,4.573048E-5,4.415055E-6,4.146356E-5,0.003454448,0.001634162,4.405286E-4,0.003286766,1.884972E-4,0.003524937,0.005726075,0.002650583,0.01469748,8.857815,8.1144E-5,502453.9,502457.6
0.006862013,7.398295E-6,6.283185,3.141593,6.283185,927.9981,0.2365664,-2.192847E10,1330.106,1.813058E8,1330.106,1.0,0.8971773,8.91701E-5,0.006731802,0.001104832,0.002179225,2.562017E-4,0.03036919,3.669945E-4,0.001113874,0.01361888,3.85561E-4,2.757807E-5,6.962508E-5,3.386577E-4,9.073721E-6,0.004676792,2.220377E-4,0.004931965,4.604324E-5,4.450515E-6,4.172871E-5,0.003460055,0.001637683,4.412094E-4,0.003291771,1.890904E-4,0.003523793,0.005714483,0.002643037,0.01466815,8.85646,8.114394E-5,502377.4,502381.4
0.007075053,7.627865E-6,6.283185,3.141593,6.283185,927.9999,0.2365664,-2.127843E10,1329.138,1.811355E8,1329.138,1.0,0.8965515,8.706835E-5,0.006851926,0.001080902,0.002209159,2.51044E-4,0.03074929,3.75103E-4,0.001126394,0.01377166,3.834897E-4,2.837997E-5,7.085025E-5,3.41597E-4,9.442758E-6,0.004719407,2.258601E-4,0.004996607,4.754951E-5,4.622732E-6,4.300871E-5,0.00348656,0.001654387,4.44432E-4,0.003315362,1.919271E-4,0.003518328,0.005659279,0.00260718,0.01452835,8.849999,8.114378E-5,502012.0,502016.3
0.007315366,7.886823E-6,6.283185,3.141593,6.283185,927.9998,0.2365664,-2.059625E10,1328.081,1.809496E8,1328.081,1.0,0.8958694,8.482106E-5,0.006983405,0.001055355,0.002241678,2.45532E-4,0.03116404,3.840447E-4,0.001139868,0.01393764,3.812493E-4,2.927064E-5,7.220063E-5,3.447396E-4,9.858908E-6,0.004765239,2.299825E-4,0.005067143,4.921881E-5,4.816521E-6,4.443368E-5,0.00351495,0.0016724,4.478933E-4,0.003340503,1.950324E-4,0.00351236,0.005599307,0.002568385,0.0143762,8.842966,8.114379E-5,501613.0,501617.4
0.01069819,1.153236E-5,6.283185,3.141593,6.283185,927.8275,0.2365664,-1.406152E10,1315.996,1.788224E8,1315.996,1.0,0.8881622,6.234857E-5,0.008509766,7.997282E-4,0.002602402,1.893116E-4,0.03588606,4.921309E-4,0.001280398,0.01577573,3.560995E-4,4.052384E-5,8.857302E-5,3.761165E-4,1.564406E-5,0.005243467,2.766823E-4,0.005869101,6.995171E-5,7.470671E-6,6.268718E-5,0.003800111,0.00186133,4.833514E-4,0.003583829,2.310243E-4,0.003444146,0.004936503,0.002150363,0.01267703,8.764118,8.115885E-5,497140.9,497145.4
0.01174077,1.265609E-5,6.283185,3.141593,6.283185,927.7391,0.2365664,-1.277743E10,1313.041,1.783024E8,1313.041,1.0,0.8863023,5.775416E-5,0.008890576,7.467124E-4,0.002687826,1.773633E-4,0.03703565,5.201521E-4,0.001311114,0.01620842,3.500109E-4,4.358754E-5,9.2861E-5,3.825643E-4,1.738601E-5,0.005347761,2.880786E-4,0.006063841,7.5469E-5,8.256753E-6,6.772805E-5,0.003858645,0.001902631,4.908466E-4,0.003630976,2.399741E-4,0.003427446,0.004780813,0.002055173,0.0122732,8.745276,8.116658E-5,496074.8,496080.0
0.01208802,1.30304E-5,6.283185,3.141593,6.283185,927.7077,0.2365664,-1.242743E10,1312.116,1.781395E8,1312.116,1.0,0.8857214,5.633094E-5,0.009010555,7.307454E-4,0.002714385,1.737366E-4,0.03739558,5.290514E-4,0.001320455,0.0163427,3.480917E-4,4.457302E-5,9.422857E-5,3.844902E-4,1.796102E-5,0.005379554,2.917747E-4,0.006124719,7.723232E-5,8.515109E-6,6.935539E-5,0.003876068,0.001915154,4.930987E-4,0.00364475,2.4279E-4,0.003422213,0.004732568,0.002025916,0.0121477,8.739407,8.116933E-5,495745.2,495751.6
0.01211249,1.305678E-5,6.283185,3.141593,6.283185,927.7054,0.2365664,-1.234739E10,1312.051,1.781282E8,1312.051,1.0,0.8856812,5.624923E-5,0.009018891,7.296412E-4,0.002716224,1.734836E-4,0.03742053,5.296707E-4,0.001321098,0.01635198,3.479596E-4,4.464182E-5,9.432388E-5,3.84622E-4,1.800144E-5,0.005381739,2.920273E-4,0.00612894,7.735523E-5,8.533248E-6,6.946909E-5,0.00387726,0.001916016,4.932533E-4,0.003645688,2.429855E-4,0.003421851,0.004729231,0.002023897,0.01213902,8.739001,8.116953E-5,495722.3,495728.8
0.01220258,1.315388E-5,6.283185,3.141593,6.283185,927.697,0.2365664,-1.226087E10,1311.816,1.780868E8,1311.816,1.0,0.885534,5.591947E-5,0.009049438,7.256157E-4,0.002722956,1.72567E-4,0.03751182,5.319417E-4,0.001323447,0.01638591,3.474747E-4,4.489439E-5,9.467351E-5,3.851031E-4,1.81501E-5,0.005389685,2.929171E-4,0.006144399,7.780618E-5,8.599947E-6,6.988664E-5,0.00388161,0.001919164,4.938175E-4,0.003649105,2.43702E-4,0.003420522,0.004717018,0.00201651,0.01210722,8.737515,8.117026E-5,495638.2,495644.7
0.01236402,1.332791E-5,6.283185,3.141593,6.283185,927.6823,0.2365664,-1.21342E10,1311.399,1.780134E8,1311.399,1.0,0.8852725,5.53193E-5,0.009103666,7.185881E-4,0.00273488,1.709815E-4,0.03767396,5.359789E-4,0.001327593,0.01644614,3.46618E-4,4.534439E-5,9.529545E-5,3.859497E-4,1.841611E-5,0.005403794,2.945915E-4,0.006171804,7.860849E-5,8.719206E-6,7.063097E-5,0.003889255,0.001924719,4.948106E-4,0.003655092,2.449741E-4,0.003418162,0.004695386,0.002003446,0.01205087,8.734876,8.117155E-5,495490.2,495497.3
0.01239284,1.335898E-5,6.283185,3.141593,6.283185,927.6795,0.2365664,-1.206096E10,1311.325,1.780004E8,1311.325,1.0,0.8852263,5.520521E-5,0.009113282,7.173456E-4,0.002736991,1.706994E-4,0.03770266,5.366955E-4,0.001328325,0.01645678,3.464656E-4,4.54244E-5,9.540591E-5,3.860987E-4,1.846356E-5,0.005406269,2.948733E-4,0.006176659,7.875101E-5,8.740465E-6,7.076338E-5,0.003890601,0.001925699,4.949857E-4,0.003656143,2.451997E-4,0.003417745,0.00469156,0.002001138,0.0120409,8.73441,8.11718E-5,495463.8,495470.9
0.01282291,1.382258E-5,6.283185,3.141593,6.283185,927.6393,0.2365664,-1.164407E10,1310.246,1.778104E8,1310.246,1.0,0.8845501,5.370199E-5,0.009254249,6.99455E-4,0.002767808,1.666594E-4,0.0381224,5.47228E-4,0.001338932,0.01661194,3.442638E-4,4.660501E-5,9.703147E-5,3.882459E-4,1.916925E-5,0.00544211,2.989854E-4,0.006247663,8.084865E-5,9.056251E-6,7.271849E-5,0.003909965,0.001939911,4.975114E-4,0.003671177,2.48506E-4,0.003411625,0.004635721,0.001967538,0.01189528,8.727596,8.117531E-5,495077.9,495085.3
0.01323777,1.426981E-5,6.283185,3.141593,6.283185,927.6,0.2365664,-1.12616E10,1309.238,1.77633E8,1309.238,1.0,0.8839195,5.229176E-5,0.009386247,6.832225E-4,0.002796468,1.629904E-4,0.03851419,5.571344E-4,0.001348677,0.01675608,3.422123E-4,4.772304E-5,9.856361E-5,3.901981E-4,1.98464E-5,0.00547503,3.028768E-4,0.006313876,8.282669E-5,9.358605E-6,7.457279E-5,0.003927517,0.001952951,4.998122E-4,0.00368465,2.516013E-4,0.003405907,0.00458388,0.001936482,0.01175988,8.721252,8.117875E-5,494720.3,494728.4
0.01328271,1.431827E-5,6.283185,3.141593,6.283185,927.5954,0.2365664,-1.124178E10,1309.13,1.776141E8,1309.13,1.0,0.8838527,5.209436E-5,0.009400322,6.815181E-4,0.002799513,1.625906E-4,0.03855586,5.581923E-4,0.001349706,0.01677138,3.41982E-4,4.784287E-5,9.872747E-5,3.904035E-4,1.991951E-5,0.005478504,3.032946E-4,0.006320915,8.303849E-5,9.391206E-6,7.477188E-5,0.003929353,0.001954318,5.000539E-4,0.003686046,2.51931E-4,0.003405301,0.004578391,0.001933201,0.01174554,8.720579,8.117915E-5,494682.2,494690.4
0.01331436,1.435238E-5,6.283185,3.141593,6.283185,927.5926,0.2365664,-1.125083E10,1309.055,1.776008E8,1309.055,1.0,0.8838054,5.200186E-5,0.009410202,6.803125E-4,0.00280165,1.623076E-4,0.0385852,5.589352E-4,0.001350427,0.01678216,3.418252E-4,4.792706E-5,9.88426E-5,3.905469E-4,1.997093E-5,0.005480983,3.03633E-4,0.006325856,8.318721E-5,9.41414E-6,7.491172E-5,0.003930637,0.001955278,5.00223E-4,0.003687022,2.521623E-4,0.003404873,0.004574535,0.001930898,0.01173546,8.720105,8.11794E-5,494656.1,494664.7
0.01340906,1.445448E-5,6.283185,3.141593,6.283185,927.5833,0.2365664,-1.111094E10,1308.831,1.775614E8,1308.831,1.0,0.8836657,5.172402E-5,0.009439643,6.767192E-4,0.002808008,1.614705E-4,0.0386722,5.611496E-4,0.001352567,0.01681403,3.413621E-4,4.817831E-5,9.918598E-5,3.909719E-4,2.012474E-5,0.005488188,3.044785E-4,0.006340569,8.363069E-5,9.482701E-6,7.532905E-5,0.003934447,0.001958131,5.00725E-4,0.003689915,2.528517E-4,0.003403604,0.004563067,0.001924052,0.01170547,8.7187,8.118021E-5,494576.4,494585.0
0.01398405,1.507437E-5,6.283185,3.141593,6.283185,927.528,0.2365664,-1.076808E10,1307.504,1.773278E8,1307.504,1.0,0.8828365,4.998991E-5,0.009614403,6.559844E-4,0.002845548,1.567237E-4,0.03918821,5.743336E-4,0.001365087,0.01700251,3.386406E-4,4.968223E-5,1.012342E-4,3.934376E-4,2.105451E-5,0.005530636,3.098606E-4,0.006427618,8.627628E-5,9.896461E-6,7.782985E-5,0.003956481,0.001974808,5.036407E-4,0.003706497,2.569436E-4,0.003396068,0.0044954,0.001883793,0.01152835,8.710377,8.118505E-5,494111.7,494122.9
0.01399999,1.509156E-5,6.283185,3.141593,6.283185,927.5261,0.2365664,-1.064453E10,1307.468,1.773214E8,1307.468,1.0,0.8828143,4.990695E-5,0.009619158,6.554348E-4,0.002846565,1.565991E-4,0.0392022,5.74693E-4,0.001365423,0.0170076,3.385642E-4,4.972342E-5,1.012901E-4,3.935035E-4,2.10802E-5,0.00553177,3.100008E-4,0.006429978,8.634859E-5,9.907875E-6,7.789849E-5,0.003957068,0.001975255,5.037186E-4,0.003706935,2.57055E-4,0.003395865,0.004493574,0.00188271,0.01152357,8.710154,8.118522E-5,494099.1,494110.4
0.01403983,1.513451E-5,6.283185,3.141593,6.283185,927.5218,0.2365664,-1.063144E10,1307.378,1.773056E8,1307.378,1.0,0.8827588,4.9691E-5,0.009631014,6.540367E-4,0.002849101,1.562649E-4,0.03923703,5.755889E-4,0.001366262,0.01702027,3.383646E-4,4.982612E-5,1.014296E-4,3.936675E-4,2.114431E-5,0.005534588,3.103479E-4,0.006435858,8.652905E-5,9.936354E-6,7.806976E-5,0.003958523,0.00197636,5.039125E-4,0.003708015,2.573323E-4,0.003395359,0.004489031,0.001880015,0.01151166,8.709595,8.11856E-5,494067.7,494079.0
0.01406402,1.516059E-5,6.283185,3.141593,6.283185,927.5191,0.2365664,-1.056623E10,1307.323,1.77296E8,1307.323,1.0,0.8827252,4.961028E-5,0.009638197,6.531839E-4,0.002850636,1.560608E-4,0.03925808,5.761317E-4,0.001366769,0.01702791,3.382471E-4,4.988834E-5,1.015142E-4,3.937665E-4,2.118319E-5,0.005536278,3.105409E-4,0.006439422,8.663838E-5,9.953631E-6,7.817348E-5,0.003959403,0.001977029,5.040297E-4,0.003708668,2.575002E-4,0.003395052,0.004486279,0.001878384,0.01150445,8.709258,8.118583E-5,494048.4,494059.7
0.01458712,1.572459E-5,6.283185,3.141593,6.283185,927.4676,0.2365664,-1.015829E10,1306.173,1.770935E8,1306.173,1.0,0.882008,4.826124E-5,0.009790728,6.35752E-4,0.002883082,1.521008E-4,0.03970517,5.876917E-4,0.001377396,0.01718994,3.359166E-4,5.121988E-5,1.033176E-4,3.958251E-4,2.202167E-5,0.005571873,3.148544E-4,0.006514918,8.896723E-5,1.032566E-5,8.039207E-5,0.0039777,0.001991153,5.064726E-4,0.003722185,2.61069E-4,0.003388505,0.004427961,0.001843905,0.01135151,8.702075,8.119034E-5,493641.6,493653.2
0.01526536,1.645589E-5,6.283185,3.141593,6.283185,927.4007,0.2365664,-9.680651E9,1304.742,1.768417E8,1304.742,1.0,0.8811175,4.644668E-5,0.009981261,6.147868E-4,0.002923271,1.472736E-4,0.04026131,6.022022E-4,0.001390347,0.01739023,3.330002E-4,5.290586E-5,1.055882E-4,3.982965E-4,2.31003E-5,0.005615246,3.203734E-4,0.006608687,9.189951E-5,1.080305E-5,8.320576E-5,0.003999515,0.002008302,5.094073E-4,0.003737995,2.655246E-4,0.003380355,0.004355946,0.001801571,0.01116231,8.693174,8.11962E-5,493140.3,493153.4
0.01535795,1.655573E-5,6.283185,3.141593,6.283185,927.3917,0.2365664,-9.640801E9,1304.552,1.768083E8,1304.552,1.0,0.8809991,4.622284E-5,0.01000666,6.120282E-4,0.0029286,1.466326E-4,0.04033529,6.041416E-4,0.001392046,0.01741677,3.326111E-4,5.313245E-5,1.058924E-4,3.986173E-4,2.324674E-5,0.005620967,3.211484E-4,0.006621141,9.229236E-5,1.086777E-5,8.358431E-5,0.004002333,0.002010545,5.097888E-4,0.00374001,2.661181E-4,0.00337927,0.004346416,0.00179599,0.01113725,8.691991,8.119699E-5,493074.5,493088.0
0.01557043,1.678485E-5,6.283185,3.141593,6.283185,927.3705,0.2365664,-9.515212E9,1304.12,1.767323E8,1304.12,1.0,0.8807307,4.57081E-5,0.01006444,6.058108E-4,0.002940694,1.451896E-4,0.04050317,6.085556E-4,0.001395886,0.01747688,3.31725E-4,5.364928E-5,1.065855E-4,3.993398E-4,2.358204E-5,0.005633825,3.228437E-4,0.006649426,9.318743E-5,1.101586E-5,8.444824E-5,0.004008667,0.002015606,5.106481E-4,0.003744516,2.674676E-4,0.003376808,0.004324812,0.001783355,0.01108041,8.689313,8.119884E-5,492924.1,492938.4
0.01565985,1.688128E-5,6.283185,3.141593,6.283185,927.3617,0.2365664,-9.454167E9,1303.941,1.767006E8,1303.941,1.0,0.8806189,4.54706E-5,0.01008854,6.032338E-4,0.002945728,1.445922E-4,0.04057313,6.103986E-4,0.001397478,0.01750188,3.313558E-4,5.386554E-5,1.068751E-4,3.99638E-4,2.372287E-5,0.005639157,3.235567E-4,0.006661208,9.356145E-5,1.107802E-5,8.480987E-5,0.004011278,0.002017703,5.11003E-4,0.003746364,2.680305E-4,0.003375782,0.004315825,0.001778106,0.01105675,8.688198,8.119961E-5,492861.7,492876.2
0.01577686,1.700746E-5,6.283185,3.141593,6.283185,927.35,0.2365664,-9.35441E9,1303.707,1.766595E8,1303.707,1.0,0.8804738,4.51994E-5,0.01011987,5.999033E-4,0.002952264,1.43823E-4,0.04066396,6.127966E-4,0.001399539,0.0175343,3.308798E-4,5.414734E-5,1.072523E-4,4.00023E-4,2.390687E-5,0.005646033,3.244585E-4,0.006676512,9.404833E-5,1.115921E-5,8.528115E-5,0.004014644,0.002020417,5.114614E-4,0.003748738,2.687623E-4,0.003374449,0.004304161,0.0017713,0.01102604,8.686751,8.120063E-5,492780.3,492795.1
0.01618124,1.744353E-5,6.283185,3.141593,6.283185,927.3098,0.2365664,-9.117025E9,1302.914,1.765199E8,1302.914,1.0,0.8799809,4.427407E-5,0.01022657,5.888187E-4,0.002974445,1.412723E-4,0.04097256,6.209751E-4,0.001406487,0.01764421,3.29267E-4,5.511185E-5,1.085403E-4,4.013129E-4,2.454055E-5,0.005669123,3.27473E-4,0.0067285,9.571088E-5,1.143855E-5,8.689514E-5,0.004025878,0.002029553,5.129964E-4,0.003756591,2.712536E-4,0.003369914,0.004264624,0.001748284,0.01092187,8.68184,8.120415E-5,492503.4,492519.0
0.01623233,1.749862E-5,6.283185,3.141593,6.283185,927.3051,0.2365664,-9.12165E9,1302.814,1.765024E8,1302.814,1.0,0.8799188,4.415373E-5,0.01023987,5.874612E-4,0.002977201,1.409638E-4,0.0410113,6.219965E-4,0.001407345,0.01765803,3.290675E-4,5.523271E-5,1.087014E-4,4.014711E-4,2.462036E-5,0.005672114,3.279934E-4,0.006734966,9.591868E-5,1.14737E-5,8.709755E-5,0.004027252,0.002030681,5.131846E-4,0.003757544,2.715642E-4,0.003369346,0.004259707,0.001745428,0.01090891,8.681222,8.120456E-5,492471.1,492487.6
0.01628855,1.755925E-5,6.283185,3.141593,6.283185,927.299,0.2365664,-9.044184E9,1302.706,1.764833E8,1302.706,1.0,0.8798521,4.393641E-5,0.01025447,5.859412E-4,0.002980228,1.405956E-4,0.04105338,6.231175E-4,0.001408287,0.01767296,3.288301E-4,5.536536E-5,1.088782E-4,4.016451E-4,2.470809E-5,0.005675218,3.283864E-4,0.006742061,9.614719E-5,1.151234E-5,8.732002E-5,0.004028756,0.002031907,5.133913E-4,0.00375858,2.71905E-4,0.00336873,0.004254339,0.001742311,0.01089475,8.680557,8.12051E-5,492433.2,492449.8
0.01632444,1.759795E-5,6.283185,3.141593,6.283185,927.2954,0.2365664,-9.011386E9,1302.637,1.764712E8,1302.637,1.0,0.8798093,4.38821E-5,0.01026377,5.849663E-4,0.002982153,1.403608E-4,0.04108019,6.238309E-4,0.001408885,0.01768247,3.286867E-4,5.544982E-5,1.089908E-4,4.017551E-4,2.476401E-5,0.005677213,3.286589E-4,0.006746576,9.629256E-5,1.153697E-5,8.746151E-5,0.004029708,0.002032688,5.135223E-4,0.003759236,2.721217E-4,0.003368337,0.004250919,0.001740326,0.01088574,8.680131,8.120541E-5,492409.3,492426.0
0.0177434,1.912828E-5,6.283185,3.141593,6.283185,927.156,0.2365664,-8.23498E9,1300.036,1.760134E8,1300.036,1.0,0.878195,4.104795E-5,0.01061703,5.502718E-4,0.003054626,1.323346E-4,0.04209291,6.510832E-4,0.001430985,0.01803912,3.234391E-4,5.870828E-5,1.133063E-4,4.057459E-4,2.695609E-5,0.005749754,3.381777E-4,0.006917092,1.018576E-4,1.250005E-5,9.292443E-5,0.004063943,0.00206156,5.182699E-4,0.003782252,2.803621E-4,0.0033534,0.004122382,0.001666183,0.01054623,8.664104,8.121762E-5,491500.3,491517.5
0.01841356,1.985111E-5,6.283185,3.141593,6.283185,927.0922,0.2365664,-7.921497E9,1298.884,1.758107E8,1298.884,1.0,0.8774795,3.97787E-5,0.01077509,5.352878E-4,0.003086655,1.288128E-4,0.04254292,6.633465E-4,0.001440502,0.01819586,3.211051E-4,6.019353E-5,1.152584E-4,4.074148E-4,2.797692E-5,0.005780968,3.426252E-4,0.006992713,1.043734E-4,1.294728E-5,9.541887E-5,0.004078023,0.002073887,5.202541E-4,0.003791303,2.840438E-4,0.003346751,0.004065876,0.001633873,0.01039663,8.657022,8.122321E-5,491101.3,491120.3
0.0184344,1.987359E-5,6.283185,3.141593,6.283185,927.0902,0.2365664,-7.923344E9,1298.849,1.758045E8,1298.849,1.0,0.8774577,3.973942E-5,0.01077992,5.34838E-4,0.00308763,1.28708E-4,0.04255666,6.637218E-4,0.001440789,0.01820063,3.210333E-4,6.023917E-5,1.153182E-4,4.074647E-4,2.80085E-5,0.005781915,3.427686E-4,0.006995017,1.044506E-4,1.296111E-5,9.549557E-5,0.00407844,0.002074257,5.203134E-4,0.003791567,2.841562E-4,0.003346548,0.00406416,0.001632894,0.01039208,8.656807,8.122339E-5,491089.3,491108.4
0.01864435,2.010006E-5,6.283185,3.141593,6.283185,927.0694,0.2365664,-7.809338E9,1298.497,1.757426E8,1298.497,1.0,0.8772402,3.937168E-5,0.01082828,5.303954E-4,0.003097377,1.276742E-4,0.04269364,6.674798E-4,0.001443652,0.01824816,3.20317E-4,6.069692E-5,1.159183E-4,4.079613E-4,2.83261E-5,0.00579119,3.440353E-4,0.007018064,1.052237E-4,1.310009E-5,9.626504E-5,0.004082583,0.002077945,5.209027E-4,0.003794171,2.852815E-4,0.003344522,0.004047016,0.001623129,0.01034665,8.654656,8.12252E-5,490967.4,490986.5
0.02050927,2.211189E-5,6.283185,3.141593,6.283185,926.8905,0.2365664,-7.034279E9,1295.55,1.752238E8,1295.55,1.0,0.8754157,3.640262E-5,0.01123744,4.946896E-4,0.003178951,1.192835E-4,0.04384428,6.993965E-4,0.001467048,0.01864379,3.14334E-4,6.463069E-5,1.210424E-4,4.1191E-4,3.110824E-5,0.005866343,3.547202E-4,0.007211291,1.118158E-4,1.431461E-5,1.028877E-4,0.004114806,0.002107806,5.255634E-4,0.003813393,2.947874E-4,0.003327456,0.003904281,0.001542465,0.00996763,8.636675,8.124088E-5,489949.1,489969.1
0.02567137,2.768259E-5,6.283185,3.141593,6.283185,926.4223,0.2365664,-5.497749E9,1288.689,1.740162E8,1288.689,1.0,0.8711768,3.020718E-5,0.01221673,4.195317E-4,0.003367986,1.014758E-4,0.04653356,7.765372E-4,0.001517377,0.01954164,3.004858E-4,7.447417E-5,1.336371E-4,4.196403E-4,3.845781E-5,0.006022104,3.788979E-4,0.007661279,1.279456E-4,1.750605E-5,1.195294E-4,0.004172133,0.002169669,5.344552E-4,0.003840009,3.174137E-4,0.003287278,0.003579365,0.001363212,0.009100077,8.595278,8.128193E-5,487601.9,487622.2
0.02592638,2.795786E-5,6.283185,3.141593,6.283185,926.3989,0.2365664,-5.439242E9,1288.388,1.739632E8,1288.388,1.0,0.8709922,2.994473E-5,0.01226036,4.166624E-4,0.003376217,1.007913E-4,0.04665118,7.799903E-4,0.001519445,0.01958022,2.998593E-4,7.492608E-5,1.342087E-4,4.199348E-4,3.880795E-5,0.00602827,3.799132E-4,0.007680901,1.286749E-4,1.765769E-5,1.202963E-4,0.004174057,0.002172102,5.347792E-4,0.00384058,3.184166E-4,0.003285514,0.003565448,0.001355674,0.009062771,8.593486,8.128398E-5,487501.4,487521.4
0.02971828,3.205172E-5,6.283185,3.141593,6.283185,926.0842,0.2365664,-4.667417E9,1284.287,1.732415E8,1284.287,1.0,0.8684609,2.676229E-5,0.01286702,3.76794E-4,0.003488951,9.127405E-5,0.04826873,8.281956E-4,0.001546687,0.02010039,2.916848E-4,8.133717E-5,1.422489E-4,4.23542E-4,4.388536E-5,0.006107585,3.939498E-4,0.007950087,1.388977E-4,1.985557E-5,1.311778E-4,0.004195413,0.002203489,5.386529E-4,0.003843485,3.323374E-4,0.00326114,0.003376299,0.001254415,0.008554727,8.569049,8.13116E-5,486114.9,486134.6
0.07928178,8.565943E-5,6.283185,3.141593,6.283185,923.366,0.2365664,-1.505153E9,1256.55,1.683595E8,1256.55,1.000001,0.8511856,1.197184E-5,0.01750891,1.836839E-4,0.004265293,4.462206E-5,0.05953915,0.001201335,0.001681307,0.02328889,2.37955E-4,1.375052E-4,2.084146E-4,4.296894E-4,9.454793E-5,0.006359368,4.788964E-4,0.009779519,2.209551E-4,4.247916E-5,2.269344E-4,0.004073555,0.002300452,5.34027E-4,0.003608438,4.369296E-4,0.003086346,0.002185232,6.728686E-4,0.005323988,8.408657,8.155097E-5,477016.0,477032.6
0.1367881,1.480017E-4,6.283185,3.141593,6.283185,921.6288,0.2365664,-7.761517E8,1242.63,1.659096E8,1242.63,1.000001,0.8422614,7.722042E-6,0.02034101,1.231505E-4,0.004679901,2.987408E-5,0.06553477,0.001428836,0.001716905,0.02462555,2.119692E-4,1.773065E-4,2.512086E-4,4.204662E-4,1.332558E-4,0.006259171,5.113311E-4,0.01069699,2.729542E-4,6.184431E-5,2.951032E-4,0.003807094,0.00225971,5.067663E-4,0.003307181,4.995231E-4,0.002988636,0.001645466,4.469741E-4,0.003861342,8.331182,8.170469E-5,472621.2,472636.8
0.1442521,1.561012E-4,6.283185,3.141593,6.283185,921.4527,0.2365664,-7.280797E8,1241.334,1.656814E8,1241.334,1.000001,0.841417,7.401915E-6,0.02062794,1.184271E-4,0.00471991,2.871877E-5,0.06610869,0.001451793,0.001719093,0.02473834,2.095586E-4,1.815457E-4,2.555755E-4,4.191538E-4,1.373625E-4,0.006240282,5.138289E-4,0.01078172,2.782638E-4,6.406049E-5,3.023877E-4,0.003774054,0.002252285,5.031805E-4,0.003272276,5.058342E-4,0.002979061,0.001597364,4.282042E-4,0.003731971,8.324083,8.172031E-5,472218.8,472234.9
0.1897547,2.055085E-4,6.283185,3.141593,6.283185,920.522,0.2365664,-5.147201E8,1234.814,1.645338E8,1234.814,1.000001,0.8371306,5.957063E-6,0.02214057,9.667901E-5,0.004925517,2.34428E-5,0.06904169,0.001572586,0.001727008,0.02526971,1.974779E-4,2.045065E-4,2.785777E-4,4.112896E-4,1.592945E-4,0.006116496,5.246801E-4,0.01120395,3.063606E-4,7.656374E-5,3.419434E-4,0.003584679,0.002204536,4.820977E-4,0.003078154,5.390946E-4,0.002929435,0.00136157,3.397779E-4,0.003101886,8.288728,8.180292E-5,470213.2,470228.4
0.2,2.166395E-4,6.283185,3.141593,6.283185,920.3388,0.2365664,-4.811253E8,1233.594,1.643192E8,1233.594,1.000001,0.8363219,5.714584E-6,0.02243707,9.298165E-5,0.004964816,2.254366E-5,0.06959866,0.001596205,0.001727903,0.02536176,1.952102E-4,2.091227E-4,2.830711E-4,4.095784E-4,1.636212E-4,0.006087769,5.263583E-4,0.0112819,3.11883E-4,7.917792E-5,3.499185E-4,0.003544859,0.002193606,4.77568E-4,0.003038401,5.456131E-4,0.002919869,0.001318713,3.243762E-4,0.002988264,8.282193,8.181921E-5,469842.5,469857.6
0.2658908,2.88275E-4,6.283185,3.141593,6.283185,919.3126,0.2365664,-3.31334E8,1227.16,1.631867E8,1227.16,1.000001,0.8320175,4.566385E-6,0.02407943,7.519387E-5,0.005177035,1.822272E-5,0.07258333,0.0017267,0.001729435,0.02580379,1.831513E-4,2.353477E-4,3.077739E-4,3.992302E-4,1.875132E-4,0.00590437,5.330771E-4,0.01168552,3.425344E-4,9.465625E-5,3.95399E-4,0.003310931,0.002124885,4.504108E-4,0.002810589,5.81765E-4,0.002867759,0.001099701,2.49133E-4,0.002413442,8.248188,8.191054E-5,467913.5,467928.1
0.3228207,3.502272E-4,6.283185,3.141593,6.283185,918.5718,0.2365664,-2.549428E8,1222.929,1.624421E8,1222.929,1.000001,0.8291588,3.91672E-6,0.02523443,6.502689E-5,0.005321078,1.573989E-5,0.07458448,0.00181812,0.001727403,0.02604887,1.750792E-4,2.544229E-4,3.248735E-4,3.911727E-4,2.040441E-4,0.005752646,5.352615E-4,0.01194091,3.64126E-4,1.065773E-4,4.286958E-4,0.003135163,0.002069196,4.294707E-4,0.002644718,6.072735E-4,0.002831933,9.631326E-4,2.053698E-4,0.002061275,8.226383,8.19766E-5,466677.1,466692.8
0.3244982,3.520534E-4,6.283185,3.141593,6.283185,918.5514,0.2365664,-2.531107E8,1222.818,1.624225E8,1222.818,1.000001,0.8290832,3.900992E-6,0.02526572,6.47785E-5,0.005324921,1.567894E-5,0.07463754,0.001820591,0.001727316,0.02605478,1.748611E-4,2.549459E-4,3.253326E-4,3.909467E-4,2.044865E-4,0.005748313,5.352925E-4,0.01194749,3.647103E-4,1.069119E-4,4.296118E-4,0.0031303,0.002067614,4.288856E-4,0.002640185,6.079651E-4,0.002830972,9.596254E-4,2.042801E-4,0.002052309,8.225816,8.197842E-5,466645.1,466661.0
0.4,4.34289E-4,6.283185,3.141593,6.283185,917.699,0.2365664,-1.887955E8,1218.384,1.61642E8,1218.384,1.000001,0.8260717,3.315046E-6,0.02654463,5.52015E-5,0.005479754,1.338457E-5,0.07676345,0.001921526,0.001722397,0.0262652,1.66254E-4,2.76659E-4,3.439028E-4,3.813646E-4,2.223117E-4,0.005559789,5.352994E-4,0.01220244,3.886354E-4,1.211715E-4,4.677927E-4,0.002927391,0.001999802,4.041978E-4,0.002453319,6.363694E-4,0.002792004,8.240781E-4,1.635541E-4,0.001709306,8.203599,8.205457E-5,465384.6,465399.8
0.6,6.524573E-4,6.283185,3.141593,6.283185,915.8142,0.2365664,-1.029959E8,1210.074,1.601794E8,1210.074,1.000001,0.8204526,2.410855E-6,0.02911727,4.032923E-5,0.005778182,9.802444E-6,0.08077797,0.002123646,0.001705481,0.02651143,1.494312E-4,3.219768E-4,3.797789E-4,3.603887E-4,2.560586E-4,0.005125061,5.282178E-4,0.01262932,4.366894E-4,1.532478E-4,5.486593E-4,0.002504182,0.001848199,3.511163E-4,0.002075902,6.942247E-4,0.002715479,5.952559E-4,1.015699E-4,0.001150172,8.164413,8.222343E-5,463161.5,463175.6
0.6397575,6.958775E-4,6.283185,3.141593,6.283185,915.4772,0.2365664,-9.229775E7,1208.781,1.599518E8,1208.781,1.000001,0.8195905,2.292884E-6,0.02953556,3.837184E-5,0.005825188,9.326331E-6,0.08139896,0.002156365,0.001701969,0.02653036,1.467063E-4,3.295218E-4,3.853839E-4,3.567988E-4,2.612289E-4,0.005048387,5.262237E-4,0.01268789,4.44472E-4,1.588944E-4,5.623039E-4,0.002434641,0.001822045,3.421957E-4,0.002015215,7.037391E-4,0.002703246,5.631143E-4,9.361967E-5,0.001074221,8.158691,8.22537E-5,462837.6,462853.3
0.6442104,7.007416E-4,6.283185,3.141593,6.283185,915.4399,0.2365664,-9.207752E7,1208.641,1.599272E8,1208.641,1.000001,0.8194978,2.278216E-6,0.02958098,3.815373E-5,0.005830267,9.272969E-6,0.08146583,0.002159914,0.001701577,0.02653208,1.464092E-4,3.303431E-4,3.859879E-4,3.564067E-4,2.617843E-4,0.005039985,5.259941E-4,0.01269407,4.453158E-4,1.595144E-4,5.637929E-4,0.002427095,0.001819186,3.412245E-4,0.00200865,7.047736E-4,0.002701922,5.597066E-4,9.278869E-5,0.001066214,8.158081,8.225705E-5,462803.1,462819.1
0.8,8.710393E-4,6.283185,3.141593,6.283185,914.19,0.2365664,-6.436529E7,1204.287,1.591609E8,1204.287,1.000001,0.8166512,1.91904E-6,0.03101299,3.20546E-5,0.00598835,7.828403E-6,0.08352834,0.002271726,0.001688051,0.02655261,1.371387E-4,3.565467E-4,4.045837E-4,3.437597E-4,2.787358E-4,0.004764908,5.173752E-4,0.01287084,4.718967E-4,1.798522E-4,6.116794E-4,0.002189595,0.001726963,3.103031E-4,0.001803787,7.377049E-4,0.002660388,4.597415E-4,6.947482E-5,8.355552E-4,8.139807,8.236951E-5,461766.2,461781.4
1.0,0.001089994,6.283185,3.141593,6.283185,912.6828,0.2365664,-4.302626E7,1199.764,1.583648E8,1199.764,1.000001,0.8138207,1.602683E-6,0.03251658,2.67007E-5,0.006150184,6.558809E-6,0.08559375,0.002388588,0.001671743,0.02650635,1.272639E-4,3.84526E-4,4.230109E-4,3.299986E-4,2.952824E-4,0.00445959,5.056593E-4,0.01301861,4.996036E-4,2.027928E-4,6.637259E-4,0.001944401,0.001626903,2.776522E-4,0.001595473,7.72879E-4,0.002617283,3.69798E-4,5.040591E-5,6.363019E-4,8.122625,8.250554E-5,460791.9,460807.7
1.116132,0.001217296,6.283185,3.141593,6.283185,911.8364,0.2365664,-3.490722E7,1197.495,1.579654E8,1197.495,1.000002,0.8124669,1.464603E-6,0.03326599,2.435503E-5,0.006229459,6.004616E-6,0.08658569,0.002446545,0.001662917,0.02645846,1.222537E-4,3.985993E-4,4.317E-4,3.229866E-4,3.03041E-4,0.004302364,4.988806E-4,0.01307784,5.13296E-4,2.148288E-4,6.903047E-4,0.001825041,0.001576184,2.614756E-4,0.001495024,7.906583E-4,0.002595973,3.302735E-4,4.265808E-5,5.517782E-4,8.114787,8.258213E-5,460348.6,460367.8
1.124527,0.001226503,6.283185,3.141593,6.283185,911.7757,0.2365664,-3.4384E7,1197.339,1.579379E8,1197.339,1.000002,0.8123756,1.45372E-6,0.03331729,2.422043E-5,0.006234856,5.967136E-6,0.08665269,0.002450506,0.001662298,0.0264546,1.219057E-4,3.995649E-4,4.322815E-4,3.225034E-4,3.035602E-4,0.004291498,4.983951E-4,0.01308154,5.142298E-4,2.156673E-4,6.921393E-4,0.001816958,0.001572697,2.603731E-4,0.001488241,7.918819E-4,0.002594518,3.276907E-4,4.216619E-5,5.463283E-4,8.114268,8.258762E-5,460319.3,460339.0
1.132079,0.001234786,6.283185,3.141593,6.283185,911.7213,0.2365664,-3.385569E7,1197.199,1.579133E8,1197.199,1.000002,0.8122942,1.447816E-6,0.03336312,2.406656E-5,0.006239675,5.937373E-6,0.08671247,0.002454044,0.001661742,0.02645108,1.215984E-4,4.004281E-4,4.327994E-4,3.220712E-4,3.040229E-4,0.00428177,4.979583E-4,0.01308481,5.150639E-4,2.164182E-4,6.937805E-4,0.001809745,0.001569579,2.593883E-4,0.001482189,7.929762E-4,0.002593219,3.253958E-4,4.173064E-5,5.414937E-4,8.113805,8.259255E-5,460293.2,460313.0
1.2,0.001309304,6.283185,3.141593,6.283185,911.2336,0.2365664,-3.001348E7,1195.975,1.576979E8,1195.975,1.000002,0.8115901,1.37939E-6,0.03376222,2.289499E-5,0.006281568,5.665999E-6,0.08723,0.002484844,0.001656829,0.02641785,1.189227E-4,4.079648E-4,4.372518E-4,3.182879E-4,3.080051E-4,0.004196356,4.940546E-4,0.01311181,5.223223E-4,2.230317E-4,7.081598E-4,0.001747273,0.001542329,2.50828E-4,0.001429843,8.025489E-4,0.002581904,3.058988E-4,3.808902E-5,5.007298E-4,8.109847,8.263675E-5,460068.6,460088.4
1.261352,0.001376648,6.283185,3.141593,6.283185,910.796,0.2365664,-2.654625E7,1194.915,1.575113E8,1194.915,1.000002,0.8109939,1.323636E-6,0.03410469,2.195936E-5,0.00631736,5.443288E-6,0.0876686,0.002511215,0.001652527,0.02638578,1.165936E-4,4.144415E-4,4.409833E-4,3.150235E-4,3.113497E-4,0.004122539,4.905791E-4,0.01313284,5.285251E-4,2.287969E-4,7.205894E-4,0.001694304,0.001518881,2.435259E-4,0.001385555,8.108056E-4,0.002572215,2.898905E-4,3.517893E-5,4.676903E-4,8.106553,8.267646E-5,459882.2,459902.9
1.26805,0.001384003,6.283185,3.141593,6.283185,910.7483,0.2365664,-2.673774E7,1194.802,1.574914E8,1194.802,1.000002,0.8109309,1.317425E-6,0.03414115,2.184493E-5,0.006321159,5.417729E-6,0.08771494,0.002514017,0.001652065,0.02638218,1.163423E-4,4.151305E-4,4.413752E-4,3.146755E-4,3.117015E-4,0.004114673,4.902031E-4,0.01313496,5.291833E-4,2.294148E-4,7.219162E-4,0.001688708,0.001516385,2.42752E-4,0.001380881,8.116859E-4,0.002571185,2.882269E-4,3.488076E-5,4.6428E-4,8.106208,8.268078E-5,459862.7,459883.7
1.359312,0.001484244,6.283185,3.141593,6.283185,910.1018,0.2365664,-2.31334E7,1193.301,1.572272E8,1193.301,1.000002,0.810112,1.242574E-6,0.03461899,2.054745E-5,0.006370913,5.121924E-6,0.08831858,0.002550742,0.001645909,0.02633141,1.13088E-4,4.24191E-4,4.464222E-4,3.100859E-4,3.162505E-4,0.004010545,4.85133E-4,0.01316068,5.378031E-4,2.376242E-4,7.39437E-4,0.001615894,0.001483533,2.326372E-4,0.001320125,8.232984E-4,0.002557686,2.670517E-4,3.115776E-5,4.212777E-4,8.101777,8.273952E-5,459611.3,459632.2
1.384828,0.001512283,6.283185,3.141593,6.283185,909.9216,0.2365664,-2.196143E7,1192.894,1.571557E8,1192.894,1.000002,0.8098947,1.219009E-6,0.03474712,2.025955E-5,0.006384215,5.044085E-6,0.08847876,0.002560568,0.001644235,0.02631675,1.122001E-4,4.26621E-4,4.477455E-4,3.088508E-4,3.174484E-4,0.003982515,4.837388E-4,0.01316693,5.401047E-4,2.398524E-4,7.441604E-4,0.001596597,0.001474715,2.299432E-4,0.001304045,8.264251E-4,0.002554072,2.615823E-4,3.021788E-5,4.102945E-4,8.100619,8.27559E-5,459545.8,459567.3
1.39204,0.00152021,6.283185,3.141593,6.283185,909.8708,0.2365664,-2.176447E7,1192.78,1.571356E8,1192.78,1.000002,0.8098342,1.217725E-6,0.03478295,2.013685E-5,0.006387928,5.023251E-6,0.08852337,0.002563311,0.001643766,0.02631258,1.119499E-4,4.272997E-4,4.48113E-4,3.085055E-4,3.177815E-4,0.003974687,4.833469E-4,0.01316862,5.407468E-4,2.404768E-4,7.454819E-4,0.001591224,0.001472252,2.291921E-4,0.00129957,8.272995E-4,0.002553063,2.600703E-4,2.99597E-5,4.072676E-4,8.100298,8.276053E-5,459527.7,459549.3
1.4,0.001528958,6.283185,3.141593,6.283185,909.8147,0.2365664,-2.154634E7,1192.655,1.571136E8,1192.655,1.000002,0.8097679,1.211806E-6,0.03482222,2.002338E-5,0.006392003,5.000631E-6,0.08857231,0.002566321,0.001643249,0.02630795,1.116839E-4,4.280452E-4,4.485145E-4,3.081261E-4,3.181461E-4,0.003966064,4.829142E-4,0.01317045,5.414516E-4,2.411637E-4,7.469341E-4,0.001585335,0.001469546,2.283681E-4,0.001294664,8.282604E-4,0.002551956,2.584181E-4,2.96784E-5,4.03965E-4,8.099947,8.276563E-5,459507.8,459529.4
1.518077,0.001658799,6.283185,3.141593,6.283185,908.9846,0.2365664,-1.780501E7,1190.851,1.56796E8,1190.851,1.000002,0.8088351,1.130494E-6,0.03538023,1.863543E-5,0.006449803,4.680547E-6,0.08926102,0.002609013,0.00163581,0.02623768,1.078144E-4,4.386441E-4,4.540852E-4,3.027136E-4,3.232385E-4,0.003842962,4.76617E-4,0.01319375,5.514286E-4,2.510484E-4,7.67695E-4,0.001502655,0.001431046,2.167406E-4,0.001225857,8.419841E-4,0.002536234,2.357912E-4,2.591215E-5,3.592426E-4,8.095078,8.284121E-5,459231.8,459253.9
1.54371,0.001687002,6.283185,3.141593,6.283185,908.8048,0.2365664,-1.699933E7,1190.471,1.567292E8,1190.471,1.000002,0.8086442,1.107185E-6,0.03549578,1.842248E-5,0.00646174,4.616335E-6,0.08940187,0.002617825,0.00163425,0.02622209,1.069973E-4,4.408365E-4,4.552047E-4,3.015897E-4,3.24271E-4,0.003817422,4.752816E-4,0.01319793,5.534819E-4,2.531214E-4,7.720161E-4,0.0014858,0.001423077,2.143565E-4,0.001211844,8.448384E-4,0.002532985,2.313081E-4,2.518554E-5,3.504993E-4,8.0941,8.28576E-5,459176.7,459200.0
1.598188,0.001746959,6.283185,3.141593,6.283185,908.4234,0.2365664,-1.567161E7,1189.678,1.565897E8,1189.678,1.000002,0.8082518,1.080919E-6,0.03573472,1.779043E-5,0.006486436,4.487034E-6,0.08969199,0.002636042,0.001630992,0.02618867,1.05333E-4,4.45378E-4,4.57482E-4,2.992566E-4,3.263862E-4,0.003764278,4.724734E-4,0.01320584,5.577247E-4,2.574479E-4,7.810006E-4,0.001451174,0.001406562,2.094426E-4,0.001183064,8.507702E-4,0.002526263,2.222331E-4,2.373517E-5,3.329259E-4,8.092107,8.289239E-5,459063.6,459086.6
1.6,0.001748953,6.283185,3.141593,6.283185,908.4107,0.2365664,-1.562651E7,1189.652,1.565851E8,1189.652,1.000002,0.8082391,1.079848E-6,0.03574253,1.777218E-5,0.006487243,4.482858E-6,0.08970143,0.002636636,0.001630885,0.02618755,1.052782E-4,4.455263E-4,4.575555E-4,2.991803E-4,3.264548E-4,0.003762539,4.723809E-4,0.01320608,5.578631E-4,2.5759E-4,7.812948E-4,0.001450049,0.001406022,2.092827E-4,0.001182129,8.509645E-4,0.002526044,2.219412E-4,2.368898E-5,3.323636E-4,8.092042,8.289355E-5,459059.9,459082.9
1.8,0.001969288,6.283185,3.141593,6.283185,907.0132,0.2365664,-1.13766E7,1186.875,1.560963E8,1186.875,1.000002,0.806932,9.727828E-7,0.03655272,1.595049E-5,0.006570954,4.067748E-6,0.09066881,0.002698162,0.001619611,0.02606271,9.953527E-5,4.609216E-4,4.648717E-4,2.912198E-4,3.334062E-4,0.003581102,4.624914E-4,0.01322578,5.72134E-4,2.725954E-4,8.120953E-4,0.001335578,0.001349968,1.928795E-4,0.001087028,8.712879E-4,0.002503268,1.932128E-4,1.928647E-5,2.779222E-4,8.08559,8.302127E-5,458693.6,458715.8
2.0,0.002189962,6.283185,3.141593,6.283185,905.6171,0.2365664,-8242660.0,1184.264,1.556366E8,1184.264,1.000002,0.8057978,8.837961E-7,0.03727401,1.4442E-5,0.006645627,3.726873E-6,0.09150896,0.00275255,0.001609315,0.02593697,9.43264E-5,4.74595E-4,4.708133E-4,2.840791E-4,3.393192E-4,0.003418456,4.532491E-4,0.01323413,5.84665E-4,2.86388E-4,8.399357E-4,0.001237748,0.001300088,1.786568E-4,0.001005732,8.896611E-4,0.002483011,1.701579E-4,1.5972E-5,2.356663E-4,8.080236,8.314926E-5,458389.7,458411.2
2.2,0.002410976,6.283185,3.141593,6.283185,904.2193,0.2365664,-5880076.0,1181.776,1.551989E8,1181.776,1.000002,0.8048015,8.083465E-7,0.03792197,1.316858E-5,0.006713065,3.441297E-6,0.09224705,0.002801036,0.001599896,0.02581252,8.957024E-5,4.868258E-4,4.756405E-4,2.776296E-4,3.44423E-4,0.003271832,4.446311E-4,0.01323434,5.957585E-4,2.991335E-4,8.652805E-4,0.001153382,0.001255366,1.66226E-4,9.355229E-4,9.064079E-4,0.002464819,1.513431E-4,1.342071E-5,2.022429E-4,8.075729,8.32778E-5,458133.8,458154.7
2.4,0.002632333,6.283185,3.141593,6.283185,902.818,0.2365664,-4068438.0,1179.385,1.547779E8,1179.385,1.000002,0.803918,7.433656E-7,0.03850819,1.207715E-5,0.006774583,3.198176E-6,0.09290143,0.002844543,0.001591266,0.02569069,8.520288E-5,4.978276E-4,4.795498E-4,2.717723E-4,3.488821E-4,0.003139036,4.366046E-4,0.01322864,6.056422E-4,3.109626E-4,8.884868E-4,0.001080083,0.00121502,1.552888E-4,8.74379E-4,9.217712E-4,0.002448358,1.357792E-4,1.142149E-5,1.753981E-4,8.071894,8.340705E-5,457916.0,457936.4
2.6,0.002854034,6.283185,3.141593,6.283185,901.4122,0.2365664,-2659580.0,1177.068,1.543701E8,1177.068,1.000002,0.803128,6.866779E-7,0.03904171,1.112997E-5,0.006831172,2.98839E-6,0.09348598,0.002883791,0.001583349,0.02557229,8.117353E-5,5.07769E-4,4.826949E-4,2.664282E-4,3.528191E-4,0.003018284,4.291338E-4,0.01321861,6.144937E-4,3.219809E-4,9.098377E-4,0.001015984,0.00117843,1.4561E-4,8.207453E-4,9.359401E-4,0.002433368,1.227544E-4,9.830365E-6,1.53549E-4,8.068598,8.353713E-5,457728.9,457748.8
2.8,0.003076082,6.283185,3.141593,6.283185,900.0013,0.2365664,-1551771.0,1174.81,1.539727E8,1174.81,1.000002,0.8024171,6.367072E-7,0.03952962,1.029954E-5,0.006883593,2.80533E-6,0.0940114,0.00291935,0.001576077,0.02545779,7.74412E-5,5.167855E-4,4.85197E-4,2.61534E-4,3.563269E-4,0.002908108,4.221818E-4,0.01320542,6.224537E-4,3.322755E-4,9.295612E-4,9.596201E-4,0.001145095,1.370018E-4,7.734121E-4,9.490641E-4,0.002419648,1.11749E-4,8.547875E-6,1.355697E-4,8.065746,8.366809E-5,457566.9,457586.4
3.0,0.003298479,6.283185,3.141593,6.283185,898.5851,0.2365664,-675187.0,1172.6,1.535838E8,1172.6,1.000003,0.8017736,5.922735E-7,0.03997771,9.564731E-6,0.006932448,2.64403E-6,0.09448621,0.002951682,0.001569393,0.02534745,7.397228E-5,5.249891E-4,4.871548E-4,2.57037E-4,3.594777E-4,0.002807273,4.157129E-4,0.01318995,6.296374E-4,3.419196E-4,9.478459E-4,9.098101E-4,0.001114604,1.293113E-4,7.314111E-4,9.612654E-4,0.002407035,1.023692E-4,7.502048E-6,1.206259E-4,8.06326,8.379995E-5,457425.8,457444.9
3.2,0.003521227,6.283185,3.141593,6.283185,897.1634,0.2365664,26578.64,1170.429,1.532016E8,1170.429,1.000003,0.8011883,5.52456E-7,0.04039072,8.909985E-6,0.00697822,2.500673E-6,0.0949173,0.002981171,0.001563246,0.02524139,7.073846E-5,5.324732E-4,4.886494E-4,2.528931E-4,3.62329E-4,0.002714732,4.096932E-4,0.01317285,6.361401E-4,3.509755E-4,9.648497E-4,8.65592E-4,0.001086615,1.224124E-4,6.93958E-4,9.726455E-4,0.002395396,9.431167E-5,6.639848E-6,1.080889E-4,8.061082,8.393274E-5,457302.1,457321.0
3.4,0.003744329,6.283185,3.141593,6.283185,895.7364,0.2365664,770027.9,1168.289,1.52825E8,1168.289,1.000003,0.8006534,5.157893E-7,0.04077273,8.343827E-6,0.007021296,2.371128E-6,0.09531019,0.003008136,0.00155759,0.02513967,6.770701E-5,5.39316E-4,4.897492E-4,2.490656E-4,3.649267E-4,0.002629635,4.040936E-4,0.01315466,6.420401E-4,3.594954E-4,9.807029E-4,8.261794E-4,0.001060845,1.16201E-4,6.604177E-4,9.832873E-4,0.00238462,8.734271E-5,5.922386E-6,9.748637E-5,8.059164,8.406646E-5,457193.5,457212.9
3.423334,0.003770382,6.283185,3.141593,6.283185,895.5696,0.2365664,666007.4,1168.041,1.527814E8,1168.041,1.000003,0.8005939,5.124622E-7,0.0408155,8.261911E-6,0.00702616,2.357694E-6,0.09535373,0.003011132,0.001556961,0.02512809,6.736531E-5,5.400754E-4,4.898549E-4,2.486383E-4,3.652152E-4,0.002620174,4.034671E-4,0.01315247,6.426921E-4,3.604562E-4,9.824821E-4,8.218631E-4,0.001057973,1.155171E-4,6.567357E-4,9.844837E-4,0.002383414,8.659193E-5,5.846706E-6,9.635813E-5,8.058955,8.408212E-5,457181.8,457201.5
3.6,0.003967791,6.283185,3.141593,6.283185,894.3041,0.2365664,1031589.0,1166.176,1.524531E8,1166.176,1.000003,0.8001634,4.83838E-7,0.04112666,7.790793E-6,0.00706197,2.256017E-6,0.09566921,0.003032824,0.00155239,0.02504229,6.488043E-5,5.455794E-4,4.90507E-4,2.455251E-4,3.673056E-4,0.002551232,3.988861E-4,0.01313571,6.474001E-4,3.675211E-4,9.955101E-4,7.909542E-4,0.001037069,1.10595E-4,6.302928E-4,9.932563E-4,0.002374625,8.12854E-5,5.321143E-6,8.8466E-5,8.05747,8.420109E-5,457097.5,457117.2
3.8,0.004191609,6.283185,3.141593,6.283185,892.8669,0.2365664,1395403.0,1164.084,1.52085E8,1164.084,1.000003,0.7997123,4.540642E-7,0.04145574,7.309106E-6,0.007100558,2.150696E-6,0.09599895,0.003055509,0.001547599,0.02494907,6.222318E-5,5.513329E-4,4.909772E-4,2.422384E-4,3.694996E-4,0.002478699,3.940342E-4,0.01311635,6.522884E-4,3.751034E-4,0.001009393,7.592949E-4,0.001015036,1.055084E-4,6.030757E-4,0.001002628,0.002365315,7.597442E-5,4.811306E-6,8.07118E-5,8.055965,8.433663E-5,457012.0,457031.5
4.0,0.004415787,6.283185,3.141593,6.283185,891.425,0.2365664,1691620.0,1162.011,1.517201E8,1162.011,1.000003,0.799296,4.267814E-7,0.04176229,6.870611E-6,0.007137253,2.054548E-6,0.09630229,0.003076368,0.00154319,0.02485996,5.972083E-5,5.566208E-4,4.91198E-4,2.391848E-4,3.715318E-4,0.002411565,3.895182E-4,0.01309679,6.567486E-4,3.822718E-4,0.001022424,7.307863E-4,9.945919E-4,1.008851E-4,5.784349E-4,0.001011449,0.002356632,7.130143E-5,4.376801E-6,7.401747E-5,8.054624,8.447305E-5,456935.9,456955.3
4.2,0.004640329,6.283185,3.141593,6.283185,889.9785,0.2365664,1897754.0,1159.954,1.513579E8,1159.954,1.000003,0.798911,4.017492E-7,0.04204827,6.467263E-6,0.007172234,1.966457E-6,0.09658189,0.003095566,0.001539136,0.02477484,5.736305E-5,5.614848E-4,4.912021E-4,2.363445E-4,3.734216E-4,0.002349337,3.853155E-4,0.0130772,6.608215E-4,3.890564E-4,0.001034672,7.050607E-4,9.755886E-4,9.667424E-5,5.560747E-4,0.001019763,0.00234852,6.717484E-5,4.004645E-6,6.821295E-5,8.053429,8.461034E-5,456868.1,456887.3
4.4,0.004865237,6.283185,3.141593,6.283185,888.5278,0.2365664,2090038.0,1157.909,1.509981E8,1157.909,1.000003,0.798554,3.786263E-7,0.04231563,6.098637E-6,0.007205666,1.885204E-6,0.09684022,0.00311326,0.001535409,0.02469358,5.513399E-5,5.659652E-4,4.910211E-4,2.336984E-4,3.751874E-4,0.002291563,3.814047E-4,0.01305772,6.645459E-4,3.954856E-4,0.001046206,6.817745E-4,9.57887E-4,9.28279E-5,5.357192E-4,0.001027611,0.002340927,6.351222E-5,3.683549E-6,6.314808E-5,8.05236,8.474848E-5,456807.5,456826.8
4.441917,0.004912421,6.283185,3.141593,6.283185,888.2232,0.2365664,1824033.0,1157.482,1.509229E8,1157.482,1.000003,0.7984824,3.704203E-7,0.04236955,6.046861E-6,0.007212489,1.867871E-6,0.09689185,0.003116796,0.001534667,0.02467704,5.467528E-5,5.668587E-4,4.909627E-4,2.331671E-4,3.755434E-4,0.002280002,3.806212E-4,0.01305367,6.652853E-4,3.9679E-4,0.001048538,6.771763E-4,9.543319E-4,9.206422E-5,5.31686E-4,0.0010292,0.002339396,6.27972E-5,3.621899E-6,6.216918E-5,8.05215,8.477755E-5,456795.8,456815.7
4.532955,0.005014959,6.283185,3.141593,6.283185,887.5612,0.2365664,2202086.0,1156.557,1.5076E8,1156.557,1.000003,0.7983311,3.642205E-7,0.04248371,5.869218E-6,0.007227079,1.834654E-6,0.09700094,0.003124243,0.001533105,0.02464169,5.372021E-5,5.687435E-4,4.908092E-4,2.320414E-4,3.762986E-4,0.002255493,3.789608E-4,0.0130449,6.668409E-4,3.995705E-4,0.001053497,6.675325E-4,9.467978E-4,9.045735E-5,5.232084E-4,0.001032582,0.002336151,6.130704E-5,3.494622E-6,6.014069E-5,8.051713,8.484078E-5,456770.9,456790.8
4.6,0.00509052,6.283185,3.141593,6.283185,887.0731,0.2365664,2247292.0,1155.876,1.506403E8,1155.876,1.000003,0.7982227,3.572295E-7,0.04256573,5.758141E-6,0.007237657,1.810101E-6,0.09707903,0.003129564,0.001531991,0.02461611,5.302797E-5,5.700901E-4,4.90678E-4,2.312335E-4,3.76842E-4,0.002237919,3.777706E-4,0.01303847,6.679493E-4,4.015786E-4,0.001057071,6.606817E-4,9.413892E-4,8.931193E-5,5.171721E-4,0.001035022,0.002333817,6.025514E-5,3.405635E-6,5.871706E-5,8.051403,8.488746E-5,456753.4,456773.2
4.8,0.005316167,6.283185,3.141593,6.283185,885.6148,0.2365664,2361732.0,1153.853,1.502842E8,1153.853,1.000003,0.797914,3.373682E-7,0.04280036,5.443392E-6,0.007268376,1.740267E-6,0.09730083,0.003144634,0.001528847,0.02454213,5.103418E-5,5.739026E-4,4.902007E-4,2.289286E-4,3.784011E-4,0.002187863,3.74383E-4,0.01301953,6.710725E-4,4.073703E-4,0.001067343,6.414643E-4,9.259464E-4,8.608015E-5,5.001731E-4,0.001042044,0.002327136,5.7335E-5,3.162479E-6,5.480275E-5,8.050543,8.502724E-5,456704.5,456724.1
5.0,0.005542185,6.283185,3.141593,6.283185,884.1532,0.2365664,2449853.0,1151.838,1.499295E8,1151.838,1.000004,0.7976261,3.188979E-7,0.0430206,5.151746E-6,0.007297896,1.675189E-6,0.0975068,0.003158554,0.001525964,0.02447157,4.914239E-5,5.774229E-4,4.896061E-4,2.267744E-4,3.798733E-4,0.002141193,3.712316E-4,0.01300095,6.739349E-4,4.128742E-4,0.001077056,6.239574E-4,9.114915E-4,8.310937E-5,4.845914E-4,0.001048697,0.002320856,5.471538E-5,2.949492E-6,5.134179E-5,8.04977,8.516781E-5,456660.5,456679.9
5.2,0.005768577,6.283185,3.141593,6.283185,882.6883,0.2365664,2515131.0,1149.831,1.495762E8,1149.831,1.000004,0.7973573,3.016767E-7,0.04322755,4.880708E-6,0.007326301,1.614327E-6,0.09769829,0.003171416,0.001523325,0.02440429,4.734518E-5,5.806746E-4,4.889108E-4,2.247596E-4,3.812675E-4,0.002097638,3.683013E-4,0.01298278,6.765587E-4,4.181081E-4,0.001086249,6.079834E-4,8.979449E-4,8.037402E-5,4.702836E-4,0.001055006,0.002314949,5.235883E-5,2.762184E-6,4.82709E-5,8.049074,8.530915E-5,456621.0,456640.2
5.4,0.005995346,6.283185,3.141593,6.283185,881.2206,0.2365664,2561806.0,1147.829,1.49224E8,1147.829,1.000004,0.7971059,2.855895E-7,0.04342224,4.628265E-6,0.007353672,1.557232E-6,0.09787658,0.003183306,0.001520911,0.02434016,4.563577E-5,5.836807E-4,4.881306E-4,2.228734E-4,3.825917E-4,0.002056935,3.655771E-4,0.01296505,6.789656E-4,4.230891E-4,0.00109496,5.933769E-4,8.852307E-4,7.785013E-5,4.571165E-4,0.001060994,0.002309386,5.023159E-5,2.596629E-6,4.553405E-5,8.048448,8.545124E-5,456585.4,456604.4
5.6,0.006222494,6.283185,3.141593,6.283185,879.7502,0.2365664,2593156.0,1145.834,1.488727E8,1145.834,1.000004,0.7968704,2.705368E-7,0.04360557,4.392689E-6,0.007380075,1.50353E-6,0.09804276,0.003194301,0.001518707,0.02427903,4.400811E-5,5.864608E-4,4.872785E-4,2.211062E-4,3.838528E-4,0.002018859,3.630456E-4,0.01294779,6.811738E-4,4.278324E-4,0.001103221,5.800003E-4,8.732838E-4,7.551755E-5,4.449785E-4,0.001066684,0.002304142,4.830626E-5,2.449738E-6,4.308667E-5,8.047884,8.559406E-5,456553.3,456572.2
5.8,0.006450022,6.283185,3.141593,6.283185,878.2773,0.2365664,2611333.0,1143.843,1.485224E8,1143.843,1.000004,0.7966497,2.564265E-7,0.04377836,4.172386E-6,0.007405571,1.45288E-6,0.09819781,0.00320447,0.001516699,0.02422077,4.245652E-5,5.890329E-4,4.863662E-4,2.194495E-4,3.850566E-4,0.001983207,3.606944E-4,0.01293102,6.832001E-4,4.323521E-4,0.001111064,5.677314E-4,8.620454E-4,7.335833E-5,4.337708E-4,0.001072093,0.002299195,4.65592E-5,2.318919E-6,4.089086E-5,8.047375,8.57376E-5,456524.4,456543.2
6.0,0.006677932,6.283185,3.141593,6.283185,876.8023,0.2365664,2618441.0,1141.858,1.481729E8,1141.858,1.000004,0.7964425,2.431802E-7,0.04394136,3.966002E-6,0.007430212,1.404994E-6,0.09834259,0.003213875,0.001514873,0.02416525,4.09759E-5,5.914132E-4,4.85404E-4,2.178955E-4,3.86208E-4,0.001949792,3.585121E-4,0.01291473,6.850596E-4,4.366608E-4,0.001118516,5.56463E-4,8.514624E-4,7.135662E-5,4.234062E-4,0.00107724,0.002294525,4.497015E-5,2.20201E-6,3.891472E-5,8.046917,8.588183E-5,456498.3,456517.0
6.2,0.006906225,6.283185,3.141593,6.283185,875.3252,0.2365664,2616220.0,1139.876,1.47824E8,1139.876,1.000004,0.7962479,2.307275E-7,0.04409523,3.772332E-6,0.007454046,1.359617E-6,0.09847792,0.003222573,0.001513217,0.02411236,3.956155E-5,5.936166E-4,4.84401E-4,2.16437E-4,3.873118E-4,0.001918447,3.564878E-4,0.01289895,6.86766E-4,4.407705E-4,0.001125602,5.460992E-4,8.414867E-4,6.949813E-5,4.138067E-4,0.00108214,0.002290113,4.352139E-5,2.097163E-6,3.713073E-5,8.046504,8.602675E-5,456474.8,456493.3
6.4,0.007134905,6.283185,3.141593,6.283185,873.8464,0.2365664,2606191.0,1137.897,1.474758E8,1137.897,1.000004,0.7960648,2.19007E-7,0.04424059,3.590325E-6,0.007477115,1.31653E-6,0.09860448,0.003230615,0.001511718,0.02406196,3.820925E-5,5.956567E-4,4.833652E-4,2.150674E-4,3.883717E-4,0.00188902,3.546116E-4,0.01288366,6.883318E-4,4.446921E-4,0.001132345,5.365563E-4,8.320747E-4,6.777035E-5,4.049041E-4,0.001086808,0.002285942,4.219783E-5,2.002856E-6,3.551593E-5,8.046131,8.617234E-5,456453.7,456472.0
6.6,0.007363972,6.283185,3.141593,6.283185,872.366,0.2365664,2589534.0,1135.922,1.471282E8,1135.922,1.000004,0.7958926,2.079628E-7,0.04437798,3.419034E-6,0.007499456,1.275538E-6,0.09872293,0.00323805,0.001510367,0.02401396,3.691514E-5,5.975457E-4,4.823035E-4,2.137807E-4,3.893912E-4,0.001861374,3.528743E-4,0.01286887,6.89768E-4,4.484355E-4,0.001138766,5.277609E-4,8.231878E-4,6.616222E-5,3.966384E-4,0.001091258,0.002281997,4.098661E-5,1.917824E-6,3.405103E-5,8.045796,8.631857E-5,456434.6,456452.8
6.8,0.007593429,6.283185,3.141593,6.283185,870.8841,0.2365664,2567275.0,1133.95,1.467811E8,1133.95,1.000005,0.7957303,1.975452E-7,0.04450792,3.257615E-6,0.007521104,1.236467E-6,0.09883384,0.00324492,0.001509154,0.02396823,3.567565E-5,5.992946E-4,4.81222E-4,2.125716E-4,3.903732E-4,0.001835385,3.512674E-4,0.01285456,6.91085E-4,4.520101E-4,0.001144884,5.196471E-4,8.1479E-4,6.466378E-5,3.889556E-4,0.001095501,0.002278264,3.987634E-5,1.84097E-6,3.271922E-5,8.045494,8.646545E-5,456417.4,456435.6
7.0,0.007823276,6.283185,3.141593,6.283185,869.401,0.2365664,2540330.0,1131.981,1.464346E8,1131.981,1.000005,0.7955774,1.877092E-7,0.04463088,3.105315E-6,0.00754209,1.199165E-6,0.09893775,0.003251265,0.001508068,0.02392468,3.448753E-5,6.00914E-4,4.801263E-4,2.11435E-4,3.913205E-4,0.001810937,3.497827E-4,0.01284074,6.922921E-4,4.554247E-4,0.001150717,5.121551E-4,8.068487E-4,6.326596E-5,3.818067E-4,0.00109955,0.00227473,3.88569E-5,1.771332E-6,3.150565E-5,8.045223,8.661295E-5,456402.0,456420.1
7.2,0.008053516,6.283185,3.141593,6.283185,867.9168,0.2365664,2509426.0,1130.015,1.460884E8,1130.015,1.000005,0.7954332,1.784139E-7,0.04474728,2.96145E-6,0.007562442,1.163492E-6,0.09903513,0.003257121,0.001507103,0.0238832,3.334777E-5,6.024133E-4,4.790213E-4,2.10366E-4,3.922354E-4,0.001787923,3.484128E-4,0.01282738,6.93398E-4,4.586873E-4,0.001156281,5.052311E-4,7.993334E-4,6.196058E-5,3.751476E-4,0.001103415,0.002271383,3.79193E-5,1.708079E-6,3.039738E-5,8.04498,8.676107E-5,456388.2,456406.1
7.4,0.008284151,6.283185,3.141593,6.283185,866.4317,0.2365664,2475200.0,1128.051,1.457428E8,1128.051,1.000005,0.7952971,1.696224E-7,0.04485754,2.825405E-6,0.007582186,1.129328E-6,0.09912645,0.003262524,0.001506248,0.0238437,3.225361E-5,6.038014E-4,4.779113E-4,2.093605E-4,3.931201E-4,0.001766248,3.471504E-4,0.01281448,6.944106E-4,4.618056E-4,0.001161592,4.988269E-4,7.922168E-4,6.074027E-5,3.689385E-4,0.001107105,0.002268212,3.705568E-5,1.650496E-6,2.93832E-5,8.044762,8.690978E-5,456375.8,456393.6
7.6,0.00851518,6.283185,3.141593,6.283185,864.9457,0.2365664,2438223.0,1126.089,1.453975E8,1126.089,1.000005,0.7951685,1.613011E-7,0.04496202,2.696628E-6,0.007601347,1.096562E-6,0.09921211,0.003267504,0.001505497,0.02380609,3.120249E-5,6.050863E-4,4.768002E-4,2.084143E-4,3.939765E-4,0.001745821,3.459892E-4,0.01280203,6.953371E-4,4.647868E-4,0.001166664,4.928994E-4,7.854734E-4,5.95984E-5,3.631438E-4,0.001110631,0.002265207,3.625911E-5,1.597968E-6,2.845339E-5,8.044567,8.705909E-5,456364.7,456382.4
7.8,0.008746608,6.283185,3.141593,6.283185,863.4592,0.2365664,2398974.0,1124.129,1.450526E8,1124.129,1.000005,0.7950471,1.534197E-7,0.04506106,2.574618E-6,0.007619946,1.065095E-6,0.09929248,0.00327209,0.001504843,0.02377028,3.019206E-5,6.062753E-4,4.756912E-4,2.075238E-4,3.948064E-4,0.001726563,3.449228E-4,0.01279002,6.961843E-4,4.676373E-4,0.001171509,4.874096E-4,7.790799E-4,5.852898E-5,3.577314E-4,0.001114001,0.002262358,3.552348E-5,1.549964E-6,2.759952E-5,8.044394,8.720897E-5,456354.8,456372.5
8.0,0.008978434,6.283185,3.141593,6.283185,861.9722,0.2365664,2357848.0,1122.172,1.447081E8,1122.172,1.000005,0.7949324,1.459499E-7,0.04515497,2.458916E-6,0.007638004,1.034838E-6,0.09936791,0.003276309,0.001504278,0.02373618,2.922016E-5,6.073753E-4,4.745873E-4,2.066856E-4,3.956111E-4,0.001708396,3.439455E-4,0.01277842,6.969581E-4,4.703636E-4,0.00117614,4.823224E-4,7.73015E-4,5.752659E-5,3.526722E-4,0.001117222,0.002259656,3.484333E-5,1.50602E-6,2.681414E-5,8.044239,8.735942E-5,456346.0,456363.6
8.2,0.00921066,6.283185,3.141593,6.283185,860.4848,0.2365664,2315192.0,1120.217,1.443639E8,1120.217,1.000005,0.7948239,1.388661E-7,0.04524405,2.349106E-6,0.007655538,1.00571E-6,0.09943871,0.003280186,0.001503797,0.02370372,2.828477E-5,6.083927E-4,4.734911E-4,2.058963E-4,3.963921E-4,0.001691253,3.430519E-4,0.01276724,6.976644E-4,4.729715E-4,0.001180569,4.776058E-4,7.672588E-4,5.658626E-5,3.479396E-4,0.001120303,0.002257093,3.421379E-5,1.465727E-6,2.609064E-5,8.044103,8.751042E-5,456338.2,456355.7
8.4,0.009443289,6.283185,3.141593,6.283185,858.9971,0.2365664,2271328.0,1118.263,1.440201E8,1118.263,1.000005,0.7947213,1.321449E-7,0.04532857,2.244809E-6,0.007672568,9.776389E-7,0.09950519,0.003283743,0.001503394,0.02367282,2.738404E-5,6.093332E-4,4.724048E-4,2.051532E-4,3.971507E-4,0.001675069,3.422369E-4,0.01275646,6.983081E-4,4.754664E-4,0.001184805,4.73231E-4,7.617931E-4,5.570354E-5,3.435099E-4,0.00112325,0.002254661,3.363056E-5,1.428733E-6,2.542334E-5,8.043982,8.766198E-5,456331.3,456348.7
8.6,0.00967632,6.283185,3.141593,6.283185,857.5093,0.2365664,2226485.0,1116.312,1.436767E8,1116.312,1.000006,0.7946242,1.25764E-7,0.04540879,2.145671E-6,0.007689108,9.505574E-7,0.09956761,0.003287003,0.001503063,0.02364342,2.65162E-5,6.102024E-4,4.713305E-4,2.044532E-4,3.978879E-4,0.001659784,3.414956E-4,0.01274606,6.988942E-4,4.778537E-4,0.001188858,4.691711E-4,7.566007E-4,5.487422E-5,3.393604E-4,0.00112607,0.002252354,3.308961E-5,1.394707E-6,2.480684E-5,8.043876,8.781407E-5,456325.3,456342.6
8.8,0.009909756,6.283185,3.141593,6.283185,856.0215,0.2365664,2180933.0,1114.362,1.433335E8,1114.362,1.000006,0.7945323,1.19704E-7,0.04548494,2.051381E-6,0.007705175,9.244067E-7,0.09962623,0.003289985,0.001502799,0.02361543,2.567967E-5,6.110051E-4,4.702699E-4,2.037939E-4,3.986047E-4,0.001645343,3.408236E-4,0.01273603,6.99427E-4,4.801381E-4,0.001192738,4.654026E-4,7.516659E-4,5.409463E-5,3.354716E-4,0.001128769,0.002250164,3.258753E-5,1.363381E-6,2.423674E-5,8.043784,8.79667E-5,456320.0,456337.2
9.0,0.0101436,6.283185,3.141593,6.283185,854.5338,0.2365664,2134827.0,1112.415,1.429907E8,1112.415,1.000006,0.7944453,1.139458E-7,0.04555726,1.961636E-6,0.007720783,8.991298E-7,0.09968129,0.003292707,0.001502598,0.0235888,2.487292E-5,6.117462E-4,4.692245E-4,2.031729E-4,3.993022E-4,0.001631695,3.402166E-4,0.01272636,6.999108E-4,4.823245E-4,0.001196454,4.619026E-4,7.469739E-4,5.336121E-5,3.318245E-4,0.001131353,0.002248085,3.2121E-5,1.33449E-6,2.370871E-5,8.043704,8.811985E-5,456315.4,456332.5
9.2,0.01037785,6.283185,3.141593,6.283185,853.0462,0.2365664,2088381.0,1110.469,1.426483E8,1110.469,1.000006,0.7943629,1.084725E-7,0.04562593,1.876174E-6,0.007735945,8.746782E-7,0.099733,0.003295188,0.001502454,0.02356346,2.409458E-5,6.124297E-4,4.681956E-4,2.025878E-4,3.99981E-4,0.001618794,3.396706E-4,0.01271704,7.003492E-4,4.844172E-4,0.001200013,4.586517E-4,7.425112E-4,5.267089E-5,3.284028E-4,0.001133827,0.002246112,3.168726E-5,1.307822E-6,2.321925E-5,8.043635,8.827351E-5,456311.5,456328.4
9.4,0.01061251,6.283185,3.141593,6.283185,851.559,0.2365664,2041731.0,1108.525,1.423061E8,1108.525,1.000006,0.7942848,1.032681E-7,0.04569117,1.794741E-6,0.007750675,8.510053E-7,0.09978157,0.003297443,0.001502363,0.02353936,2.334332E-5,6.130599E-4,4.671844E-4,2.020366E-4,4.006421E-4,0.001606594,3.391817E-4,0.01270805,7.007458E-4,4.864203E-4,0.001203424,4.556309E-4,7.38265E-4,5.202071E-5,3.251906E-4,0.001136198,0.002244238,3.128364E-5,1.283174E-6,2.276495E-5,8.043577,8.842768E-5,456308.1,456325.0
9.6,0.01084758,6.283185,3.141593,6.283185,850.0721,0.2365664,1995031.0,1106.583,1.419643E8,1106.583,1.000006,0.7942109,9.831793E-8,0.04575315,1.71711E-6,0.007764984,8.280699E-7,0.09982718,0.003299487,0.001502322,0.02351643,2.261791E-5,6.136404E-4,4.661916E-4,2.015172E-4,4.012861E-4,0.001595054,3.387466E-4,0.01269938,7.011038E-4,4.883379E-4,0.001206692,4.528236E-4,7.342234E-4,5.140803E-5,3.221738E-4,0.001138468,0.002242459,3.090782E-5,1.26037E-6,2.234292E-5,8.043528,8.858235E-5,456305.3,456322.0
9.8,0.01108306,6.283185,3.141593,6.283185,848.5857,0.2365664,1948387.0,1104.643,1.416228E8,1104.643,1.000006,0.7941408,9.360823E-8,0.04581204,1.64307E-6,0.007778884,8.058351E-7,0.09987003,0.003301334,0.001502326,0.02349462,2.191723E-5,6.141746E-4,4.652182E-4,2.010279E-4,4.019136E-4,0.001584137,3.383616E-4,0.01269102,7.014262E-4,4.901736E-4,0.001209826,4.502139E-4,7.303754E-4,5.083037E-5,3.193392E-4,0.001140644,0.002240769,3.055764E-5,1.239251E-6,2.195045E-5,8.043488,8.873751E-5,456303.0,456319.5
10.0,0.01131895,6.283185,3.141593,6.283185,847.0999,0.2365664,1901915.0,1102.704,1.412816E8,1102.704,1.000006,0.7940743,8.912629E-8,0.04586801,1.572425E-6,0.007792386,7.842673E-7,0.09991026,0.003302998,0.001502373,0.02347388,2.124019E-5,6.146658E-4,4.642648E-4,2.005668E-4,4.025253E-4,0.001573805,3.380238E-4,0.01268297,7.017159E-4,4.91931E-4,0.00121283,4.477876E-4,7.267105E-4,5.028545E-5,3.166747E-4,0.001142729,0.002239165,3.023114E-5,1.219672E-6,2.158515E-5,8.043456,8.889316E-5,456301.1,456317.5
10.2,0.01155526,6.283185,3.141593,6.283185,845.6147,0.2365664,1855728.0,1100.768,1.409407E8,1100.768,1.000006,0.7940114,8.486039E-8,0.04592121,1.504998E-6,0.007805501,7.633358E-7,0.09994804,0.003304491,0.001502458,0.02345416,2.058579E-5,6.151169E-4,4.63332E-4,2.001323E-4,4.031217E-4,0.001564027,3.377301E-4,0.0126752,7.019753E-4,4.936135E-4,0.001215712,4.455318E-4,7.232191E-4,4.977122E-5,3.141694E-4,0.001144728,0.002237641,2.992659E-5,1.201512E-6,2.124493E-5,8.043431,8.904929E-5,456299.6,456315.9
10.4,0.01179198,6.283185,3.141593,6.283185,844.1302,0.2365664,1809922.0,1098.833,1.406002E8,1098.833,1.000007,0.7939517,8.079953E-8,0.04597178,1.440621E-6,0.007818239,7.430127E-7,0.09998352,0.003305823,0.001502578,0.02343541,1.995311E-5,6.155307E-4,4.6242E-4,1.997229E-4,4.037033E-4,0.001554771,3.374776E-4,0.0126677,7.022069E-4,4.952244E-4,0.001218477,4.434342E-4,7.198921E-4,4.928574E-5,3.118129E-4,0.001146645,0.002236194,2.96424E-5,1.184655E-6,2.092785E-5,8.043412,8.920589E-5,456298.5,456314.6
10.6,0.01202912,6.283185,3.141593,6.283185,842.6465,0.2365664,1764587.0,1096.9,1.4026E8,1096.9,1.000007,0.7938951,7.693348E-8,0.04601985,1.379138E-6,0.007830611,7.232727E-7,0.1000168,0.003307007,0.001502732,0.02341759,1.934124E-5,6.159099E-4,4.615292E-4,1.993371E-4,4.042705E-4,0.001546009,3.372636E-4,0.01266048,7.024128E-4,4.967666E-4,0.00122113,4.41484E-4,7.16721E-4,4.882725E-5,3.095959E-4,0.001148482,0.002234819,2.93771E-5,1.169E-6,2.063218E-5,8.0434,8.936296E-5,456297.8,456313.7
10.8,0.01226667,6.283185,3.141593,6.283185,841.1637,0.2365664,1719959.0,1094.969,1.399201E8,1094.969,1.000007,0.7938414,7.325545E-8,0.04606556,1.320448E-6,0.007842625,7.041182E-7,0.1000481,0.003308052,0.001502915,0.02340065,1.87494E-5,6.162568E-4,4.606598E-4,1.989736E-4,4.048238E-4,0.001537711,3.370856E-4,0.0126535,7.025952E-4,4.982433E-4,0.001223677,4.396705E-4,7.136975E-4,4.839401E-5,3.075091E-4,0.001150244,0.002233513,2.912926E-5,1.154446E-6,2.035619E-5,8.043393,8.952049E-5,456297.4,456313.3
11.0,0.01250465,6.283185,3.141593,6.283185,839.6819,0.2365664,1676252.0,1093.04,1.395806E8,1093.04,1.000007,0.7937904,6.975863E-8,0.04610902,1.264447E-6,0.007854292,6.855481E-7,0.1000774,0.003308967,0.001503126,0.02338454,1.817681E-5,6.165738E-4,4.598119E-4,1.986311E-4,4.053637E-4,0.001529851,3.369411E-4,0.01264678,7.027561E-4,4.996572E-4,0.001226122,4.379838E-4,7.108137E-4,4.798444E-5,3.055441E-4,0.001151935,0.002232273,2.889757E-5,1.1409E-6,2.009831E-5,8.043392,8.967847E-5,456297.2,456313.1
11.2,0.01274304,6.283185,3.141593,6.283185,838.201,0.2365664,1633730.0,1091.112,1.392414E8,1091.112,1.000007,0.7937421,6.643753E-8,0.04615036,1.211051E-6,0.007865622,6.675698E-7,0.100105,0.003309762,0.001503361,0.02336924,1.762276E-5,6.168631E-4,4.589855E-4,1.983083E-4,4.058905E-4,0.001522405,3.368277E-4,0.01264029,7.028972E-4,5.010111E-4,0.001228469,4.364147E-4,7.080621E-4,4.759701E-5,3.036927E-4,0.001153557,0.002231095,2.868077E-5,1.128272E-6,1.985702E-5,8.043394,8.983691E-5,456297.3,456313.1
11.4,0.01298189,6.283185,3.141593,6.283185,836.7214,0.2365665,1601325.0,1089.187,1.389026E8,1089.187,1.000007,0.7936964,6.342705E-8,0.04618959,1.16222E-6,0.007876612,6.514754E-7,0.1001308,0.00331044,0.00150362,0.02335471,1.708822E-5,6.171252E-4,4.58181E-4,1.980052E-4,4.064034E-4,0.001515372,3.367446E-4,0.01263403,7.030192E-4,5.023044E-4,0.001230718,4.349635E-4,7.054416E-4,4.723162E-5,3.019537E-4,0.00115511,0.002229978,2.847859E-5,1.116536E-6,1.963195E-5,8.043401,8.999577E-5,456297.7,456313.5
11.6,0.01322116,6.283185,3.141593,6.283185,835.2431,0.2365666,1560942.0,1087.265,1.385641E8,1087.265,1.000007,0.7936529,6.044364E-8,0.04622698,1.113939E-6,0.007887301,6.34804E-7,0.100155,0.003311016,0.001503901,0.02334086,1.657038E-5,6.173642E-4,4.573962E-4,1.977193E-4,4.069042E-4,0.0015087,3.36688E-4,0.01262798,7.031251E-4,5.035444E-4,0.001232881,4.33615E-4,7.029355E-4,4.688543E-5,3.003125E-4,0.001156603,0.002228915,2.828909E-5,1.105575E-6,1.942099E-5,8.043411,9.015505E-5,456298.2,456314.0
11.8,0.01346083,6.283185,3.141593,6.283185,833.766,0.2365667,1520700.0,1085.344,1.38226E8,1085.344,1.000007,0.7936115,5.757367E-8,0.04626265,1.067407E-6,0.007897696,6.183106E-7,0.1001778,0.003311501,0.001504198,0.02332766,1.606861E-5,6.175822E-4,4.566315E-4,1.974489E-4,4.073939E-4,0.001502359,3.366552E-4,0.01262213,7.032167E-4,5.047346E-4,0.001234963,4.323566E-4,7.005361E-4,4.655668E-5,2.9876E-4,0.001158039,0.002227902,2.811097E-5,1.095306E-6,1.922266E-5,8.043425,9.031478E-5,456299.0,456314.8
12.0,0.01370092,6.283185,3.141593,6.283185,832.2901,0.2365667,1481089.0,1083.425,1.378883E8,1083.425,1.000007,0.7935722,5.483599E-8,0.04629663,1.02285E-6,0.007907792,6.022262E-7,0.1001993,0.003311898,0.001504512,0.0233151,1.55826E-5,6.177799E-4,4.558878E-4,1.971939E-4,4.078723E-4,0.001496344,3.366454E-4,0.01261649,7.032946E-4,5.058752E-4,0.001236966,4.311854E-4,6.982427E-4,4.624504E-5,2.972945E-4,0.001159419,0.002226939,2.79439E-5,1.085706E-6,1.903655E-5,8.043441,9.047493E-5,456299.9,456315.7
12.2,0.01394143,6.283185,3.141593,6.283185,830.8155,0.2365667,1442026.0,1081.508,1.375509E8,1081.508,1.000008,0.7935348,5.222773E-8,0.04632897,9.80183E-7,0.007917594,5.865666E-7,0.1002194,0.003312212,0.001504841,0.02330316,1.511184E-5,6.179584E-4,4.551651E-4,1.969536E-4,4.083397E-4,0.001490642,3.36657E-4,0.01261103,7.033599E-4,5.069676E-4,0.001238891,4.300964E-4,6.960515E-4,4.594974E-5,2.959118E-4,0.001160745,0.002226023,2.778729E-5,1.076735E-6,1.886201E-5,8.043461,9.063551E-5,456301.0,456316.8
12.4,0.01418237,6.283185,3.141593,6.283185,829.3424,0.2365667,1403280.0,1079.593,1.372139E8,1079.593,1.000008,0.7934993,4.97436E-8,0.04635976,9.39271E-7,0.007927109,5.713226E-7,0.1002382,0.003312447,0.001505182,0.02329182,1.465581E-5,6.181189E-4,4.54463E-4,1.967271E-4,4.087961E-4,0.001485237,3.366887E-4,0.01260576,7.034135E-4,5.080137E-4,0.001240742,4.290845E-4,6.939577E-4,4.566991E-5,2.946072E-4,0.001162019,0.002225152,2.764049E-5,1.068351E-6,1.869828E-5,8.043482,9.07965E-5,456302.2,456318.1
12.6,0.01442374,6.283185,3.141593,6.283185,827.8706,0.2365667,1364877.0,1077.681,1.368773E8,1077.681,1.000008,0.7934657,4.737791E-8,0.04638906,9.000208E-7,0.007936342,5.564828E-7,0.1002559,0.003312611,0.001505536,0.02328104,1.421407E-5,6.182628E-4,4.537815E-4,1.965137E-4,4.092418E-4,0.001480113,3.367388E-4,0.01260067,7.034565E-4,5.090154E-4,0.001242522,4.281445E-4,6.919568E-4,4.540471E-5,2.933764E-4,0.001163242,0.002224325,2.750285E-5,1.060514E-6,1.854465E-5,8.043506,9.095792E-5,456303.6,456319.4
12.8,0.01466554,6.283185,3.141593,6.283185,826.4003,0.2365667,1327018.0,1075.771,1.365411E8,1075.771,1.000008,0.7934337,4.512439E-8,0.04641693,8.623935E-7,0.007945302,5.420331E-7,0.1002725,0.003312706,0.0015059,0.0232708,1.378613E-5,6.18391E-4,4.531202E-4,1.963128E-4,4.09677E-4,0.001475258,3.368061E-4,0.01259575,7.034897E-4,5.099742E-4,0.001244233,4.272722E-4,6.90045E-4,4.515342E-5,2.922154E-4,0.001164417,0.00222354,2.737387E-5,1.05319E-6,1.840054E-5,8.043532,9.111974E-5,456305.0,456320.9
13.0,0.01490777,6.283185,3.141593,6.283185,824.9316,0.2365667,1287841.0,1073.862,1.362052E8,1073.862,1.000008,0.7934034,4.297686E-8,0.04644344,8.264051E-7,0.007953994,5.279583E-7,0.100288,0.003312738,0.001506273,0.02326108,1.33715E-5,6.185047E-4,4.524789E-4,1.961236E-4,4.101019E-4,0.001470657,3.368894E-4,0.012591,7.035139E-4,5.10892E-4,0.001245878,4.26463E-4,6.88218E-4,4.491527E-5,2.911204E-4,0.001165545,0.002222794,2.725297E-5,1.046345E-6,1.826534E-5,8.04356,9.128198E-5,456306.6,456322.4
13.2,0.01515043,6.283185,3.141593,6.283185,823.4644,0.2365667,1254773.0,1071.956,1.358698E8,1071.956,1.000008,0.7933746,4.092888E-8,0.04646868,7.921368E-7,0.007962426,5.142413E-7,0.1003025,0.003312712,0.001506654,0.02325185,1.296963E-5,6.18605E-4,4.518571E-4,1.959455E-4,4.105167E-4,0.001466296,3.369869E-4,0.01258642,7.035302E-4,5.117707E-4,0.001247461,4.25712E-4,6.864713E-4,4.468943E-5,2.900867E-4,0.001166629,0.002222085,2.713955E-5,1.039938E-6,1.813833E-5,8.043589,9.144462E-5,456308.2,456324.0
13.4,0.01539352,6.283185,3.141593,6.283185,821.9988,0.2365667,1221253.0,1070.053,1.355347E8,1070.053,1.000008,0.7933473,3.897538E-8,0.0464927,7.595613E-7,0.007970605,5.008716E-7,0.1003161,0.003312633,0.001507042,0.02324308,1.258008E-5,6.18693E-4,4.512546E-4,1.957777E-4,4.109218E-4,0.001462164,3.370977E-4,0.01258198,7.035393E-4,5.126117E-4,0.001248983,4.250155E-4,6.848012E-4,4.447525E-5,2.891111E-4,0.001167671,0.002221412,2.703315E-5,1.033943E-6,1.801905E-5,8.043619,9.160765E-5,456310.0,456325.8
13.6,0.01563705,6.283185,3.141593,6.283185,820.5349,0.2365667,1189652.0,1068.151,1.352001E8,1068.151,1.000008,0.7933213,3.711111E-8,0.04651558,7.28665E-7,0.007978537,4.87834E-7,0.1003288,0.003312505,0.001507435,0.02323476,1.220235E-5,6.187696E-4,4.50671E-4,1.956198E-4,4.113173E-4,0.001458248,3.372206E-4,0.01257769,7.035418E-4,5.134168E-4,0.001250448,4.243694E-4,6.832041E-4,4.427206E-5,2.8819E-4,0.001168673,0.002220772,2.693329E-5,1.028329E-6,1.790695E-5,8.043651,9.177109E-5,456311.8,456327.7
13.8,0.01588101,6.283185,3.141593,6.283185,819.0727,0.2365667,1159852.0,1066.252,1.348658E8,1066.252,1.000008,0.7932967,3.533161E-8,0.04653739,6.993861E-7,0.007986229,4.751145E-7,0.1003407,0.003312332,0.001507832,0.02322686,1.183602E-5,6.188357E-4,4.501059E-4,1.954711E-4,4.117035E-4,0.001454538,3.373544E-4,0.01257355,7.035385E-4,5.141875E-4,0.001251857,4.237703E-4,6.816764E-4,4.407925E-5,2.873202E-4,0.001169635,0.002220165,2.683954E-5,1.02307E-6,1.780155E-5,8.043683,9.193492E-5,456313.7,456329.8
14.0,0.01612541,6.283185,3.141593,6.283185,817.6123,0.2365667,1131326.0,1064.356,1.34532E8,1064.356,1.000009,0.7932732,3.363442E-8,0.04655818,6.715131E-7,0.007993686,4.627116E-7,0.1003518,0.003312119,0.001508232,0.02321936,1.148074E-5,6.188921E-4,4.49559E-4,1.95331E-4,4.120805E-4,0.001451023,3.374981E-4,0.01256954,7.0353E-4,5.14925E-4,0.001253212,4.232149E-4,6.802152E-4,4.389628E-5,2.864989E-4,0.00117056,0.002219587,2.675152E-5,1.018142E-6,1.770245E-5,8.043717,9.209914E-5,456315.7,456332.0
14.2,0.01637024,6.283185,3.141593,6.283185,816.1536,0.2365667,1103330.0,1062.461,1.341986E8,1062.461,1.000009,0.7932509,3.201665E-8,0.046578,6.448319E-7,0.008000914,4.506115E-7,0.1003622,0.003311868,0.001508635,0.02321224,1.113618E-5,6.189395E-4,4.490298E-4,1.951992E-4,4.124486E-4,0.001447695,3.376508E-4,0.01256567,7.035167E-4,5.156309E-4,0.001254517,4.227001E-4,6.788172E-4,4.372259E-5,2.857231E-4,0.001171449,0.002219038,2.666885E-5,1.013524E-6,1.760923E-5,8.043751,9.226375E-5,456317.8,456334.5
14.4,0.01661551,6.283185,3.141593,6.283185,814.6967,0.2365667,1052036.0,1060.57,1.338656E8,1060.57,1.000009,0.7932297,3.050351E-8,0.04659688,6.142479E-7,0.00800792,4.386713E-7,0.1003719,0.003311582,0.00150904,0.02320548,1.080247E-5,6.189787E-4,4.48518E-4,1.950751E-4,4.12808E-4,0.00144454,3.378114E-4,0.01256192,7.034994E-4,5.163064E-4,0.001255772,4.222231E-4,6.774797E-4,4.35577E-5,2.849903E-4,0.001172304,0.002218516,2.65912E-5,1.009194E-6,1.752152E-5,8.043785,9.242874E-5,456319.9,456337.0
14.6,0.01686122,6.283185,3.141593,6.283185,813.2417,0.2365667,1100396.0,1058.68,1.33533E8,1058.68,1.000009,0.7932094,2.896347E-8,0.04661494,6.075904E-7,0.008014713,4.279605E-7,0.1003809,0.003311267,0.001509446,0.02319907,1.047776E-5,6.190102E-4,4.480228E-4,1.949582E-4,4.131587E-4,0.001441554,3.379792E-4,0.0125583,7.034781E-4,5.169529E-4,0.001256979,4.217816E-4,6.761988E-4,4.340107E-5,2.842976E-4,0.001173126,0.002218019,2.651819E-5,1.00513E-6,1.743895E-5,8.04382,9.259411E-5,456322.1,456340.0
14.8,0.0171074,6.283185,3.141593,6.283185,811.7886,0.2365668,1001851.0,1056.793,1.33201E8,1056.793,1.000009,0.7931903,2.764132E-8,0.04663203,5.659906E-7,0.008021278,4.160828E-7,0.1003893,0.003310917,0.001509852,0.02319301,1.016547E-5,6.190344E-4,4.475456E-4,1.948486E-4,4.135007E-4,0.00143873,3.381533E-4,0.0125548,7.034537E-4,5.1757E-4,0.00125814,4.21374E-4,6.749769E-4,4.32528E-5,2.836456E-4,0.001173915,0.002217551,2.644988E-5,1.001334E-6,1.736151E-5,8.043856,9.275985E-5,456324.3,456342.5
15.0,0.01735404,6.283185,3.141593,6.283185,810.3376,0.2365669,967789.3,1054.909,1.328693E8,1054.909,1.000009,0.7931724,2.633382E-8,0.04664815,5.414032E-7,0.008027628,4.052935E-7,0.1003972,0.003310536,0.001510257,0.02318727,9.862683E-6,6.190514E-4,4.470851E-4,1.947459E-4,4.138337E-4,0.001436055,3.383327E-4,0.01255142,7.034261E-4,5.181589E-4,0.001259256,4.209995E-4,6.738096E-4,4.311248E-5,2.830318E-4,0.001174672,0.002217108,2.638595E-5,9.977885E-7,1.72889E-5,8.043891,9.292594E-5,456326.3,456344.6
15.2,0.01760117,6.283185,3.141593,6.283185,808.8888,0.2365673,939977.9,1053.028,1.325382E8,1053.028,1.000009,0.7931555,2.507694E-8,0.04666341,5.19182E-7,0.008033763,3.94757E-7,0.1004044,0.003310128,0.001510662,0.02318184,9.569021E-6,6.190618E-4,4.466417E-4,1.946498E-4,4.141578E-4,0.00143353,3.385173E-4,0.01254815,7.033956E-4,5.187202E-4,0.001260327,4.206562E-4,6.726962E-4,4.297983E-5,2.824548E-4,0.001175398,0.002216689,2.632622E-5,9.944815E-7,1.722093E-5,8.043927,9.309238E-5,456328.4,456346.7
15.4,0.01784869,6.283185,3.141593,6.283185,807.4417,0.2365674,912316.9,1051.149,1.322075E8,1051.149,1.000009,0.7931392,2.387435E-8,0.04667804,4.977941E-7,0.008039732,3.844245E-7,0.1004112,0.003309701,0.001511065,0.02317666,9.283446E-6,6.190676E-4,4.462112E-4,1.945586E-4,4.144752E-4,0.00143112,3.387054E-4,0.01254498,7.033633E-4,5.192606E-4,0.001261364,4.203354E-4,6.716233E-4,4.28529E-5,2.81905E-4,0.0011761,0.002216289,2.626958E-5,9.913493E-7,1.715637E-5,8.043963,9.325922E-5,456330.4,456348.7
15.6,0.01809662,6.283185,3.141593,6.283185,805.9966,0.2365675,885540.7,1049.272,1.318772E8,1049.272,1.000009,0.7931238,2.272895E-8,0.04669201,4.772966E-7,0.008045524,3.743412E-7,0.1004176,0.003309255,0.001511467,0.02317172,9.006707E-6,6.190686E-4,4.457947E-4,1.944725E-4,4.147852E-4,0.001428828,3.388967E-4,0.01254191,7.033293E-4,5.197788E-4,0.001262365,4.20038E-4,6.705933E-4,4.273196E-5,2.813838E-4,0.001176777,0.002215908,2.621613E-5,9.883985E-7,1.709536E-5,8.044,9.342644E-5,456332.5,456350.7
15.8,0.01834499,6.283185,3.141593,6.283185,804.5534,0.2365675,859437.1,1047.398,1.315474E8,1047.398,1.00001,0.7931091,2.163741E-8,0.04670533,4.576512E-7,0.008051138,3.645042E-7,0.1004235,0.003308792,0.001511866,0.02316703,8.738265E-6,6.190652E-4,4.453922E-4,1.943913E-4,4.15088E-4,0.001426652,3.390907E-4,0.01253893,7.032937E-4,5.202753E-4,0.00126333,4.197628E-4,6.696052E-4,4.261684E-5,2.808902E-4,0.001177429,0.002215545,2.616577E-5,9.856217E-7,1.703776E-5,8.044036,9.359402E-5,456334.5,456352.7
16.0,0.01859381,6.283185,3.141593,6.283185,803.1123,0.2365675,834000.1,1045.527,1.31218E8,1045.527,1.00001,0.7930952,2.059735E-8,0.04671804,4.38829E-7,0.008056578,3.549137E-7,0.1004291,0.003308313,0.001512262,0.02316257,8.477951E-6,6.190577E-4,4.450034E-4,1.943147E-4,4.153834E-4,0.001424587,3.392868E-4,0.01253604,7.032568E-4,5.207509E-4,0.001264262,4.195081E-4,6.686575E-4,4.250727E-5,2.804228E-4,0.001178057,0.0022152,2.611831E-5,9.830078E-7,1.698338E-5,8.044071,9.376196E-5,456336.5,456354.8
16.2,0.01884307,6.283185,3.141593,6.283185,801.6733,0.2365675,809392.6,1043.658,1.308891E8,1043.658,1.00001,0.7930819,1.960757E-8,0.04673014,4.208126E-7,0.008061845,3.455671E-7,0.1004342,0.00330782,0.001512654,0.02315834,8.225633E-6,6.190463E-4,4.446281E-4,1.942427E-4,4.156717E-4,0.001422629,3.394846E-4,0.01253324,7.032187E-4,5.212059E-4,0.001265159,4.192734E-4,6.677494E-4,4.240313E-5,2.799808E-4,0.001178662,0.002214873,2.607367E-5,9.805528E-7,1.693214E-5,8.044107,9.393027E-5,456338.5,456356.8
16.4,0.01909277,6.283185,3.141593,6.283185,800.2364,0.2365675,785338.3,1041.793,1.305607E8,1041.793,1.00001,0.7930694,1.86642E-8,0.04674168,4.035445E-7,0.008066946,3.364565E-7,0.100439,0.003307314,0.001513043,0.02315433,7.980875E-6,6.190315E-4,4.442659E-4,1.941749E-4,4.15953E-4,0.001420773,3.396838E-4,0.01253053,7.031798E-4,5.216413E-4,0.001266024,4.190569E-4,6.668786E-4,4.230406E-5,2.795626E-4,0.001179244,0.002214561,2.603162E-5,9.782435E-7,1.688379E-5,8.044143,9.409893E-5,456340.5,456358.8
16.6,0.01934292,6.283185,3.141593,6.283185,798.8016,0.2365676,762026.9,1039.929,1.302328E8,1039.929,1.00001,0.7930574,1.776635E-8,0.04675266,3.870108E-7,0.008071883,3.275779E-7,0.1004435,0.003306796,0.001513428,0.02315052,7.743579E-6,6.190134E-4,4.439165E-4,1.941112E-4,4.162273E-4,0.001419015,3.398839E-4,0.01252791,7.0314E-4,5.220578E-4,0.001266858,4.188579E-4,6.660443E-4,4.220994E-5,2.791674E-4,0.001179804,0.002214266,2.59921E-5,9.760757E-7,1.683826E-5,8.044178,9.426795E-5,456342.5,456360.8
16.8,0.01959352,6.283185,3.141593,6.283185,797.369,0.2365676,739322.7,1038.069,1.299053E8,1038.069,1.00001,0.7930461,1.691117E-8,0.04676312,3.71168E-7,0.008076662,3.189228E-7,0.1004476,0.003306268,0.00151381,0.02314691,7.513421E-6,6.189924E-4,4.435795E-4,1.940513E-4,4.164949E-4,0.001417348,3.400844E-4,0.01252537,7.030997E-4,5.224561E-4,0.001267661,4.186749E-4,6.652445E-4,4.212045E-5,2.787936E-4,0.001180344,0.002213985,2.59549E-5,9.740378E-7,1.679533E-5,8.044213,9.443731E-5,456344.5,456362.7
17.0,0.01984458,6.283185,3.141593,6.283185,795.9386,0.2365676,717218.9,1036.211,1.295784E8,1036.211,1.00001,0.7930353,1.609672E-8,0.04677309,3.559872E-7,0.008081287,3.10487E-7,0.1004515,0.00330573,0.001514186,0.02314348,7.290197E-6,6.189687E-4,4.432544E-4,1.939949E-4,4.167559E-4,0.001415769,3.40285E-4,0.0125229,7.030589E-4,5.228371E-4,0.001268436,4.185068E-4,6.644776E-4,4.203536E-5,2.7844E-4,0.001180864,0.002213719,2.59199E-5,9.721222E-7,1.675486E-5,8.044247,9.460703E-5,456346.5,456364.7
17.2,0.02009608,6.283185,3.141593,6.283185,794.5104,0.2365676,695809.0,1034.356,1.292519E8,1034.356,1.00001,0.7930251,1.532178E-8,0.04678258,3.414504E-7,0.008085761,3.022673E-7,0.100455,0.003305185,0.001514558,0.02314024,7.073774E-6,6.189426E-4,4.429411E-4,1.93942E-4,4.170104E-4,0.001414274,3.404854E-4,0.01252052,7.030178E-4,5.232013E-4,0.001269182,4.183528E-4,6.637429E-4,4.195452E-5,2.781061E-4,0.001181364,0.002213466,2.588699E-5,9.703239E-7,1.671674E-5,8.044281,9.47771E-5,456348.4,456366.6
17.4,0.02034803,6.283185,3.141593,6.283185,793.0844,0.2365676,674962.0,1032.504,1.289259E8,1032.504,1.00001,0.7930154,1.458381E-8,0.04679161,3.275184E-7,0.008090089,2.942571E-7,0.1004583,0.003304634,0.001514925,0.02313716,6.863872E-6,6.189143E-4,4.426391E-4,1.938923E-4,4.172586E-4,0.001412859,3.406853E-4,0.01251821,7.029765E-4,5.235495E-4,0.001269901,4.182119E-4,6.630385E-4,4.18777E-5,2.777904E-4,0.001181845,0.002213226,2.585605E-5,9.686346E-7,1.668083E-5,8.044315,9.494751E-5,456350.3,456368.5
17.6,0.02060044,6.283185,3.141593,6.283185,791.6606,0.2365676,654662.0,1030.655,1.286005E8,1030.655,1.00001,0.7930062,1.38811E-8,0.04680021,3.141645E-7,0.008094275,2.864517E-7,0.1004613,0.003304076,0.001515288,0.02313424,6.660297E-6,6.188841E-4,4.42348E-4,1.938456E-4,4.175005E-4,0.001411519,3.408844E-4,0.01251597,7.029352E-4,5.238822E-4,0.001270595,4.180832E-4,6.623634E-4,4.18047E-5,2.774922E-4,0.001182309,0.002212999,2.582696E-5,9.670485E-7,1.664701E-5,8.044349,9.511827E-5,456352.2,456370.4
17.8,0.0208533,6.283185,3.141593,6.283185,790.2391,0.2365676,634897.9,1028.809,1.282755E8,1028.809,1.000011,0.7929974,1.3212E-8,0.04680839,3.013638E-7,0.008098323,2.788467E-7,0.1004641,0.003303514,0.001515645,0.02313148,6.462868E-6,6.18852E-4,4.420676E-4,1.938018E-4,4.177364E-4,0.001410252,3.410823E-4,0.01251379,7.028938E-4,5.242002E-4,0.001271263,4.179659E-4,6.617164E-4,4.173537E-5,2.772106E-4,0.001182755,0.002212783,2.579962E-5,9.655597E-7,1.661517E-5,8.044382,9.528937E-5,456354.1,456372.3
18.0,0.02110662,6.283185,3.141593,6.283185,788.8199,0.2365676,615668.3,1026.966,1.279511E8,1026.966,1.000011,0.7929892,1.257501E-8,0.04681618,2.890932E-7,0.008102237,2.714375E-7,0.1004666,0.003302948,0.001515997,0.02312886,6.271397E-6,6.188183E-4,4.417975E-4,1.937607E-4,4.179663E-4,0.001409053,3.412789E-4,0.01251169,7.028526E-4,5.245039E-4,0.001271906,4.178591E-4,6.610962E-4,4.166951E-5,2.769445E-4,0.001183185,0.002212578,2.577392E-5,9.64162E-7,1.658519E-5,8.044414,9.546081E-5,456355.9,456374.1
18.2,0.02136039,6.283185,3.141593,6.283185,787.403,0.2365676,597072.5,1025.125,1.276271E8,1025.125,1.000011,0.7929813,1.196937E-8,0.0468236,2.773413E-7,0.008106022,2.642189E-7,0.100469,0.003302379,0.001516343,0.02312638,6.085722E-6,6.187833E-4,4.415372E-4,1.937222E-4,4.181905E-4,0.001407918,3.414739E-4,0.01250965,7.028116E-4,5.247942E-4,0.001272527,4.177621E-4,6.605013E-4,4.16069E-5,2.766931E-4,0.001183598,0.002212384,2.574976E-5,9.628489E-7,1.655694E-5,8.044446,9.563258E-5,456357.7,456375.9
18.4,0.02161462,6.283185,3.141593,6.283185,785.9885,0.2365676,579017.3,1023.288,1.273037E8,1023.288,1.000011,0.7929739,1.139311E-8,0.04683067,2.660779E-7,0.008109683,2.571864E-7,0.1004711,0.003301808,0.001516684,0.02312402,5.905637E-6,6.187471E-4,4.412865E-4,1.93686E-4,4.18409E-4,0.001406843,3.416669E-4,0.01250768,7.027709E-4,5.250718E-4,0.001273126,4.176738E-4,6.599307E-4,4.154738E-5,2.764553E-4,0.001183997,0.0022122,2.572701E-5,9.616141E-7,1.653031E-5,8.044477,9.58047E-5,456359.5,456377.7
18.6,0.0218693,6.283185,3.141593,6.283185,784.5762,0.2365676,561467.3,1021.453,1.269808E8,1021.453,1.000011,0.7929668,1.084471E-8,0.0468374,2.552795E-7,0.008113222,2.50335E-7,0.1004731,0.003301236,0.00151702,0.02312179,5.730953E-6,6.187099E-4,4.410449E-4,1.936519E-4,4.18622E-4,0.001405824,3.418577E-4,0.01250576,7.027306E-4,5.253372E-4,0.001273703,4.175934E-4,6.593829E-4,4.149073E-5,2.762302E-4,0.001184381,0.002212025,2.570557E-5,9.604514E-7,1.650517E-5,8.044508,9.597714E-5,456361.3,456379.5
18.8,0.02212445,6.283185,3.141593,6.283185,783.1664,0.2365676,544202.1,1019.621,1.266584E8,1019.621,1.000011,0.7929601,1.032262E-8,0.04684381,2.449389E-7,0.008116644,2.436639E-7,0.100475,0.003300664,0.001517349,0.02311968,5.561533E-6,6.186718E-4,4.408122E-4,1.9362E-4,4.188297E-4,0.001404861,3.420463E-4,0.0125039,7.026908E-4,5.255907E-4,0.00127426,4.175207E-4,6.588574E-4,4.14369E-5,2.760174E-4,0.001184751,0.002211859,2.56854E-5,9.593591E-7,1.648149E-5,8.044539,9.614992E-5,456363.0,456381.2
19.0,0.02238005,6.283185,3.141593,6.283185,781.7588,0.2365676,527499.7,1017.793,1.263366E8,1017.793,1.000011,0.7929538,9.825326E-9,0.04684992,2.350388E-7,0.00811995,2.371699E-7,0.1004766,0.003300092,0.001517673,0.02311767,5.397207E-6,6.18633E-4,4.405882E-4,1.935901E-4,4.19032E-4,0.001403949,3.422324E-4,0.0125021,7.026514E-4,5.25833E-4,0.001274796,4.174552E-4,6.583533E-4,4.138574E-5,2.758164E-4,0.001185108,0.002211702,2.566643E-5,9.583325E-7,1.645918E-5,8.044569,9.632304E-5,456364.7,456382.9
19.2,0.02263611,6.283185,3.141593,6.283185,780.3537,0.2365676,511568.6,1015.967,1.260153E8,1015.967,1.000011,0.7929477,9.35129E-9,0.04685574,2.25555E-7,0.008123147,2.308479E-7,0.1004782,0.00329952,0.001517991,0.02311577,5.237785E-6,6.185936E-4,4.403724E-4,1.93562E-4,4.192293E-4,0.001403086,3.424158E-4,0.01250036,7.026127E-4,5.260646E-4,0.001275314,4.173958E-4,6.578692E-4,4.133705E-5,2.756261E-4,0.001185452,0.002211553,2.564854E-5,9.573651E-7,1.643811E-5,8.044598,9.649648E-5,456366.3,456384.5
19.4,0.02289264,6.283185,3.141593,6.283185,778.951,0.2365676,495930.0,1014.145,1.256945E8,1014.145,1.000011,0.792942,8.899195E-9,0.0468613,2.164703E-7,0.008126237,2.246939E-7,0.1004796,0.003298951,0.001518303,0.02311396,5.0831E-6,6.185538E-4,4.401645E-4,1.935355E-4,4.194215E-4,0.001402267,3.425963E-4,0.01249866,7.025745E-4,5.26286E-4,0.001275814,4.17342E-4,6.574042E-4,4.129068E-5,2.754457E-4,0.001185783,0.002211411,2.563165E-5,9.564524E-7,1.64182E-5,8.044627,9.667025E-5,456368.0,456386.1
19.6,0.02314963,6.283185,3.141593,6.283185,777.5507,0.2365676,480846.0,1012.325,1.253743E8,1012.325,1.000012,0.7929366,8.470385E-9,0.04686659,2.077919E-7,0.008129222,2.187006E-7,0.1004808,0.003298383,0.001518609,0.02311225,4.933127E-6,6.185135E-4,4.399645E-4,1.935108E-4,4.196088E-4,0.001401494,3.427741E-4,0.01249702,7.02537E-4,5.264974E-4,0.001276295,4.172941E-4,6.569582E-4,4.124667E-5,2.752755E-4,0.001186102,0.002211277,2.561579E-5,9.555964E-7,1.639947E-5,8.044655,9.684434E-5,456369.5,456387.7
19.8,0.02340707,6.283185,3.141593,6.283185,776.1528,0.2365676,466278.9,1010.509,1.250546E8,1010.509,1.000012,0.7929314,8.062558E-9,0.04687163,1.994933E-7,0.008132107,2.128652E-7,0.100482,0.003297818,0.00151891,0.02311063,4.787649E-6,6.184729E-4,4.397718E-4,1.934875E-4,4.197913E-4,0.001400762,3.429489E-4,0.01249542,7.025E-4,5.266995E-4,0.00127676,4.172512E-4,6.565298E-4,4.120478E-5,2.751143E-4,0.00118641,0.002211149,2.560084E-5,9.547901E-7,1.63818E-5,8.044682,9.701877E-5,456371.1,456389.3
20.0,0.02366499,6.283185,3.141593,6.283185,774.7573,0.2365676,452210.3,1008.696,1.247354E8,1008.696,1.000012,0.7929265,7.674676E-9,0.04687644,1.915598E-7,0.008134895,2.071832E-7,0.100483,0.003297256,0.001519204,0.02310909,4.646515E-6,6.184322E-4,4.395863E-4,1.934657E-4,4.199692E-4,0.001400068,3.431205E-4,0.01249388,7.024638E-4,5.268927E-4,0.001277209,4.172126E-4,6.561182E-4,4.116491E-5,2.749617E-4,0.001186707,0.002211028,2.558673E-5,9.540295E-7,1.636511E-5,8.044709,9.719351E-5,456372.6,456390.8
