Distance_PFRC2 (cm),Plug_flow_residence_time_PFRC2 (sec),Internal_surface_area_per_unit_distance_PFRC2 (cm),Cross-section_area_PFRC2 (cm2),External_surface_area_per_unit_distance_PFRC2 (cm),Velocity_PFRC2 (cm/sec),Exit_mass_flow_rate_PFRC2 (g/sec),Volumetric_heat_production_rate_PFRC2 (erg/cm3-sec),Surface_temperature_PFRC2 (K),Heat_loss_rate_PFRC2 (erg/cm-sec),Temperature_PFRC2 (K),Pressure_PFRC2 (atm),Mass_fraction_H2_PFRC2 (),Mass_fraction_H_PFRC2 (),Mass_fraction_CH4_PFRC2 (),Mass_fraction_CH3_PFRC2 (),Mass_fraction_C2H6_PFRC2 (),Mass_fraction_C2H5_PFRC2 (),Mass_fraction_C2H4_PFRC2 (),Mass_fraction_C2H2_PFRC2 (),Mass_fraction_C3H8_PFRC2 (),Mass_fraction_C3H6_PFRC2 (),Mass_fraction_C3H5-A_PFRC2 (),Mass_fraction_C3H4-P_PFRC2 (),Mass_fraction_C3H4-A_PFRC2 (),Mass_fraction_NC4H10_PFRC2 (),Mass_fraction_IC4H8_PFRC2 (),Mass_fraction_C4H8-1_PFRC2 (),Mass_fraction_C4H8-2_PFRC2 (),Mass_fraction_C4H6_PFRC2 (),Mass_fraction_C4H4_PFRC2 (),Mass_fraction_C6H6_PFRC2 (),Mass_fraction_C5H6_PFRC2 (),Mass_fraction_NC5H10_PFRC2 (),Mass_fraction_LC5H8_PFRC2 (),Mass_fraction_NC6H12_PFRC2 (),Mass_fraction_NC7H14_PFRC2 (),Mass_fraction_C7H8_PFRC2 (),Mass_fraction_XYLENE_PFRC2 (),Mass_fraction_NC12H26_PFRC2 (),Mass_fraction_NC16H34_PFRC2 (),Mass_fraction_NC10H20_PFRC2 (),Molecular_weight_PFRC2 (g/mole),Mass_density_PFRC2 (g/cm3),Unburned_hydrocarbons_PFRC2 (ppm),Volatile_organic_compounds_PFRC2 (ppm)
0.0,0.0,6.283185,3.141593,6.283185,932.4327,0.2365664,-1.357575E11,1425.013,0.0,1425.013,1.0,0.2031835,0.0,0.0,0.0,0.0,0.0,0.0,0.0,0.0,0.0,0.0,0.0,0.0,0.0,0.0,0.0,0.0,0.0,0.0,0.0,0.0,0.0,0.0,0.0,0.0,0.0,0.04552402,0.1977926,0.1580827,0.3954171,9.443275,8.075802E-5,535652.9,535652.9
2.567967E-6,2.754101E-9,6.283185,3.141593,6.283185,932.3989,0.2365664,-1.947205E11,1424.922,1.979942E8,1424.922,1.0,0.2031835,8.592701E-8,1.638071E-9,2.030781E-6,7.947353E-9,1.323713E-5,9.404959E-6,8.365401E-12,4.954512E-9,2.059572E-5,1.445923E-5,2.228389E-11,4.937556E-10,3.844428E-9,3.583652E-16,1.237322E-5,9.003875E-10,1.682325E-7,1.111895E-15,7.569242E-18,1.632933E-15,1.187661E-5,5.450121E-9,3.600232E-6,1.083024E-5,1.168235E-9,0.04552398,0.1977236,0.1579973,0.395328,9.443014,8.076095E-5,535638.1,535638.1
2.368667E-5,2.540741E-8,6.283185,3.141593,6.283185,932.1139,0.2365664,-2.193071E11,1424.011,1.978339E8,1424.011,1.0,0.2031838,1.648505E-6,3.59714E-7,4.157009E-5,1.268767E-6,2.088974E-4,2.080611E-4,3.557266E-9,6.25635E-7,3.242215E-4,1.333223E-4,1.922806E-9,4.223881E-8,4.474231E-7,1.345241E-12,1.905699E-4,8.793669E-8,1.50966E-5,1.12518E-12,3.343201E-13,9.935024E-12,1.792916E-4,2.377989E-6,5.183309E-5,1.653649E-4,2.455314E-7,0.04552253,0.197153,0.1572925,0.394638,9.439862,8.078564E-5,535459.3,535459.3
1.946083E-4,2.089974E-7,6.283185,3.141593,6.283185,929.9536,0.2365664,-2.543815E11,1415.433,1.963241E8,1415.433,1.0,0.2032247,2.029604E-5,4.987019E-5,7.206759E-4,1.043349E-4,0.001779109,0.004108498,1.880377E-6,4.468033E-5,0.003322571,0.001076015,1.525927E-7,3.10955E-6,3.161841E-5,2.721728E-9,0.001790996,9.575267E-6,8.311227E-4,1.066617E-8,4.860245E-9,9.120762E-8,0.001744783,2.829164E-4,4.324544E-4,0.001984695,2.98177E-5,0.04538989,0.1920154,0.1511379,0.3875228,9.404792,8.097331E-5,533470.0,533470.0
5.705515E-4,6.139492E-7,6.283185,3.141593,6.283185,927.2247,0.2365664,-1.848147E11,1398.205,1.932918E8,1398.205,1.0,0.2034251,3.168316E-5,5.629644E-4,0.002506498,6.591132E-4,0.002586619,0.01612474,3.59704E-5,4.275511E-4,0.01148087,0.00228745,2.084341E-6,2.506838E-5,2.698833E-4,1.888583E-7,0.005632295,9.248048E-5,0.00424522,1.045061E-6,2.613472E-7,3.833868E-6,0.005848572,0.001798799,0.00114524,0.007557916,2.116333E-4,0.04477865,0.1798598,0.137339,0.3675039,9.317659,8.121162E-5,528527.6,528527.6
0.001919263,2.069695E-6,6.283185,3.141593,6.283185,926.6023,0.2365664,-6.852234E10,1368.031,1.87981E8,1368.031,1.0,0.2038406,2.292877E-5,0.004067184,0.003613778,0.003022825,0.001707742,0.04730872,3.147264E-4,0.002431424,0.03299925,0.002268526,2.456271E-5,1.229822E-4,0.001137922,6.554803E-6,0.01594454,4.986254E-4,0.01413365,3.543828E-5,5.287919E-6,5.7312E-5,0.01585078,0.006319256,0.002562958,0.02111739,8.378431E-4,0.04358003,0.1508557,0.1065695,0.3142588,9.122705,8.126617E-5,517469.1,517469.1
0.00509604,5.495212E-6,6.283185,3.141593,6.283185,927.8703,0.2365664,-2.908197E10,1339.439,1.829486E8,1339.439,1.0,0.2041472,1.267709E-5,0.01004282,0.002289881,0.006345623,0.001012652,0.08392459,8.535364E-4,0.004865321,0.05711732,0.001871965,9.187549E-5,2.618052E-4,0.002002218,3.788749E-5,0.02664931,0.001163418,0.02610578,1.903121E-4,2.639713E-5,2.259372E-4,0.02500279,0.01119681,0.003845823,0.03342514,0.001672994,0.04257242,0.119586,0.07630696,0.252281,8.919836,8.115511E-5,505962.2,505962.2
0.006005153,6.47494E-6,6.283185,3.141593,6.283185,927.9652,0.2365664,-2.497202E10,1334.312,1.820461E8,1334.312,1.0,0.2041884,1.123156E-5,0.01121713,0.002054607,0.006929013,9.150329E-4,0.09066181,9.746193E-4,0.005248338,0.06131699,0.001824969,1.092724E-4,2.904627E-4,0.002127483,4.792894E-5,0.02832233,0.001295839,0.02831144,2.329014E-4,3.301016E-5,2.709559E-4,0.02636029,0.01198148,0.004041336,0.03517669,0.001833698,0.04239196,0.114224,0.07143163,0.2412624,8.88478,8.114681E-5,503976.9,503978.2
0.006126539,6.605748E-6,6.283185,3.141593,6.283185,927.9725,0.2365664,-2.446767E10,1333.683,1.819354E8,1333.683,1.0,0.2041931,1.106038E-5,0.01136248,0.002026943,0.006999797,9.035384E-4,0.09148936,9.89942E-4,0.005293809,0.06182732,0.001819354,1.115184E-4,2.94069E-4,0.002142138,4.927908E-5,0.02852159,0.001312388,0.02858224,2.383984E-4,3.389526E-5,2.768059E-4,0.02652006,0.01207506,0.0040645,0.0353806,0.001853573,0.0423697,0.1135741,0.07084725,0.2399195,8.880521,8.114617E-5,503736.3,503738.0
0.006174092,6.656993E-6,6.283185,3.141593,6.283185,927.9752,0.2365664,-2.429468E10,1333.439,1.818926E8,1333.439,1.0,0.204195,1.099745E-5,0.01141877,0.002016339,0.007027125,8.991473E-4,0.09180968,9.958942E-4,0.005311305,0.06202463,0.001817203,1.123935E-4,2.954692E-4,0.002147765,4.98084E-5,0.02859847,0.001318971,0.02868698,2.405395E-4,3.4242E-5,2.790874E-4,0.02658147,0.01211111,0.004073411,0.03545884,0.001861269,0.04236107,0.1133232,0.07062201,0.2394005,8.878874,8.114594E-5,503643.8,503645.9
0.006292251,6.784322E-6,6.283185,3.141593,6.283185,927.981,0.2365664,-2.383813E10,1332.842,1.817875E8,1332.842,1.0,0.2041994,1.084351E-5,0.01155704,0.001990514,0.007094062,8.88444E-4,0.09259462,0.001010561,0.005354018,0.06250721,0.001811942,1.145561E-4,2.989176E-4,0.002161473,5.112448E-5,0.02878535,0.001334248,0.02894397,2.458291E-4,3.510349E-5,2.84731E-4,0.02673116,0.01219917,0.004095157,0.03564927,0.001880172,0.04233989,0.1127086,0.07007127,0.2381286,8.874846,8.114544E-5,503415.3,503417.2
0.006471177,6.977134E-6,6.283185,3.141593,6.283185,927.9885,0.2365664,-2.322594E10,1331.958,1.81632E8,1331.958,1.0,0.2042058,1.061624E-5,0.01176231,0.001952827,0.007192931,8.728521E-4,0.09375839,0.001032453,0.005416742,0.06322091,0.001804222,1.178006E-4,3.0406E-4,0.002181529,5.311991E-5,0.02906045,0.001357429,0.02932472,2.537577E-4,3.640789E-5,2.932118E-4,0.0269505,0.0123287,0.004127072,0.03592751,0.001908237,0.04230844,0.1118008,0.06926014,0.2362473,8.868889,8.114478E-5,503078.4,503080.8
0.006497485,7.005483E-6,6.283185,3.141593,6.283185,927.9894,0.2365664,-2.310603E10,1331.83,1.816094E8,1331.83,1.0,0.2042067,1.05831E-5,0.01179208,0.001947403,0.007207222,8.705949E-4,0.09392694,0.00103564,0.005425773,0.06332405,0.001803104,1.182745E-4,3.048082E-4,0.002184408,5.341349E-5,0.02910007,0.001360786,0.02937987,2.549152E-4,3.659962E-5,2.94452E-4,0.02698203,0.01234736,0.004131664,0.0359674,0.001912307,0.04230388,0.1116697,0.06914317,0.2359752,8.868028,8.11447E-5,503029.7,503032.2
0.006528396,7.038792E-6,6.283185,3.141593,6.283185,927.9905,0.2365664,-2.30245E10,1331.681,1.815831E8,1331.681,1.0,0.2042078,1.054545E-5,0.01182692,0.001941077,0.00722393,8.679665E-4,0.09412427,0.001039374,0.005436318,0.06344475,0.001801802,1.188303E-4,3.056846E-4,0.002187768,5.375849E-5,0.02914645,0.001364826,0.02944438,2.562724E-4,3.682488E-5,2.959068E-4,0.02701882,0.01236916,0.004137026,0.03601395,0.00191707,0.04229854,0.1115163,0.06900648,0.235657,8.86702,8.11446E-5,502973.0,502975.6
0.006818202,7.351085E-6,6.283185,3.141593,6.283185,927.9973,0.2365664,-2.208594E10,1330.308,1.813415E8,1330.308,1.0,0.2042174,1.019684E-5,0.01214696,0.001883941,0.007376597,8.442006E-4,0.09593202,0.001073845,0.005532084,0.06454746,0.001789853,1.239878E-4,3.137711E-4,0.002218161,5.699522E-5,0.02956726,0.001401249,0.03003557,2.688566E-4,3.893519E-5,3.094318E-4,0.02735203,0.01256724,0.004185683,0.03643408,0.001960808,0.04224955,0.1101158,0.06776195,0.2327468,8.857815,8.1144E-5,502453.9,502457.6
0.006862013,7.398295E-6,6.283185,3.141593,6.283185,927.9981,0.2365664,-2.192847E10,1330.106,1.813058E8,1330.106,1.0,0.2042188,1.014861E-5,0.01219432,0.001875604,0.007399068,8.407165E-4,0.09619901,0.001078974,0.00554609,0.06470981,0.001788103,1.247591E-4,3.149737E-4,0.002222586,5.748478E-5,0.0296289,0.001406676,0.03012286,2.707369E-4,3.925392E-5,3.114581E-4,0.02740063,0.01259625,0.004192793,0.03649514,0.001967279,0.0422423,0.1099097,0.06757938,0.232318,8.85646,8.114394E-5,502377.4,502381.4
0.007075053,7.627865E-6,6.283185,3.141593,6.283185,927.9999,0.2365664,-2.127843E10,1329.138,1.811355E8,1329.138,1.0,0.2042253,9.916644E-6,0.01242098,0.00183632,0.007506179,8.24393E-4,0.09747414,0.001103619,0.005612524,0.06548349,0.001779795,1.284805E-4,3.207502E-4,0.002243513,5.986641E-5,0.0299207,0.001431937,0.03053995,2.797979E-4,4.080265E-5,3.212463E-4,0.02763067,0.01273402,0.004226501,0.03678353,0.001998251,0.04220758,0.1089274,0.06671123,0.2302717,8.849999,8.114378E-5,502012.0,502016.3
0.007315366,7.886823E-6,6.283185,3.141593,6.283185,927.9998,0.2365664,-2.059625E10,1328.081,1.809496E8,1328.081,1.0,0.2042323,9.668372E-6,0.01266939,0.001794344,0.007622727,8.069337E-4,0.09886746,0.001130825,0.005684179,0.06632543,0.001770805,1.326182E-4,3.271235E-4,0.002265953,6.255449E-5,0.03023531,0.001459232,0.03099571,2.89851E-4,4.254695E-5,3.321539E-4,0.02787782,0.0128829,0.004262805,0.03709194,0.002032196,0.0421695,0.1078588,0.06577082,0.2280414,8.842966,8.114379E-5,501613.0,501617.4
0.01069819,1.153236E-5,6.283185,3.141593,6.283185,927.8275,0.2365664,-1.406152E10,1315.996,1.788224E8,1315.996,1.0,0.2042969,7.170771E-6,0.01557743,0.001371953,0.00892897,6.277644E-4,0.1148722,0.001462123,0.006442405,0.0757478,0.001668871,1.852555E-4,4.049132E-4,0.002494433,1.001541E-4,0.03356896,0.001771335,0.03622428,4.156538E-4,6.65862E-5,4.728195E-4,0.03041064,0.01446727,0.004641663,0.04015177,0.00242888,0.04172253,0.09594679,0.05556158,0.2028976,8.764118,8.115885E-5,497140.9,497145.4
0.01174077,1.265609E-5,6.283185,3.141593,6.283185,927.7391,0.2365664,-1.277743E10,1313.041,1.783024E8,1313.041,1.0,0.2043083,6.656674E-6,0.01630958,0.001283763,0.009241931,5.894106E-4,0.1188075,0.001548704,0.006611164,0.07799307,0.001643871,1.996906E-4,4.254304E-4,0.002542662,1.11546E-4,0.03431042,0.001848268,0.03750686,4.494037E-4,7.375112E-5,5.11941E-4,0.0309456,0.01482015,0.004723796,0.04076763,0.00252841,0.04160968,0.09312096,0.05321646,0.1968575,8.745276,8.116658E-5,496074.8,496080.0
0.01208802,1.30304E-5,6.283185,3.141593,6.283185,927.7077,0.2365664,-1.242743E10,1312.116,1.781395E8,1312.116,1.0,0.2043115,6.496997E-6,0.01654078,0.001257156,0.009339524,5.777463E-4,0.1200427,0.001576259,0.006662737,0.07869204,0.001635955,2.043426E-4,4.319857E-4,0.002557178,1.153126E-4,0.03453758,0.001873239,0.03790885,4.602129E-4,7.61099E-5,5.245938E-4,0.0311062,0.01492772,0.004748657,0.04094977,0.002559797,0.04157406,0.09224316,0.05249411,0.1949754,8.739407,8.116933E-5,495745.2,495751.6
0.01211249,1.305678E-5,6.283185,3.141593,6.283185,927.7054,0.2365664,-1.234739E10,1312.051,1.781282E8,1312.051,1.0,0.2043117,6.487874E-6,0.01655685,0.001255315,0.009346285,5.769317E-4,0.1201284,0.001578177,0.006666291,0.07874038,0.00163541,2.046675E-4,4.324427E-4,0.002558174,1.155774E-4,0.03455321,0.001874948,0.03793674,4.609667E-4,7.627557E-5,5.254783E-4,0.03111722,0.01493513,0.004750366,0.04096221,0.002561977,0.04157159,0.0921824,0.05244422,0.194845,8.739001,8.116953E-5,495722.3,495728.8
0.01220258,1.315388E-5,6.283185,3.141593,6.283185,927.697,0.2365664,-1.226087E10,1311.816,1.780868E8,1311.816,1.0,0.2043125,6.450936E-6,0.01661576,0.001248602,0.009371043,5.73981E-4,0.120442,0.001585213,0.006679283,0.07891718,0.001633409,2.058604E-4,4.341195E-4,0.00256181,1.165517E-4,0.03461011,0.001880981,0.0380389,4.637328E-4,7.688484E-5,5.287266E-4,0.03115742,0.01496221,0.004756609,0.04100757,0.002569969,0.04156251,0.09195997,0.05226171,0.1943677,8.737515,8.117026E-5,495638.2,495644.7
0.01236402,1.332791E-5,6.283185,3.141593,6.283185,927.6823,0.2365664,-1.21342E10,1311.399,1.780134E8,1311.399,1.0,0.2043139,6.383627E-6,0.01672037,0.001236883,0.00941492,5.688791E-4,0.1209991,0.001597727,0.006702228,0.07923118,0.001629874,2.079867E-4,4.371034E-4,0.002568217,1.182957E-4,0.0347112,0.001892305,0.0382201,4.686562E-4,7.797458E-5,5.345193E-4,0.03122822,0.01501005,0.004767614,0.04108726,0.002584165,0.04154638,0.0915659,0.05193882,0.1935215,8.734876,8.117155E-5,495490.2,495497.3
0.01239284,1.335898E-5,6.283185,3.141593,6.283185,927.6795,0.2365664,-1.206096E10,1311.325,1.780004E8,1311.325,1.0,0.2043141,6.370802E-6,0.01673893,0.00123481,0.00942269,5.67971E-4,0.1210977,0.001599948,0.006706281,0.07928665,0.001629244,2.083648E-4,4.376333E-4,0.002569346,1.186068E-4,0.03472895,0.001894215,0.0382522,4.695309E-4,7.816887E-5,5.355498E-4,0.03124069,0.01501849,0.004769555,0.04110127,0.002586682,0.04154352,0.09149617,0.05188175,0.1933717,8.73441,8.11718E-5,495463.8,495470.9
0.01282291,1.382258E-5,6.283185,3.141593,6.283185,927.6393,0.2365664,-1.164407E10,1310.246,1.778104E8,1310.246,1.0,0.2043174,6.202166E-6,0.01701112,0.001204953,0.009536226,5.549615E-4,0.1225415,0.001632621,0.006765114,0.08009667,0.001620154,2.139472E-4,4.454374E-4,0.002585651,1.232361E-4,0.03498648,0.00192213,0.03872214,4.824138E-4,8.105628E-5,5.507762E-4,0.0314207,0.01514115,0.004797635,0.0413025,0.002623609,0.04150152,0.09047777,0.05105045,0.1911823,8.727596,8.117531E-5,495077.9,495085.3
0.01323777,1.426981E-5,6.283185,3.141593,6.283185,927.6,0.2365664,-1.12616E10,1309.238,1.77633E8,1309.238,1.0,0.2043203,6.043688E-6,0.01726631,0.001177846,0.009641978,5.431388E-4,0.1238909,0.001663385,0.006819307,0.08085045,0.001611671,2.192391E-4,4.528001E-4,0.002600543,1.276823E-4,0.03522372,0.001948564,0.03916099,4.945761E-4,8.382338E-5,5.652317E-4,0.0315847,0.01525401,0.004823328,0.04148422,0.002658219,0.0414621,0.08953104,0.05028121,0.1891437,8.721252,8.117875E-5,494720.3,494728.4
0.01328271,1.431827E-5,6.283185,3.141593,6.283185,927.5954,0.2365664,-1.124178E10,1309.13,1.776141E8,1309.13,1.0,0.2043206,6.021337E-6,0.01729354,0.001174998,0.009653224,5.418484E-4,0.1240345,0.001666672,0.006825036,0.08093052,0.001610711,2.198065E-4,4.535878E-4,0.002602112,1.281624E-4,0.03524879,0.001951403,0.03920767,4.95879E-4,8.412187E-5,5.667844E-4,0.0316019,0.01526586,0.004826033,0.04150314,0.002661908,0.04145792,0.08943073,0.0501999,0.1889274,8.720579,8.117915E-5,494682.2,494690.4
0.01331436,1.435238E-5,6.283185,3.141593,6.283185,927.5926,0.2365664,-1.125083E10,1309.055,1.776008E8,1309.055,1.0,0.2043208,6.010973E-6,0.01731265,0.001172983,0.009661115,5.409348E-4,0.1241357,0.001668981,0.006829052,0.08098694,0.00161006,2.202053E-4,4.541415E-4,0.00260321,1.285003E-4,0.03526666,0.001953686,0.03924045,4.967941E-4,8.433189E-5,5.678753E-4,0.03161396,0.01527419,0.004827928,0.0415164,0.002664497,0.04145497,0.08936028,0.05014282,0.1887756,8.720105,8.11794E-5,494656.1,494664.7
0.01340906,1.445448E-5,6.283185,3.141593,6.283185,927.5833,0.2365664,-1.111094E10,1308.831,1.775614E8,1308.831,1.0,0.2043214,5.97982E-6,0.01736962,0.001166976,0.0096846,5.382316E-4,0.1244356,0.001675863,0.006840979,0.0811538,0.001608138,2.213954E-4,4.557926E-4,0.002606463,1.295108E-4,0.03531871,0.001959443,0.03933806,4.995231E-4,8.495975E-5,5.711309E-4,0.03164969,0.01529894,0.004833552,0.04155567,0.002672212,0.04144619,0.08915062,0.04997308,0.1883236,8.7187,8.118021E-5,494576.4,494585.0
0.01398405,1.507437E-5,6.283185,3.141593,6.283185,927.528,0.2365664,-1.076808E10,1307.504,1.773278E8,1307.504,1.0,0.2043247,5.784862E-6,0.01770809,0.001132301,0.009823453,5.229084E-4,0.1262165,0.001716876,0.006910898,0.08214192,0.001596841,2.285245E-4,4.656493E-4,0.002625407,1.356237E-4,0.03562589,0.001995984,0.03991623,5.158175E-4,8.875153E-5,5.906554E-4,0.03185736,0.01544399,0.004866343,0.0417823,0.002718051,0.04139394,0.0879125,0.04897421,0.1856512,8.710377,8.118505E-5,494111.7,494122.9
0.01399999,1.509156E-5,6.283185,3.141593,6.283185,927.5261,0.2365664,-1.064453E10,1307.468,1.773214E8,1307.468,1.0,0.2043248,5.77541E-6,0.0177173,0.001131381,0.009827215,5.22506E-4,0.1262648,0.001717994,0.006912778,0.08216864,0.001596522,2.287199E-4,4.659185E-4,0.002625914,1.357927E-4,0.0356341,0.001996938,0.03993191,5.16263E-4,8.885617E-5,5.911914E-4,0.03186289,0.01544788,0.00486722,0.0417883,0.002719299,0.04139252,0.08787905,0.04894731,0.185579,8.710154,8.118522E-5,494099.1,494110.4
0.01403983,1.513451E-5,6.283185,3.141593,6.283185,927.5218,0.2365664,-1.063144E10,1307.378,1.773056E8,1307.378,1.0,0.2043251,5.750788E-6,0.01774028,0.00112904,0.009836599,5.214242E-4,0.1263851,0.001720783,0.006917465,0.08223511,0.001595683,2.292069E-4,4.6659E-4,0.002627177,1.362144E-4,0.03565454,0.001999302,0.03997099,5.173752E-4,8.911729E-5,5.925292E-4,0.03187666,0.01545751,0.004869406,0.04180316,0.002722407,0.04138901,0.08779583,0.04888038,0.185399,8.709595,8.11856E-5,494067.7,494079.0
0.01406402,1.516059E-5,6.283185,3.141593,6.283185,927.5191,0.2365664,-1.056623E10,1307.323,1.77296E8,1307.323,1.0,0.2043252,5.741669E-6,0.0177542,0.001127611,0.00984228,5.207634E-4,0.1264578,0.001722472,0.006920301,0.08227524,0.001595191,2.295021E-4,4.669971E-4,0.002627939,1.364702E-4,0.03566681,0.002000623,0.03999467,5.180489E-4,8.92757E-5,5.933394E-4,0.03188498,0.01546334,0.004870728,0.04181214,0.002724289,0.04138687,0.0877454,0.04883985,0.1852901,8.709258,8.118583E-5,494048.4,494059.7
0.01458712,1.572459E-5,6.283185,3.141593,6.283185,927.4676,0.2365664,-1.015829E10,1306.173,1.770935E8,1306.173,1.0,0.2043277,5.590147E-6,0.01805006,0.001098424,0.009962522,5.079682E-4,0.1280035,0.001758484,0.006979864,0.08312668,0.001585507,2.358221E-4,4.75686E-4,0.002643858,1.419891E-4,0.03592576,0.002030086,0.04049697,5.324132E-4,9.268893E-5,6.106823E-4,0.03205876,0.01558667,0.004898374,0.04199917,0.002764326,0.04134116,0.08667627,0.04798293,0.1829777,8.702075,8.119034E-5,493641.6,493653.2
0.01526536,1.645589E-5,6.283185,3.141593,6.283185,927.4007,0.2365664,-9.680651E9,1304.742,1.768417E8,1304.742,1.0,0.2043304,5.385474E-6,0.01842016,0.001063289,0.01011174,4.923504E-4,0.1299293,0.001803747,0.007052708,0.08418135,0.001573351,2.438339E-4,4.866375E-4,0.00266309,1.490963E-4,0.03624249,0.002067786,0.0411219,5.505243E-4,9.707358E-5,6.327031E-4,0.03226759,0.01573701,0.004931802,0.04222075,0.002814383,0.04128395,0.08535389,0.04692932,0.1801123,8.693174,8.11962E-5,493140.3,493153.4
0.01535795,1.655573E-5,6.283185,3.141593,6.283185,927.3917,0.2365664,-9.640801E9,1304.552,1.768083E8,1304.552,1.0,0.2043308,5.360248E-6,0.01846955,0.001058662,0.01013155,4.902741E-4,0.1301857,0.001809802,0.007062286,0.08432125,0.001571727,2.449116E-4,4.881059E-4,0.002665598,1.500619E-4,0.03628434,0.002073071,0.04120501,5.529529E-4,9.766837E-5,6.35668E-4,0.03229472,0.01575673,0.004936166,0.04224926,0.002821057,0.04127631,0.08517875,0.0467903,0.1797323,8.691991,8.119699E-5,493074.5,493088.0
0.01557043,1.678485E-5,6.283185,3.141593,6.283185,927.3705,0.2365664,-9.515212E9,1304.12,1.767323E8,1304.12,1.0,0.2043315,5.302191E-6,0.01858191,0.00104823,0.01017653,4.855991E-4,0.1307679,0.001823587,0.007083953,0.08463837,0.001568023,2.473701E-4,4.914523E-4,0.002671252,1.522732E-4,0.03637856,0.002084656,0.04139379,5.584876E-4,9.902978E-5,6.424363E-4,0.0323558,0.01580126,0.004946011,0.0423132,0.002836237,0.04125896,0.08478149,0.04647544,0.1788701,8.689313,8.119884E-5,492924.1,492938.4
0.01565985,1.688128E-5,6.283185,3.141593,6.283185,927.3617,0.2365664,-9.454167E9,1303.941,1.767006E8,1303.941,1.0,0.2043318,5.275317E-6,0.0186288,0.001043905,0.01019526,4.836629E-4,0.1310106,0.001829344,0.007092944,0.08477034,0.001566479,2.483991E-4,4.92851E-4,0.00267359,1.532022E-4,0.03641766,0.002089528,0.04147245,5.608011E-4,9.960139E-5,6.452702E-4,0.03238103,0.01581973,0.004950085,0.04233951,0.00284257,0.04125172,0.08461617,0.04634459,0.1785111,8.688198,8.119961E-5,492861.7,492876.2
0.01577686,1.700746E-5,6.283185,3.141593,6.283185,927.35,0.2365664,-9.35441E9,1303.707,1.766595E8,1303.707,1.0,0.2043321,5.244727E-6,0.01868977,0.001038315,0.01021958,4.811703E-4,0.1313258,0.001836837,0.007104588,0.08494152,0.001564489,2.497402E-4,4.946725E-4,0.002676612,1.544162E-4,0.03646814,0.002095701,0.04157466,5.638134E-4,1.00348E-4,6.48964E-4,0.0324136,0.01584365,0.00495535,0.0423734,0.002850806,0.04124229,0.08440155,0.0461749,0.178045,8.686751,8.120063E-5,492780.3,492795.1
0.01618124,1.744353E-5,6.283185,3.141593,6.283185,927.3098,0.2365664,-9.117025E9,1302.914,1.765199E8,1302.914,1.0,0.2043333,5.140263E-6,0.01889751,0.001019706,0.01030218,4.72904E-4,0.1323972,0.001862405,0.007143896,0.08552229,0.001557744,2.543326E-4,5.008967E-4,0.002686761,1.585989E-4,0.03663799,0.002116368,0.04192209,5.741048E-4,1.029181E-4,6.6162E-4,0.03252269,0.0159243,0.004973034,0.04248619,0.00287886,0.04121016,0.08367355,0.04560069,0.1764627,8.68184,8.120415E-5,492503.4,492519.0
0.01623233,1.749862E-5,6.283185,3.141593,6.283185,927.3051,0.2365664,-9.12165E9,1302.814,1.765024E8,1302.814,1.0,0.2043334,5.126655E-6,0.01892343,0.001017427,0.01031246,4.71905E-4,0.1325319,0.001865601,0.007148761,0.08559535,0.001556911,2.549084E-4,5.016754E-4,0.002688012,1.59126E-4,0.03665993,0.002119883,0.04196536,5.753921E-4,1.032418E-4,6.632083E-4,0.0325361,0.01593428,0.004975212,0.04249998,0.002882361,0.04120615,0.08358302,0.04552944,0.1762658,8.681222,8.120456E-5,492471.1,492487.6
0.01628855,1.755925E-5,6.283185,3.141593,6.283185,927.299,0.2365664,-9.044184E9,1302.706,1.764833E8,1302.706,1.0,0.2043336,5.101813E-6,0.01895188,0.001014873,0.01032374,4.707082E-4,0.132678,0.001869106,0.007154096,0.08567428,0.001555907,2.555402E-4,5.025301E-4,0.002689383,1.597053E-4,0.03668281,0.002122585,0.04201279,5.768072E-4,1.035974E-4,6.649534E-4,0.03255075,0.01594512,0.004977598,0.04251496,0.0028862,0.04120178,0.0834841,0.0454516,0.1760506,8.680557,8.12051E-5,492433.2,492449.8
0.01632444,1.759795E-5,6.283185,3.141593,6.283185,927.2954,0.2365664,-9.011386E9,1302.637,1.764712E8,1302.637,1.0,0.2043336,5.095758E-6,0.01896999,0.001013234,0.01033092,4.699455E-4,0.1327712,0.001871338,0.007157484,0.08572459,0.001555305,2.559426E-4,5.030746E-4,0.002690251,1.600746E-4,0.0366975,0.002124451,0.04204299,5.777076E-4,1.038241E-4,6.660635E-4,0.03256004,0.01595203,0.004979112,0.04252448,0.002888641,0.04119899,0.08342109,0.04540204,0.1759135,8.680131,8.120541E-5,492409.3,492426.0
0.0177434,1.912828E-5,6.283185,3.141593,6.283185,927.156,0.2365664,-8.23498E9,1300.036,1.760134E8,1300.036,1.0,0.204336,4.775463E-6,0.01965919,9.549019E-4,0.01060156,4.438922E-4,0.1362959,0.001956701,0.007283204,0.0876154,0.001533305,2.714841E-4,5.239612E-4,0.002722001,1.745665E-4,0.03723516,0.002190024,0.04318534,6.122256E-4,1.126992E-4,7.089754E-4,0.0328974,0.01620854,0.00503444,0.04286397,0.00298162,0.04109217,0.08104828,0.04354819,0.1707423,8.664104,8.121762E-5,491500.3,491517.5
0.01841356,1.985111E-5,6.283185,3.141593,6.283185,927.0922,0.2365664,-7.921497E9,1298.884,1.758107E8,1298.884,1.0,0.2043365,4.631585E-6,0.01996819,9.296596E-4,0.01072148,4.324324E-4,0.1378657,0.001995187,0.007337641,0.08844898,0.001523485,2.785801E-4,5.334241E-4,0.002735433,1.813255E-4,0.03746792,0.002220641,0.04369317,6.278604E-4,1.168269E-4,7.286025E-4,0.03303837,0.01631879,0.005057849,0.0430017,0.003023246,0.04104424,0.08000273,0.04273866,0.168458,8.657022,8.122321E-5,491101.3,491120.3
0.0184344,1.987359E-5,6.283185,3.141593,6.283185,927.0902,0.2365664,-7.923344E9,1298.849,1.758045E8,1298.849,1.0,0.2043366,4.627126E-6,0.01997764,9.289016E-4,0.01072513,4.320912E-4,0.1379137,0.001996365,0.007339287,0.08847439,0.001523183,2.787982E-4,5.337145E-4,0.002735836,1.815347E-4,0.037475,0.002221625,0.04370866,6.283401E-4,1.169546E-4,7.292063E-4,0.03304258,0.01632211,0.005058551,0.04300576,0.003024518,0.04104277,0.07997096,0.04271412,0.1683885,8.656807,8.122339E-5,491089.3,491108.4
0.01864435,2.010006E-5,6.283185,3.141593,6.283185,927.0694,0.2365664,-7.809338E9,1298.497,1.757426E8,1298.497,1.0,0.2043367,4.585448E-6,0.02007225,9.214146E-4,0.01076166,4.287274E-4,0.138392,0.002008167,0.007355698,0.08872746,0.001520162,2.809866E-4,5.366251E-4,0.00273985,1.836389E-4,0.03754443,0.00223039,0.04386356,6.331482E-4,1.182381E-4,7.352647E-4,0.03308437,0.01635519,0.005065539,0.04304599,0.00303725,0.04102812,0.07965341,0.04246922,0.167694,8.654656,8.12252E-5,490967.4,490986.5
0.02050927,2.211189E-5,6.283185,3.141593,6.283185,926.8905,0.2365664,-7.034279E9,1295.55,1.752238E8,1295.55,1.0,0.2043362,4.248481E-6,0.02087408,8.61175E-4,0.01106808,4.013854E-4,0.1424177,0.002108572,0.007490467,0.09083988,0.001494873,2.998203E-4,5.615126E-4,0.00277213,2.020954E-4,0.03811083,0.002304448,0.04516508,6.742146E-4,1.29469E-4,7.874842E-4,0.03341492,0.01662476,0.005121502,0.04335414,0.003144988,0.04090374,0.07700408,0.04044269,0.1618873,8.636675,8.124088E-5,489949.1,489969.1
0.02567137,2.768259E-5,6.283185,3.141593,6.283185,926.4223,0.2365664,-5.497749E9,1288.689,1.740162E8,1288.689,1.0,0.2043262,3.542403E-6,0.02280245,7.338547E-4,0.01178272,3.431077E-4,0.1518812,0.002352415,0.007784752,0.09567312,0.001435898,3.471479E-4,6.229251E-4,0.002837756,2.510454E-4,0.03931117,0.002473374,0.04821451,7.751881E-4,1.590967E-4,9.192627E-4,0.03404363,0.01719511,0.005233234,0.043867,0.003402691,0.04060446,0.07093578,0.03591491,0.148509,8.595278,8.128193E-5,487601.9,487622.2
0.02592638,2.795786E-5,6.283185,3.141593,6.283185,926.3989,0.2365664,-5.439242E9,1288.388,1.739632E8,1288.388,1.0,0.2043255,3.512356E-6,0.02288866,7.289875E-4,0.01181398,3.408641E-4,0.1522968,0.002363368,0.007796985,0.095882,0.001433203,3.493272E-4,6.2572E-4,0.00284034,2.533839E-4,0.03935962,0.002480519,0.04834808,7.797695E-4,1.605083E-4,9.253535E-4,0.03406642,0.01721799,0.005237499,0.04388267,0.003414154,0.04059114,0.07067471,0.03572375,0.147931,8.593486,8.128398E-5,487501.4,487521.4
0.02971828,3.205172E-5,6.283185,3.141593,6.283185,926.0842,0.2365664,-4.667417E9,1284.287,1.732415E8,1284.287,1.0,0.2043126,3.148025E-6,0.02408972,6.611142E-4,0.01224327,3.095583E-4,0.1580268,0.002516587,0.007959413,0.09870989,0.001398108,3.80299E-4,6.650969E-4,0.002872907,2.873522E-4,0.0399912,0.002579502,0.0501852,8.441197E-4,1.810017E-4,0.001011935,0.03433837,0.0175166,0.005290481,0.0440411,0.003573578,0.04040491,0.06711623,0.03314972,0.1400365,8.569049,8.13116E-5,486114.9,486134.6
0.07928178,8.565943E-5,6.283185,3.141593,6.283185,923.366,0.2365664,-1.505153E9,1256.55,1.683595E8,1256.55,1.000001,0.2040682,1.435099E-6,0.03340556,3.284352E-4,0.01525308,1.542235E-4,0.1986431,0.003720052,0.008817214,0.1165497,0.001162326,6.551807E-4,9.930477E-4,0.002970201,6.30889E-4,0.04243409,0.003195527,0.0629111,0.001368419,3.946228E-4,0.001784015,0.03397696,0.01863623,0.005345094,0.04213648,0.004787861,0.03896864,0.04426803,0.01812069,0.0888133,8.408657,8.155097E-5,477016.0,477032.6
0.1367881,1.480017E-4,6.283185,3.141593,6.283185,921.6288,0.2365664,-7.761517E8,1242.63,1.659096E8,1242.63,1.000001,0.2038064,9.342717E-7,0.03916989,2.222465E-4,0.01689138,1.042115E-4,0.2206799,0.004465677,0.009087633,0.124385,0.001045023,8.526816E-4,0.001208083,0.002933473,8.974434E-4,0.0421539,0.003443683,0.06945308,0.00170618,5.798638E-4,0.002341489,0.03204975,0.01847641,0.00511941,0.03897777,0.005524662,0.03808585,0.03364353,0.01214918,0.06501286,8.331182,8.170469E-5,472621.2,472636.8
0.1442521,1.561012E-4,6.283185,3.141593,6.283185,921.4527,0.2365664,-7.280797E8,1241.334,1.656814E8,1241.334,1.000001,0.2037757,8.963039E-7,0.03975628,2.139044E-4,0.01705032,1.002668E-4,0.2228023,0.004541296,0.009106975,0.1250613,0.001034019,8.738124E-4,0.001230132,0.002926812,9.2589E-4,0.04206253,0.003463456,0.07006287,0.001740852,6.011553E-4,0.002401334,0.0317987,0.0184314,0.005087521,0.03859927,0.005599232,0.03799621,0.03268788,0.01164892,0.06288823,8.324083,8.172031E-5,472218.8,472234.9
0.1897547,2.055085E-4,6.283185,3.141593,6.283185,920.522,0.2365664,-5.147201E8,1234.814,1.645338E8,1234.814,1.000001,0.2036024,7.244225E-7,0.0428536,1.753676E-4,0.01786895,8.219575E-5,0.2336798,0.004940126,0.009187929,0.1282925,9.78566E-4,9.885259E-4,0.001346564,0.002884148,0.001078302,0.04140401,0.003551683,0.0731172,0.001924805,7.215528E-4,0.002727038,0.03033193,0.01811761,0.00489515,0.03646432,0.005992856,0.03752262,0.02798152,0.009282787,0.0524935,8.288728,8.180292E-5,470213.2,470228.4
0.2,2.166395E-4,6.283185,3.141593,6.283185,920.3388,0.2365664,-4.811253E8,1233.594,1.643192E8,1233.594,1.000001,0.2035662,6.954836E-7,0.04346174,1.68794E-4,0.01802573,7.910551E-5,0.2357508,0.005018281,0.00919994,0.1288614,9.680924E-4,0.001011636,0.001369364,0.002874415,0.001108465,0.04124206,0.003565855,0.07368404,0.001961047,7.467781E-4,0.002792843,0.03001865,0.01804201,0.004852982,0.03602179,0.006070104,0.03742962,0.02712216,0.008869002,0.05061057,8.282193,8.181921E-5,469842.5,469857.6
0.2658908,2.88275E-4,6.283185,3.141593,6.283185,919.3126,0.2365664,-3.31334E8,1227.16,1.631867E8,1227.16,1.000001,0.2033534,5.580353E-7,0.04683538,1.370658E-4,0.01887373,6.420699E-5,0.2468743,0.005450923,0.009246065,0.1316479,9.120343E-4,0.001143195,0.001495003,0.002813342,0.00127556,0.04016452,0.003626261,0.0766348,0.002162655,8.964449E-4,0.003168852,0.0281533,0.01754884,0.004595884,0.03345835,0.006498989,0.03691318,0.02271094,0.006839808,0.04104364,8.248188,8.191054E-5,467913.5,467928.1
0.3228207,3.502272E-4,6.283185,3.141593,6.283185,918.5718,0.2365664,-2.549428E8,1222.929,1.624421E8,1222.929,1.000001,0.2031919,4.799115E-7,0.04921199,1.188473E-4,0.01945028,5.560586E-5,0.2543531,0.005754734,0.009259676,0.1332505,8.741486E-4,0.001239127,0.001582246,0.002763868,0.001391691,0.03923614,0.003650771,0.07851721,0.002305072,0.001012019,0.003444809,0.02672937,0.01713422,0.004393832,0.03156719,0.006801929,0.03654865,0.01994327,0.005653257,0.03514751,8.226383,8.19766E-5,466677.1,466692.8
0.3244982,3.520534E-4,6.283185,3.141593,6.283185,918.5514,0.2365664,-2.531107E8,1222.818,1.624225E8,1222.818,1.000001,0.2031874,4.780174E-7,0.04927641,1.184015E-4,0.01946567,5.539433E-5,0.2545516,0.005762952,0.00925985,0.1332899,8.731196E-4,0.00124176,0.001584591,0.002762462,0.001394804,0.03920929,0.003651234,0.07856591,0.002308929,0.001015266,0.003452408,0.02668975,0.0171223,0.004388148,0.03151526,0.006810146,0.03653876,0.01987202,0.005623648,0.03499703,8.225816,8.197842E-5,466645.1,466661.0
0.4,4.34289E-4,6.283185,3.141593,6.283185,917.699,0.2365664,-1.887955E8,1218.384,1.61642E8,1218.384,1.000001,0.2029976,4.073172E-7,0.05191092,1.0117E-4,0.02008592,4.741631E-5,0.2625111,0.006098928,0.009258485,0.1347303,8.323909E-4,0.001351167,0.001679577,0.002702052,0.001520497,0.03802607,0.00366117,0.08045975,0.002467059,0.001153796,0.003769415,0.02502729,0.01660558,0.004146755,0.029364,0.007147622,0.03613341,0.01711131,0.004514691,0.02922691,8.203599,8.205457E-5,465384.6,465399.8
0.6,6.524573E-4,6.283185,3.141593,6.283185,915.8142,0.2365664,-1.029959E8,1210.074,1.601794E8,1210.074,1.000001,0.2025845,2.976416E-7,0.05721529,7.426772E-5,0.02128146,3.489291E-5,0.2775655,0.006772808,0.009211556,0.136646,7.517543E-4,0.001580041,0.001863694,0.002565689,0.001759714,0.035221,0.003630076,0.08367414,0.002785411,0.00146623,0.004442247,0.02151188,0.01542039,0.003619468,0.02496592,0.007834871,0.03531171,0.01241932,0.002817159,0.01976084,8.164413,8.222343E-5,463161.5,463175.6
0.6397575,6.958775E-4,6.283185,3.141593,6.283185,915.4772,0.2365664,-9.229775E7,1208.781,1.599518E8,1208.781,1.000001,0.2025135,2.832756E-7,0.05807793,7.071268E-5,0.02146963,3.322141E-5,0.2798955,0.006881982,0.009199036,0.1368395,7.385637E-4,0.001618201,0.001892526,0.002541913,0.001796505,0.0347184,0.003618908,0.08412119,0.00283704,0.001521321,0.004555914,0.02092917,0.01521283,0.003529985,0.02425306,0.007947819,0.03517729,0.01175697,0.00259847,0.0184689,8.158691,8.22537E-5,462837.6,462853.3
0.6442104,7.007416E-4,6.283185,3.141593,6.283185,915.4399,0.2365664,-9.207752E7,1208.641,1.599272E8,1208.641,1.000001,0.2025058,2.814846E-7,0.05817159,7.0316E-5,0.02148996,3.30338E-5,0.2801464,0.006893822,0.009197604,0.1368586,7.371231E-4,0.001622355,0.001895634,0.002539309,0.001800459,0.03466321,0.003617599,0.08416843,0.002842639,0.001527372,0.00456832,0.02086587,0.0151901,0.00352023,0.02417586,0.007960098,0.03516269,0.01168669,0.002575599,0.0183326,8.158081,8.225705E-5,462803.1,462819.1
0.8,8.710393E-4,6.283185,3.141593,6.283185,914.19,0.2365664,-6.436529E7,1204.287,1.591609E8,1204.287,1.000001,0.2022554,2.376389E-7,0.06112459,5.920814E-5,0.0221222,2.795032E-5,0.2878839,0.00726697,0.009144976,0.137272,6.919991E-4,0.001754975,0.001991421,0.002454701,0.001921349,0.0328449,0.00356631,0.08553212,0.003019079,0.001725975,0.004967463,0.01886633,0.01445242,0.003208417,0.02175889,0.008350747,0.03469989,0.00962097,0.001932789,0.01439888,8.139807,8.236951E-5,461766.2,461781.4
1.0,0.001089994,6.283185,3.141593,6.283185,912.6828,0.2365664,-4.302626E7,1199.764,1.583648E8,1199.764,1.000001,0.2019807,1.988836E-7,0.06422363,4.942326E-5,0.0227681,2.346693E-5,0.2956264,0.007656962,0.009075788,0.1373227,6.435292E-4,0.001896698,0.002086526,0.002361421,0.002039712,0.03080535,0.003492924,0.08669708,0.003203102,0.001950245,0.005401536,0.01678908,0.01364385,0.002876892,0.01928674,0.008767421,0.03420989,0.007755101,0.001405259,0.0109884,8.122625,8.250554E-5,460791.9,460807.7
1.116132,0.001217296,6.283185,3.141593,6.283185,911.8364,0.2365664,-3.490722E7,1197.495,1.579654E8,1197.495,1.000002,0.2018395,1.819242E-7,0.06576726,4.512494E-5,0.02308386,2.150482E-5,0.2993413,0.007850326,0.009036591,0.137207,6.187916E-4,0.001968013,0.002131442,0.002313477,0.002095327,0.02974799,0.003449428,0.08717564,0.003294067,0.002067989,0.005623266,0.01577368,0.01323126,0.002711895,0.01808992,0.00897777,0.03396412,0.006932914,0.001190406,0.009537949,8.114787,8.258213E-5,460348.6,460367.8
1.124527,0.001226503,6.283185,3.141593,6.283185,911.7757,0.2365664,-3.4384E7,1197.339,1.579379E8,1197.339,1.000002,0.2018297,1.805839E-7,0.06587289,4.487843E-5,0.02310534,2.137196E-5,0.2995921,0.007863539,0.009033802,0.1371957,6.170699E-4,0.001972908,0.00213445,0.002310163,0.002099052,0.02967476,0.003446291,0.08720595,0.003300271,0.002076194,0.005638572,0.01570483,0.01320284,0.002700633,0.018009,0.008992238,0.03394726,0.006879139,0.001176755,0.009444348,8.114268,8.258762E-5,460319.3,460339.0
1.132079,0.001234786,6.283185,3.141593,6.283185,911.7213,0.2365664,-3.385569E7,1197.199,1.579133E8,1197.199,1.000002,0.201821,1.798608E-7,0.06596726,4.459586E-5,0.02312451,2.126657E-5,0.2998158,0.00787534,0.009031297,0.1371853,6.155491E-4,0.001977282,0.002137129,0.002307199,0.00210237,0.02960918,0.003443467,0.08723267,0.003305812,0.002083541,0.005652264,0.01564337,0.01317741,0.002690572,0.01793679,0.009005177,0.03393219,0.006831351,0.001164667,0.009361305,8.113805,8.259255E-5,460293.2,460313.0
1.2,0.001309304,6.283185,3.141593,6.283185,911.2336,0.2365664,-3.001348E7,1195.975,1.576979E8,1195.975,1.000002,0.2017445,1.714438E-7,0.06678896,4.244562E-5,0.02329113,2.030446E-5,0.3017524,0.007978075,0.009008993,0.1370798,6.022986E-4,0.002015481,0.002160169,0.00228121,0.002130948,0.02903268,0.00341814,0.08745537,0.003354035,0.00214826,0.005772228,0.01511074,0.01295496,0.002603048,0.01731177,0.009118336,0.03380063,0.006425166,0.001063551,0.008660806,8.109847,8.263675E-5,460068.6,460088.4
1.261352,0.001376648,6.283185,3.141593,6.283185,910.796,0.2365664,-2.654625E7,1194.915,1.575113E8,1194.915,1.000002,0.2016782,1.645811E-7,0.06749387,4.072758E-5,0.02343336,1.95143E-5,0.3033929,0.00806602,0.008989248,0.1369691,5.907422E-4,0.00204831,0.002179489,0.002258731,0.002154963,0.02853357,0.003395474,0.08763125,0.003395244,0.002204686,0.005875929,0.01465861,0.01276318,0.002528295,0.01678237,0.009215889,0.03368746,0.006091398,9.826924E-4,0.00809263,8.106553,8.267646E-5,459882.2,459902.9
1.26805,0.001384003,6.283185,3.141593,6.283185,910.7483,0.2365664,-2.673774E7,1194.802,1.574914E8,1194.802,1.000002,0.2016711,1.638158E-7,0.06756889,4.051707E-5,0.02344845,1.942349E-5,0.3035662,0.008075363,0.008987118,0.1369562,5.894942E-4,0.002051803,0.002181519,0.002256331,0.00215749,0.02848034,0.003393016,0.08764911,0.003399617,0.002210735,0.005886999,0.01461081,0.01274275,0.002520368,0.01672647,0.009226288,0.03367542,0.006056699,9.744045E-4,0.008033963,8.106208,8.268078E-5,459862.7,459883.7
1.359312,0.001484244,6.283185,3.141593,6.283185,910.1018,0.2365664,-2.31334E7,1193.301,1.572272E8,1193.301,1.000002,0.2015776,1.545929E-7,0.06855206,3.813141E-5,0.02364594,1.837302E-5,0.3058224,0.008197811,0.008958526,0.1367674,5.733181E-4,0.002097731,0.00220767,0.002224638,0.002190173,0.02777478,0.003359759,0.08786872,0.003456883,0.002291096,0.006033173,0.01398846,0.0124735,0.002416672,0.01599928,0.009363402,0.03351693,0.005614799,8.708775E-4,0.007293832,8.101777,8.273952E-5,459611.3,459632.2
1.384828,0.001512283,6.283185,3.141593,6.283185,909.9216,0.2365664,-2.196143E7,1192.894,1.571557E8,1192.894,1.000002,0.2015524,1.516827E-7,0.06881561,3.76025E-5,0.0236987,1.809639E-5,0.3064209,0.008230567,0.008950695,0.1367108,5.688985E-4,0.00211005,0.002214531,0.002216094,0.002198784,0.0275846,0.003350582,0.08792306,0.003472173,0.00231291,0.00607258,0.0138234,0.01240114,0.002389027,0.01580666,0.009400306,0.03347436,0.00550059,8.447281E-4,0.007104688,8.100619,8.27559E-5,459545.8,459567.3
1.39204,0.00152021,6.283185,3.141593,6.283185,909.8708,0.2365664,-2.176447E7,1192.78,1.571356E8,1192.78,1.000002,0.2015453,1.51529E-7,0.06888929,3.737624E-5,0.02371342,1.802236E-5,0.3065876,0.00823971,0.008948496,0.1366946,5.676522E-4,0.002113491,0.002216436,0.002213705,0.002201178,0.02753148,0.003348,0.08793784,0.003476438,0.002319023,0.006083605,0.01377742,0.01238091,0.002381318,0.01575304,0.009410626,0.03346246,0.005469013,8.375438E-4,0.007052555,8.100298,8.276053E-5,459527.7,459549.3
1.4,0.001528958,6.283185,3.141593,6.283185,909.8147,0.2365664,-2.154634E7,1192.655,1.571136E8,1192.655,1.000002,0.2015375,1.50799E-7,0.06897006,3.716725E-5,0.02372957,1.794198E-5,0.3067703,0.008249744,0.008946072,0.1366764,5.663281E-4,0.00211727,0.002218519,0.002211078,0.002203799,0.02747294,0.003345148,0.08795385,0.003481121,0.002325748,0.00609572,0.01372703,0.01235869,0.00237286,0.01569425,0.009421965,0.0334494,0.005434505,8.29716E-4,0.006995667,8.099947,8.276563E-5,459507.8,459529.4
1.518077,0.001658799,6.283185,3.141593,6.283185,908.9846,0.2365664,-1.780501E7,1190.851,1.56796E8,1190.851,1.000002,0.2014265,1.40765E-7,0.07011744,3.461175E-5,0.02395855,1.680364E-5,0.3093416,0.008392026,0.008910927,0.1363933,5.470351E-4,0.002171001,0.002247424,0.002173545,0.002240421,0.02663622,0.003303513,0.08816245,0.003547397,0.00242253,0.006268917,0.01301894,0.01204215,0.002253399,0.01486908,0.00958384,0.03326332,0.004961646,7.24859E-4,0.006224928,8.095078,8.284121E-5,459231.8,459253.9
1.54371,0.001687002,6.283185,3.141593,6.283185,908.8048,0.2365664,-1.699933E7,1190.471,1.567292E8,1190.471,1.000002,0.2014033,1.378793E-7,0.07035493,3.422037E-5,0.02400579,1.657511E-5,0.3098672,0.008421389,0.008903505,0.1363288,5.429549E-4,0.002182115,0.002253237,0.002165737,0.002247849,0.0264624,0.003294656,0.08820104,0.003561037,0.00244283,0.006304966,0.01287447,0.01197654,0.002228881,0.0147009,0.009617491,0.03322472,0.004867899,7.046181E-4,0.00607416,8.0941,8.28576E-5,459176.7,459200.0
1.598188,0.001746959,6.283185,3.141593,6.283185,908.4234,0.2365664,-1.567161E7,1189.678,1.565897E8,1189.678,1.000002,0.2013551,1.346416E-7,0.07084598,3.305446E-5,0.02410348,1.611482E-5,0.3109493,0.008482078,0.008887947,0.1361886,5.34641E-4,0.002205138,0.002265067,0.002149512,0.002263069,0.02610043,0.003275996,0.08827561,0.003589219,0.002485196,0.006379912,0.01257753,0.01184047,0.002178323,0.0143553,0.009687404,0.03314472,0.004678066,6.642047E-4,0.005771033,8.092107,8.289239E-5,459063.6,459086.6
1.6,0.001748953,6.283185,3.141593,6.283185,908.4107,0.2365664,-1.562651E7,1189.652,1.565851E8,1189.652,1.000002,0.2013536,1.345093E-7,0.07086202,3.302082E-5,0.02410667,1.609995E-5,0.3109845,0.008484059,0.008887435,0.1361838,5.343673E-4,0.002205891,0.002265449,0.002148981,0.002263562,0.02608858,0.00327538,0.08827793,0.003590138,0.002486587,0.006382366,0.01256789,0.01183602,0.002176677,0.01434407,0.009689693,0.0331421,0.00467196,6.629174E-4,0.005761331,8.092042,8.289355E-5,459059.9,459082.9
1.8,0.001969288,6.283185,3.141593,6.283185,907.0132,0.2365664,-1.13766E7,1186.875,1.560963E8,1186.875,1.000002,0.2011883,1.212696E-7,0.07252611,2.965976E-5,0.02443723,1.462077E-5,0.3145892,0.008688962,0.008833036,0.1356428,5.056208E-4,0.002283937,0.00230351,0.002093471,0.002313607,0.02485035,0.003209368,0.08848016,0.003684917,0.002633539,0.006639268,0.01158498,0.01137322,0.002007674,0.01320063,0.009929027,0.03286949,0.00407046,5.401473E-4,0.004821466,8.08559,8.302127E-5,458693.6,458715.8
2.0,0.002189962,6.283185,3.141593,6.283185,905.6171,0.2365664,-8242660.0,1184.264,1.556366E8,1184.264,1.000002,0.2010387,1.102493E-7,0.07400628,2.687253E-5,0.02473131,1.340443E-5,0.3177146,0.008869984,0.008782701,0.1350778,4.794781E-4,0.002353249,0.002334497,0.002043493,0.002356199,0.02373742,0.003147317,0.08859472,0.00376812,0.002768622,0.006871427,0.0107435,0.01096024,0.001860863,0.01222148,0.01014512,0.0326251,0.003587132,4.476169E-4,0.004091108,8.080236,8.314926E-5,458389.7,458411.2
2.2,0.002410976,6.283185,3.141593,6.283185,904.2193,0.2365664,-5880076.0,1181.776,1.551989E8,1181.776,1.000002,0.2009022,1.008936E-7,0.07533477,2.451672E-5,0.02499622,1.23842E-5,0.3204559,0.009031263,0.008736171,0.1345047,4.555558E-4,0.002415241,0.002359749,0.001998213,0.002392974,0.02273196,0.003089197,0.08864558,0.003841759,0.002893452,0.00708272,0.0100168,0.01058912,0.001732352,0.01137466,0.01034186,0.03240415,0.003192273,3.763267E-4,0.003512846,8.075729,8.32778E-5,458133.8,458154.7
2.4,0.002632333,6.283185,3.141593,6.283185,902.818,0.2365664,-4068438.0,1179.385,1.547779E8,1179.385,1.000002,0.200777,9.282707E-8,0.0765357,2.249542E-5,0.02523727,1.151475E-5,0.3228825,0.0091759,0.008693178,0.1339335,4.335492E-4,0.002470997,0.002380275,0.001956985,0.002425107,0.02181969,0.003034873,0.08864945,0.00390735,0.003009301,0.00727613,0.009384673,0.01025368,0.001619137,0.01063628,0.01052215,0.03220303,0.002865346,3.204191E-4,0.003048014,8.071894,8.340705E-5,457916.0,457936.4
2.6,0.002854034,6.283185,3.141593,6.283185,901.4122,0.2365664,-2659580.0,1177.068,1.543701E8,1177.068,1.000002,0.2006616,8.578326E-8,0.07762777,2.073964E-5,0.02545847,1.076383E-5,0.3250469,0.009306306,0.008653457,0.1333707,4.132149E-4,0.002521371,0.002396864,0.001919287,0.002453475,0.0209889,0.00298416,0.08861841,0.003966075,0.003117202,0.007454023,0.008831334,0.009948946,0.001518839,0.00998794,0.01068825,0.03201895,0.002591541,2.758943E-4,0.002669417,8.068598,8.353713E-5,457728.9,457748.8
2.8,0.003076082,6.283185,3.141593,6.283185,900.0013,0.2365664,-1551771.0,1174.81,1.539727E8,1174.81,1.000002,0.2005549,7.956881E-8,0.0786257,1.9199E-5,0.02566291,1.010805E-5,0.3269893,0.009424389,0.008616763,0.1328205,3.943548E-4,0.002567051,0.00241014,0.001884696,0.002478744,0.02022989,0.002936855,0.08856131,0.004018872,0.003218005,0.007618306,0.008344348,0.009670933,0.001429554,0.009415254,0.01084196,0.03184968,0.002360034,2.399854E-4,0.002357685,8.065746,8.366809E-5,457566.9,457586.4
3.0,0.003298479,6.283185,3.141593,6.283185,898.5851,0.2365664,-675187.0,1172.6,1.535838E8,1172.6,1.000003,0.2004558,7.403878E-8,0.07954147,1.783476E-5,0.02585301,9.529794E-6,0.3287421,0.009531702,0.008582865,0.1322855,3.768061E-4,0.002608605,0.002420611,0.00185286,0.002501433,0.01953447,0.002892747,0.08848482,0.004066507,0.003312426,0.007770554,0.007913665,0.009416324,0.001349723,0.008906694,0.01098473,0.03169342,0.002162609,2.106883E-4,0.002098445,8.06326,8.379995E-5,457425.8,457444.9
3.2,0.003521227,6.283185,3.141593,6.283185,897.1634,0.2365664,26578.64,1170.429,1.532016E8,1170.429,1.000003,0.2003636,6.907994E-8,0.08038493,1.661839E-5,0.02603074,9.015533E-6,0.3303312,0.00962953,0.008551554,0.1317676,3.604308E-4,0.002646508,0.002428694,0.001823482,0.002521955,0.01889562,0.002851629,0.08839403,0.004109614,0.003401076,0.00791209,0.007531084,0.009182349,0.001278059,0.008452895,0.01111778,0.03154869,0.001992927,1.865245E-4,0.001880855,8.061082,8.393274E-5,457302.1,457321.0
3.4,0.003744329,6.283185,3.141593,6.283185,895.7364,0.2365664,770027.9,1168.289,1.52825E8,1168.289,1.000003,0.2002775,6.451043E-8,0.08116453,1.556612E-5,0.02619766,8.550523E-6,0.3317775,0.009718946,0.008522644,0.1312679,3.450669E-4,0.002681156,0.00243474,0.001796311,0.002540641,0.01830767,0.002813323,0.08829293,0.004148717,0.003484466,0.008044006,0.007189886,0.008966717,0.001213497,0.008046265,0.01124209,0.03141423,0.001846103,1.664094E-4,0.001696764,8.059164,8.406646E-5,457193.5,457212.9
3.423334,0.003770382,6.283185,3.141593,6.283185,895.5696,0.2365664,666007.4,1168.041,1.527814E8,1168.041,1.000003,0.2002678,6.409597E-8,0.08125177,1.54137E-5,0.02621649,8.5023E-6,0.3319377,0.009728875,0.008519422,0.1312108,3.433343E-4,0.002685001,0.002435328,0.001793275,0.002542715,0.01824228,0.002809034,0.08828057,0.004153038,0.003493869,0.008058808,0.007152508,0.008942674,0.001206387,0.008001612,0.01125606,0.03139917,0.001830282,1.642872E-4,0.001677171,8.058955,8.408212E-5,457181.8,457201.5
3.6,0.003967791,6.283185,3.141593,6.283185,894.3041,0.2365664,1031589.0,1166.176,1.524531E8,1166.176,1.000003,0.200197,6.052696E-8,0.08188629,1.453745E-5,0.02635496,8.137133E-6,0.3330973,0.00980077,0.008495975,0.1307869,3.307308E-4,0.002712864,0.002439019,0.001771148,0.00255774,0.01776556,0.002777652,0.08818428,0.004184231,0.003563005,0.008167175,0.006884783,0.008767591,0.001155196,0.00768085,0.01135846,0.03128914,0.001718435,1.495469E-4,0.001540087,8.05747,8.420109E-5,457097.5,457117.2
3.8,0.004191609,6.283185,3.141593,6.283185,892.8669,0.2365664,1395403.0,1164.084,1.52085E8,1164.084,1.000003,0.2001215,5.681295E-8,0.08255693,1.364118E-5,0.02650392,7.758706E-6,0.3343078,0.009875921,0.008471337,0.1303244,3.172446E-4,0.002741985,0.002441814,0.001747766,0.002573499,0.0172637,0.002744378,0.08807076,0.004216613,0.003637193,0.008282618,0.006610443,0.008582927,0.001102271,0.007350551,0.01146778,0.0311723,0.001606457,1.352436E-4,0.001405358,8.055965,8.433663E-5,457012.0,457031.5
4.0,0.004415787,6.283185,3.141593,6.283185,891.425,0.2365664,1691620.0,1162.011,1.517201E8,1162.011,1.000003,0.2000506,5.340818E-8,0.08318125,1.282494E-5,0.02664532,7.413081E-6,0.33542,0.009944998,0.00844861,0.1298805,3.045371E-4,0.002768744,0.002443318,0.001726021,0.002588083,0.01679892,0.002713376,0.08795406,0.004246151,0.003707319,0.008390937,0.006363304,0.008411455,0.001054146,0.007051392,0.01157059,0.03106303,0.001507899,1.230503E-4,0.001289011,8.054624,8.447305E-5,456935.9,456955.3
4.2,0.004640329,6.283185,3.141593,6.283185,889.9785,0.2365664,1897754.0,1159.954,1.513579E8,1159.954,1.000003,0.199984,5.028307E-8,0.08376328,1.207382E-5,0.02677989,7.096291E-6,0.3364437,0.01000854,0.008427664,0.129455,2.925574E-4,0.002793354,0.002443701,0.001705778,0.002601634,0.01636787,0.002684499,0.08783553,0.004273118,0.003773676,0.00849272,0.00614021,0.008251966,0.001010296,0.006779816,0.01166743,0.03096069,0.00142084,1.126041E-4,0.001188102,8.053429,8.461034E-5,456868.1,456887.3
4.4,0.004865237,6.283185,3.141593,6.283185,888.5278,0.2365664,2090038.0,1157.909,1.509981E8,1157.909,1.000003,0.1999211,4.739529E-8,0.08430709,1.138714E-5,0.02690829,6.803977E-6,0.3373884,0.01006709,0.008408373,0.1290476,2.812263E-4,0.002816017,0.002443125,0.001686904,0.002614284,0.01596748,0.002657605,0.08771639,0.004297773,0.003836546,0.008588531,0.005938204,0.008103313,9.702288E-4,0.006532504,0.01175878,0.03086469,0.001343548,1.035892E-4,0.00110003,8.05236,8.474848E-5,456807.5,456826.8
4.441917,0.004912421,6.283185,3.141593,6.283185,888.2232,0.2365664,1824033.0,1157.482,1.509229E8,1157.482,1.000003,0.1999084,4.636929E-8,0.08441671,1.129076E-5,0.02693447,6.741595E-6,0.3375771,0.01007878,0.008404532,0.1289645,2.788937E-4,0.002820536,0.002442898,0.001683112,0.002616832,0.01588733,0.002652215,0.08769145,0.004302666,0.0038493,0.008607897,0.005898309,0.008073449,9.62272E-4,0.006483493,0.01177727,0.03084531,0.001328457,1.018581E-4,0.001083006,8.05215,8.477755E-5,456795.8,456815.7
4.532955,0.005014959,6.283185,3.141593,6.283185,887.5612,0.2365664,2202086.0,1156.557,1.5076E8,1156.557,1.000003,0.1998814,4.559568E-8,0.08464875,1.095966E-5,0.02699042,6.622069E-6,0.3379755,0.01010341,0.008396431,0.1287867,2.740369E-4,0.002830068,0.002442267,0.001675077,0.002622237,0.0157174,0.002640788,0.08763725,0.004312962,0.003876484,0.008649077,0.005814625,0.008010147,9.455281E-4,0.006380461,0.01181661,0.0308042,0.001297004,9.828407E-5,0.001047726,8.051713,8.484078E-5,456770.9,456790.8
4.6,0.00509052,6.283185,3.141593,6.283185,887.0731,0.2365664,2247292.0,1155.876,1.506403E8,1155.876,1.000003,0.1998619,4.472222E-8,0.08481543,1.075266E-5,0.02703097,6.533696E-6,0.3382606,0.01012101,0.00839065,0.128658,2.70516E-4,0.002836878,0.002441708,0.00166931,0.002626124,0.01559554,0.002632595,0.08759748,0.004320296,0.003896116,0.008678752,0.005755172,0.007964695,9.335911E-4,0.006307092,0.01184499,0.03077461,0.001274799,9.578504E-5,0.001022964,8.051403,8.488746E-5,456753.4,456773.2
4.8,0.005316167,6.283185,3.141593,6.283185,885.6148,0.2365664,2361732.0,1153.853,1.502842E8,1153.853,1.000003,0.199806,4.224025E-8,0.08529207,1.016599E-5,0.0271486,6.282296E-6,0.3390697,0.01017083,0.008374328,0.128285,2.603728E-4,0.002856155,0.002439594,0.001652847,0.002637271,0.01524834,0.002609267,0.08747955,0.004340961,0.003952729,0.008764032,0.005588367,0.007834877,8.99905E-4,0.006100435,0.01192662,0.03068979,0.001213148,8.895566E-5,9.548711E-4,8.050543,8.502724E-5,456704.5,456724.1
5.0,0.005542185,6.283185,3.141593,6.283185,884.1532,0.2365664,2449853.0,1151.838,1.499295E8,1151.838,1.000004,0.1997531,3.993152E-8,0.0857392,9.622239E-6,0.02726148,6.047949E-6,0.3398201,0.01021684,0.008359341,0.1279285,2.507451E-4,0.00287395,0.002436868,0.001637451,0.002647786,0.01492451,0.002587552,0.08736309,0.004359896,0.004006519,0.008844636,0.005436371,0.007713308,8.689312E-4,0.005910957,0.01200392,0.03060992,0.001157831,8.297264E-5,8.94654E-4,8.04977,8.516781E-5,456660.5,456679.9
5.2,0.005768577,6.283185,3.141593,6.283185,882.6883,0.2365664,2515131.0,1149.831,1.495762E8,1149.831,1.000004,0.199703,3.77784E-8,0.08615908,9.116792E-6,0.02736995,5.828722E-6,0.3405168,0.01025933,0.008345604,0.1275878,2.415958E-4,0.002890385,0.002433618,0.001623043,0.002657733,0.01462218,0.002567349,0.08724852,0.004377248,0.004057658,0.008920895,0.005297651,0.00759933,8.40405E-4,0.00573693,0.01207718,0.03053465,0.00110806,7.771017E-5,8.41215E-4,8.049074,8.530915E-5,456621.0,456640.2
5.4,0.005995346,6.283185,3.141593,6.283185,881.2206,0.2365664,2561806.0,1147.829,1.49224E8,1147.829,1.000004,0.1996556,3.576661E-8,0.08655386,8.645921E-6,0.02747434,5.623011E-6,0.3411648,0.01029859,0.008333028,0.1272624,2.328911E-4,0.002905574,0.002429923,0.001609547,0.002667172,0.01433957,0.002548557,0.08713617,0.004393162,0.004106318,0.00899313,0.005170781,0.007492312,8.140781E-4,0.00557674,0.01214668,0.03046364,0.001063124,7.305818E-5,7.935819E-4,8.048448,8.545124E-5,456585.4,456604.4
5.6,0.006222494,6.283185,3.141593,6.283185,879.7502,0.2365664,2593156.0,1145.834,1.488727E8,1145.834,1.000004,0.1996106,3.388381E-8,0.08692539,8.206423E-6,0.02757492,5.429478E-6,0.341768,0.01033489,0.008321537,0.1269517,2.246005E-4,0.002919618,0.002425852,0.001596897,0.002676151,0.01407512,0.002531087,0.08702628,0.004407759,0.004152646,0.00906162,0.005054569,0.007391715,7.897416E-4,0.005429039,0.01221267,0.0303966,0.001022447,6.893014E-5,7.509808E-4,8.047884,8.559406E-5,456553.3,456572.2
5.8,0.006450022,6.283185,3.141593,6.283185,878.2773,0.2365664,2611333.0,1143.843,1.485224E8,1143.843,1.000004,0.1995679,3.211858E-8,0.08727536,7.795347E-6,0.02767193,5.246905E-6,0.3423301,0.01036844,0.008311058,0.126655,2.166954E-4,0.002932608,0.002421463,0.001585032,0.002684713,0.01382742,0.002514854,0.08691902,0.00442115,0.00419678,0.009126617,0.004947961,0.007297051,7.672096E-4,0.005292632,0.01227538,0.03033325,9.855315E-4,6.525329E-5,7.127538E-4,8.047375,8.57376E-5,456524.4,456543.2
6.0,0.006677932,6.283185,3.141593,6.283185,876.8023,0.2365664,2618441.0,1141.858,1.481729E8,1141.858,1.000004,0.1995274,3.046115E-8,0.0876053,7.410178E-6,0.02776559,5.074259E-6,0.3428544,0.01039947,0.008301525,0.1263719,2.091503E-4,0.002944627,0.00241681,0.001573898,0.002692895,0.01359522,0.00249978,0.08681452,0.004433436,0.004238846,0.009188352,0.004850029,0.007207879,7.463174E-4,0.005166463,0.01233502,0.03027336,9.519499E-4,6.196705E-5,6.783472E-4,8.046917,8.588183E-5,456498.3,456517.0
6.2,0.006906225,6.283185,3.141593,6.283185,875.3252,0.2365664,2616220.0,1139.876,1.47824E8,1139.876,1.000004,0.1994889,2.890279E-8,0.08791658,7.048682E-6,0.02785608,4.91063E-6,0.3433438,0.01042815,0.008292873,0.1261018,2.019416E-4,0.002955749,0.00241194,0.001563443,0.00270073,0.01337735,0.002485793,0.08671287,0.004444708,0.00427896,0.009247038,0.004759945,0.007123797,7.269169E-4,0.005049588,0.01239176,0.0302167,9.21329E-4,5.901959E-5,6.472826E-4,8.046504,8.602675E-5,456474.8,456493.3
6.4,0.007134905,6.283185,3.141593,6.283185,873.8464,0.2365664,2606191.0,1137.897,1.474758E8,1137.897,1.000004,0.1994523,2.743585E-8,0.08821047,6.708907E-6,0.02794358,4.755228E-6,0.343801,0.01045466,0.008285044,0.1258441,1.950478E-4,0.002966045,0.002406894,0.001553621,0.002708246,0.01317277,0.002472825,0.08661412,0.004455047,0.00431723,0.009302864,0.004676983,0.007044444,7.088779E-4,0.00494118,0.01244579,0.03016306,8.933512E-4,5.636815E-5,6.19161E-4,8.046131,8.617234E-5,456453.7,456472.0
6.6,0.007363972,6.283185,3.141593,6.283185,872.366,0.2365664,2589534.0,1135.922,1.471282E8,1135.922,1.000004,0.1994174,2.60534E-8,0.08848811,6.389099E-6,0.02802825,4.607359E-6,0.3442283,0.01047915,0.008277985,0.1255983,1.884495E-4,0.002975574,0.002401707,0.001544391,0.002715468,0.01298052,0.002460813,0.08651827,0.004464529,0.004353754,0.009356006,0.004600508,0.006969497,6.920858E-4,0.004840513,0.01249727,0.03011226,8.677452E-4,5.397726E-5,5.936478E-4,8.045796,8.631857E-5,456434.6,456452.8
6.8,0.007593429,6.283185,3.141593,6.283185,870.8841,0.2365664,2567275.0,1133.95,1.467811E8,1133.95,1.000005,0.1993842,2.474921E-8,0.08875053,6.087686E-6,0.02811021,4.466399E-6,0.344628,0.01050178,0.008271645,0.1253638,1.821289E-4,0.002984396,0.002396412,0.001535714,0.002722418,0.01279977,0.002449699,0.08642532,0.004473221,0.004388624,0.009406624,0.00452995,0.006898656,6.764368E-4,0.004746931,0.01254634,0.03006413,8.44271E-4,5.181614E-5,5.704503E-4,8.045494,8.646545E-5,456417.4,456435.6
7.0,0.007823276,6.283185,3.141593,6.283185,869.401,0.2365664,2540330.0,1131.981,1.464346E8,1131.981,1.000005,0.1993526,2.351771E-8,0.08899871,5.80327E-6,0.02818959,4.3318E-6,0.3450019,0.01052267,0.008265975,0.1251402,1.760693E-4,0.002992561,0.002391036,0.001527553,0.002729116,0.01262969,0.002439427,0.08633527,0.004481185,0.004421925,0.009454867,0.004464789,0.006831648,6.618367E-4,0.004659841,0.01259313,0.03001851,8.227147E-4,4.98578E-5,5.493105E-4,8.045223,8.661295E-5,456402.0,456420.1
7.2,0.008053516,6.283185,3.141593,6.283185,867.9168,0.2365664,2509426.0,1130.015,1.460884E8,1130.015,1.000005,0.1993225,2.23538E-8,0.08923354,5.534579E-6,0.02826651,4.203067E-6,0.3453519,0.01054194,0.00826093,0.124927,1.702556E-4,0.003000118,0.002385605,0.001519877,0.00273558,0.01246957,0.002429946,0.08624807,0.004488479,0.004453738,0.009500873,0.004404561,0.006768221,6.482005E-4,0.004578706,0.01263777,0.02997525,8.028873E-4,4.807886E-5,5.300035E-4,8.04498,8.676107E-5,456388.2,456406.1
7.4,0.008284151,6.283185,3.141593,6.283185,866.4317,0.2365664,2475200.0,1128.051,1.457428E8,1128.051,1.000005,0.1992938,2.125287E-8,0.08945583,5.280471E-6,0.02834108,4.079761E-6,0.3456797,0.01055971,0.00825647,0.1247238,1.646739E-4,0.003007112,0.002380142,0.001512653,0.002741824,0.01231873,0.002421208,0.08616368,0.004495156,0.004484137,0.009544769,0.004348848,0.006708144,6.354514E-4,0.004503046,0.01268038,0.02993421,7.846227E-4,4.645928E-5,5.123344E-4,8.044762,8.690978E-5,456375.8,456393.6
7.6,0.00851518,6.283185,3.141593,6.283185,864.9457,0.2365664,2438223.0,1126.089,1.453975E8,1126.089,1.000005,0.1992664,2.021075E-8,0.08966635,5.039918E-6,0.02841339,3.961486E-6,0.3459868,0.01057609,0.008252553,0.1245301,1.593111E-4,0.003013584,0.002374665,0.001505853,0.002747864,0.01217656,0.002413167,0.08608205,0.004501263,0.004513193,0.009586674,0.004297275,0.006651204,6.235205E-4,0.004432426,0.01272108,0.02989527,7.677745E-4,4.498176E-5,4.96134E-4,8.044567,8.705909E-5,456364.7,456382.4
7.8,0.008746608,6.283185,3.141593,6.283185,863.4592,0.2365664,2398974.0,1124.129,1.450526E8,1124.129,1.000005,0.1992403,1.922363E-8,0.0898658,4.811989E-6,0.02848353,3.84789E-6,0.3462746,0.01059116,0.008249144,0.1243454,1.541555E-4,0.003019571,0.002369193,0.001499451,0.002753711,0.0120425,0.002405781,0.08600312,0.004506844,0.004540971,0.009626697,0.004249505,0.006597208,6.123455E-4,0.004366459,0.01275995,0.02985831,7.522139E-4,4.363142E-5,4.812556E-4,8.044394,8.720897E-5,456354.8,456372.5
8.0,0.008978434,6.283185,3.141593,6.283185,861.9722,0.2365664,2357848.0,1122.172,1.447081E8,1122.172,1.000005,0.1992154,1.828801E-8,0.09005482,4.59583E-6,0.02855157,3.738651E-6,0.3465443,0.01060502,0.008246207,0.1241694,1.49196E-4,0.003025108,0.002363741,0.001493423,0.002759377,0.01191602,0.002399011,0.08592682,0.00451194,0.004567532,0.009664938,0.004205233,0.006545977,6.018697E-4,0.004304789,0.01279709,0.02982322,7.378259E-4,4.239521E-5,4.675698E-4,8.044239,8.735942E-5,456346.0,456363.6
8.2,0.00921066,6.283185,3.141593,6.283185,860.4848,0.2365664,2315192.0,1120.217,1.443639E8,1120.217,1.000005,0.1991915,1.740068E-8,0.09023401,4.390663E-6,0.02861761,3.63348E-6,0.3467971,0.01061775,0.008243711,0.1240017,1.444224E-4,0.003030227,0.002358321,0.001487746,0.002764872,0.01179665,0.002392819,0.08585309,0.004516589,0.004592934,0.009701493,0.00416418,0.006497343,5.920416E-4,0.004247094,0.01283259,0.0297899,7.245074E-4,4.126164E-5,4.549616E-4,8.044103,8.751042E-5,456338.2,456355.7
8.4,0.009443289,6.283185,3.141593,6.283185,858.9971,0.2365664,2271328.0,1118.263,1.440201E8,1118.263,1.000005,0.1991688,1.655872E-8,0.09040393,4.195787E-6,0.02868169,3.532117E-6,0.3470341,0.01062942,0.008241625,0.123842,1.398254E-4,0.003034957,0.002352946,0.001482398,0.002770204,0.01168393,0.00238717,0.08578186,0.004520824,0.004617231,0.009736448,0.004126099,0.006451155,5.828147E-4,0.004193086,0.01286654,0.02975826,7.121677E-4,4.022083E-5,4.433319E-4,8.043982,8.766198E-5,456331.3,456348.7
8.6,0.00967632,6.283185,3.141593,6.283185,857.5093,0.2365664,2226485.0,1116.312,1.436767E8,1116.312,1.000006,0.1991471,1.575936E-8,0.09056512,4.01054E-6,0.0287439,3.43432E-6,0.3472564,0.01064011,0.008239919,0.1236898,1.353959E-4,0.003039326,0.002347626,0.00147736,0.002775383,0.01157747,0.002382031,0.08571305,0.004524678,0.004640475,0.009769888,0.004090755,0.006407267,5.741453E-4,0.004142489,0.01289902,0.02972819,7.007216E-4,3.926347E-5,4.325872E-4,8.043876,8.781407E-5,456325.3,456342.6
8.8,0.009909756,6.283185,3.141593,6.283185,856.0215,0.2365664,2180933.0,1114.362,1.433335E8,1114.362,1.000006,0.1991264,1.500016E-8,0.09071804,3.834343E-6,0.0288043,3.339877E-6,0.3474649,0.01064989,0.008238567,0.1235448,1.311259E-4,0.003043359,0.00234237,0.001472613,0.002780415,0.01147688,0.00237737,0.0856466,0.00452818,0.004662713,0.009801888,0.004057943,0.00636555,5.65995E-4,0.004095067,0.01293008,0.02969963,6.900972E-4,3.838202E-5,4.226505E-4,8.043784,8.79667E-5,456320.0,456337.2
9.0,0.0101436,6.283185,3.141593,6.283185,854.5338,0.2365664,2134827.0,1112.415,1.429907E8,1112.415,1.000006,0.1991065,1.427873E-8,0.09086317,3.666633E-6,0.02886293,3.248584E-6,0.3476603,0.01065881,0.008237544,0.1234067,1.270078E-4,0.00304708,0.002337187,0.00146814,0.002785308,0.01138179,0.00237316,0.08558242,0.004531357,0.004683992,0.009832521,0.004027467,0.006325879,5.583267E-4,0.004050588,0.01295981,0.02967249,6.802244E-4,3.756905E-5,4.134467E-4,8.043704,8.811985E-5,456315.4,456332.5
9.2,0.01037785,6.283185,3.141593,6.283185,853.0462,0.2365664,2088381.0,1110.469,1.426483E8,1110.469,1.000006,0.1990876,1.359299E-8,0.09100092,3.50692E-6,0.02891986,3.160266E-6,0.3478437,0.01066693,0.008236825,0.1232752,1.230344E-4,0.003050511,0.002332081,0.001463925,0.002790067,0.01129189,0.002369371,0.08552045,0.004534234,0.004704355,0.009861855,0.003999155,0.006288139,5.511085E-4,0.004008853,0.01298827,0.0296467,6.710448E-4,3.681862E-5,4.049145E-4,8.043635,8.827351E-5,456311.5,456328.4
9.4,0.01061251,6.283185,3.141593,6.283185,851.559,0.2365664,2041731.0,1108.525,1.423061E8,1108.525,1.000006,0.1990695,1.294091E-8,0.0911317,3.354731E-6,0.02897513,3.074757E-6,0.3480156,0.01067431,0.008236388,0.12315,1.191991E-4,0.003053672,0.002327061,0.001459952,0.002794698,0.01120687,0.002365979,0.08546062,0.004536834,0.004723842,0.009889953,0.003972845,0.006252224,5.443095E-4,0.003969669,0.01301552,0.02962218,6.625022E-4,3.612497E-5,3.969951E-4,8.043577,8.842768E-5,456308.1,456325.0
9.6,0.01084758,6.283185,3.141593,6.283185,850.0721,0.2365664,1995031.0,1106.583,1.419643E8,1106.583,1.000006,0.1990521,1.232065E-8,0.09125587,3.209642E-6,0.0290288,2.991907E-6,0.3481768,0.01068099,0.008236212,0.1230307,1.154956E-4,0.003056582,0.00232213,0.001456208,0.002799208,0.01112644,0.002362957,0.08540285,0.004539179,0.004742493,0.009916874,0.00394839,0.006218035,5.379021E-4,0.003932866,0.01304161,0.02959888,6.545473E-4,3.54832E-5,3.896376E-4,8.043528,8.858235E-5,456305.3,456322.0
9.8,0.01108306,6.283185,3.141593,6.283185,848.5857,0.2365664,1948387.0,1104.643,1.416228E8,1104.643,1.000006,0.1990356,1.173052E-8,0.09137379,3.071261E-6,0.02908091,2.911585E-6,0.3483279,0.01068702,0.008236277,0.1229173,1.119182E-4,0.003059258,0.002317293,0.001452679,0.002803599,0.01105034,0.002360284,0.08534708,0.00454129,0.004760344,0.009942675,0.003925654,0.006185477,5.318604E-4,0.003898283,0.0130666,0.02957672,6.471345E-4,3.488879E-5,3.827953E-4,8.043488,8.873751E-5,456303.0,456319.5
10.0,0.01131895,6.283185,3.141593,6.283185,847.0999,0.2365664,1901915.0,1102.704,1.412816E8,1102.704,1.000006,0.1990197,1.116891E-8,0.09148579,2.939223E-6,0.02913151,2.833669E-6,0.3484697,0.01069245,0.008236565,0.1228092,1.084614E-4,0.003061717,0.002312554,0.001449352,0.002807877,0.01097832,0.002357937,0.08529323,0.004543183,0.004777431,0.00996741,0.003904514,0.006154464,5.261608E-4,0.003865773,0.01309054,0.02955566,6.402227E-4,3.433773E-5,3.764264E-4,8.043456,8.889316E-5,456301.1,456317.5
10.2,0.01155526,6.283185,3.141593,6.283185,845.6147,0.2365664,1855728.0,1100.768,1.409407E8,1100.768,1.000006,0.1990045,1.063436E-8,0.09159218,2.813194E-6,0.02918063,2.758049E-6,0.3486025,0.01069732,0.008237057,0.1227065,1.051201E-4,0.003063974,0.002307914,0.001446217,0.002812046,0.01091015,0.002355895,0.08524124,0.004544877,0.004793786,0.009991126,0.003884856,0.006124915,5.207818E-4,0.003835201,0.01311348,0.02953564,6.337751E-4,3.382656E-5,3.704943E-4,8.043431,8.904929E-5,456299.6,456315.9
10.4,0.01179198,6.283185,3.141593,6.283185,844.1302,0.2365664,1809922.0,1098.833,1.406002E8,1098.833,1.000007,0.19899,1.012549E-8,0.09169325,2.692864E-6,0.02922832,2.684625E-6,0.3487271,0.01070165,0.008237737,0.1226086,1.018896E-4,0.003066042,0.002303377,0.001443262,0.002816109,0.01084561,0.002354139,0.08519104,0.004546387,0.004809441,0.01001387,0.003866575,0.006096752,5.157032E-4,0.003806444,0.01313546,0.0295166,6.27758E-4,3.335206E-5,3.649656E-4,8.043412,8.920589E-5,456298.5,456314.6
10.6,0.01202912,6.283185,3.141593,6.283185,842.6465,0.2365664,1764587.0,1096.9,1.4026E8,1096.9,1.000007,0.1989761,9.641027E-9,0.09178927,2.577942E-6,0.02927461,2.613305E-6,0.3488437,0.0107055,0.008238591,0.1225156,9.876529E-5,0.003067935,0.002298943,0.001440477,0.00282007,0.01078449,0.00235265,0.08514257,0.004547727,0.004824426,0.01003569,0.003849576,0.006069906,5.109065E-4,0.003779385,0.01315653,0.02949851,6.221405E-4,3.291138E-5,3.598098E-4,8.0434,8.936296E-5,456297.8,456313.7
10.8,0.01226667,6.283185,3.141593,6.283185,841.1637,0.2365664,1719959.0,1094.969,1.399201E8,1094.969,1.000007,0.1989629,9.180117E-9,0.09188051,2.468238E-6,0.02931955,2.544099E-6,0.3489531,0.01070889,0.008239602,0.1224271,9.574315E-5,0.003069666,0.002294614,0.001437851,0.002823933,0.01072662,0.002351411,0.08509576,0.004548912,0.004838771,0.01005663,0.003833766,0.006044305,5.063737E-4,0.003753914,0.01317673,0.0294813,6.168923E-4,3.250166E-5,3.54997E-4,8.043393,8.952049E-5,456297.4,456313.3
11.0,0.01250465,6.283185,3.141593,6.283185,839.6819,0.2365664,1676252.0,1093.04,1.395806E8,1093.04,1.000007,0.1989501,8.74191E-9,0.09196723,2.363559E-6,0.02936317,2.477002E-6,0.3490555,0.01071186,0.008240758,0.1223428,9.281927E-5,0.003071246,0.002290392,0.001435376,0.002827699,0.0106718,0.002350403,0.08505056,0.004549954,0.004852503,0.01007672,0.00381906,0.006019883,5.020883E-4,0.003729927,0.0131961,0.02946493,6.119858E-4,3.212029E-5,3.504999E-4,8.043392,8.967847E-5,456297.2,456313.1
11.2,0.01274304,6.283185,3.141593,6.283185,838.201,0.2365664,1633730.0,1091.112,1.392414E8,1091.112,1.000007,0.198938,8.325719E-9,0.09204966,2.26375E-6,0.02940552,2.412043E-6,0.3491515,0.01071443,0.008242045,0.1222627,8.999001E-5,0.003072686,0.002286275,0.001433043,0.002831373,0.01061985,0.002349611,0.08500689,0.004550866,0.00486565,0.01009601,0.003805376,0.005996578,4.980342E-4,0.003707324,0.01321467,0.02944937,6.073943E-4,3.176476E-5,3.462919E-4,8.043394,8.983691E-5,456297.3,456313.1
11.4,0.01298189,6.283185,3.141593,6.283185,836.7214,0.2365665,1601325.0,1089.187,1.389026E8,1089.187,1.000007,0.1989263,7.948449E-9,0.09212782,2.17247E-6,0.02944658,2.353889E-6,0.3492411,0.01071661,0.008243461,0.1221866,8.72603E-5,0.003073989,0.002282265,0.001430852,0.002834949,0.01057078,0.002349029,0.08496472,0.004551653,0.004878206,0.01011449,0.003792719,0.005974381,4.942105E-4,0.003686093,0.01323245,0.0294346,6.031121E-4,3.143431E-5,3.423666E-4,8.043401,8.999577E-5,456297.7,456313.5
11.6,0.01322116,6.283185,3.141593,6.283185,835.2431,0.2365666,1560942.0,1087.265,1.385641E8,1087.265,1.000007,0.1989152,7.57457E-9,0.09220227,2.082218E-6,0.0294865,2.29365E-6,0.3493252,0.01071847,0.008244987,0.122114,8.461585E-5,0.003075175,0.002278353,0.001428784,0.002838438,0.01052423,0.002348631,0.08492394,0.004552332,0.004890242,0.01013225,0.003780956,0.005953148,4.905875E-4,0.003666053,0.01324953,0.02942053,5.99098E-4,3.112569E-5,3.386871E-4,8.043411,9.015505E-5,456298.2,456314.0
11.8,0.01346083,6.283185,3.141593,6.283185,833.766,0.2365667,1520700.0,1085.344,1.38226E8,1085.344,1.000007,0.1989045,7.214904E-9,0.09227326,1.995236E-6,0.02952532,2.234053E-6,0.3494042,0.01072002,0.008246605,0.1220447,8.205344E-5,0.003076256,0.00227454,0.001426828,0.00284185,0.01047998,0.002348399,0.08488447,0.004552917,0.004901793,0.01014934,0.003769977,0.005932818,4.871467E-4,0.003647095,0.01326597,0.02940711,5.953249E-4,3.083654E-5,3.352278E-4,8.043425,9.031478E-5,456299.0,456314.8
12.0,0.01370092,6.283185,3.141593,6.283185,832.2901,0.2365667,1481089.0,1083.425,1.378883E8,1083.425,1.000007,0.1988942,6.871814E-9,0.09234084,1.911944E-6,0.029563,2.175933E-6,0.3494783,0.01072128,0.008248308,0.1219788,7.957153E-5,0.003077235,0.002270831,0.001424982,0.002845181,0.010438,0.002348326,0.0848463,0.004553413,0.00491286,0.01016578,0.003759756,0.005913383,4.838849E-4,0.003629197,0.01328175,0.02939434,5.917856E-4,3.05662E-5,3.319816E-4,8.043441,9.047493E-5,456299.9,456315.7
12.2,0.01394143,6.283185,3.141593,6.283185,830.8155,0.2365667,1442026.0,1081.508,1.375509E8,1081.508,1.000008,0.1988844,6.544942E-9,0.09240514,1.832185E-6,0.02959957,2.119347E-6,0.3495476,0.01072227,0.00825009,0.121916,7.716742E-5,0.003078116,0.002267225,0.001423242,0.002848434,0.0103982,0.002348401,0.08480941,0.004553824,0.004923457,0.01018158,0.003750252,0.005894812,4.807939E-4,0.003612309,0.01329691,0.02938218,5.884676E-4,3.031357E-5,3.289369E-4,8.043461,9.063551E-5,456301.0,456316.8
12.4,0.01418237,6.283185,3.141593,6.283185,829.3424,0.2365667,1403280.0,1079.593,1.372139E8,1079.593,1.000008,0.1988749,6.233625E-9,0.0924663,1.755707E-6,0.02963506,2.064263E-6,0.3496125,0.01072301,0.008251942,0.1218563,7.483855E-5,0.003078908,0.002263722,0.001421601,0.00285161,0.01036046,0.002348616,0.08477374,0.004554159,0.004933603,0.01019676,0.003741419,0.005877064,4.778646E-4,0.003596375,0.01331146,0.02937061,5.85357E-4,3.007746E-5,3.260807E-4,8.043482,9.07965E-5,456302.2,456318.1
12.6,0.01442374,6.283185,3.141593,6.283185,827.8706,0.2365667,1364877.0,1077.681,1.368773E8,1077.681,1.000008,0.1988659,5.937151E-9,0.09252446,1.682334E-6,0.0296695,2.010639E-6,0.3496731,0.0107235,0.008253856,0.1217996,7.258264E-5,0.003079615,0.002260321,0.001420055,0.002854711,0.01032469,0.002348959,0.08473926,0.004554424,0.004943316,0.01021136,0.003733211,0.005860101,4.750883E-4,0.003581338,0.01332543,0.02935961,5.824405E-4,2.985673E-5,3.234006E-4,8.043506,9.095792E-5,456303.6,456319.4
12.8,0.01466554,6.283185,3.141593,6.283185,826.4003,0.2365667,1327018.0,1075.771,1.365411E8,1075.771,1.000008,0.1988573,5.654733E-9,0.09257975,1.611996E-6,0.02970289,1.958424E-6,0.3497297,0.01072377,0.008255825,0.1217456,7.039718E-5,0.003080244,0.00225702,0.001418599,0.002857737,0.01029079,0.002349421,0.08470593,0.004554624,0.004952612,0.01022539,0.003725593,0.005843891,4.724574E-4,0.003567155,0.01333885,0.02934915,5.797071E-4,2.965044E-5,3.208865E-4,8.043532,9.111974E-5,456305.0,456320.9
13.0,0.01490777,6.283185,3.141593,6.283185,824.9316,0.2365667,1287841.0,1073.862,1.362052E8,1073.862,1.000008,0.198849,5.385599E-9,0.09263231,1.54472E-6,0.02973529,1.907564E-6,0.3497826,0.01072384,0.008257843,0.1216944,6.827965E-5,0.003080799,0.002253818,0.001417227,0.002860692,0.01025866,0.002349993,0.0846737,0.004554766,0.004961508,0.01023888,0.003718525,0.005828399,4.69964E-4,0.003553775,0.01335173,0.0293392,5.771449E-4,2.945761E-5,3.185275E-4,8.04356,9.128198E-5,456306.6,456322.4
13.2,0.01515043,6.283185,3.141593,6.283185,823.4644,0.2365667,1254773.0,1071.956,1.358698E8,1071.956,1.000008,0.1988411,5.12894E-9,0.09268231,1.48066E-6,0.0297667,1.857996E-6,0.3498319,0.01072372,0.008259901,0.1216456,6.622736E-5,0.003081288,0.002250712,0.001415934,0.002863575,0.01022821,0.002350665,0.08464253,0.004554855,0.004970023,0.01025184,0.003711963,0.005813585,4.675992E-4,0.003541144,0.0133641,0.02932974,5.747408E-4,2.927714E-5,3.163116E-4,8.043589,9.144462E-5,456308.2,456324.0
13.4,0.01539352,6.283185,3.141593,6.283185,821.9988,0.2365667,1221253.0,1070.053,1.355347E8,1070.053,1.000008,0.1988335,4.884121E-9,0.09272987,1.419765E-6,0.02979717,1.809683E-6,0.349878,0.01072342,0.008261994,0.1215993,6.423791E-5,0.003081715,0.002247703,0.001414717,0.00286639,0.01019934,0.002351429,0.08461238,0.004554896,0.004978172,0.01026432,0.003705876,0.00579942,4.653564E-4,0.003529222,0.01337599,0.02932074,5.724854E-4,2.910825E-5,3.142303E-4,8.043619,9.160765E-5,456310.0,456325.8
13.6,0.01563705,6.283185,3.141593,6.283185,820.5349,0.2365667,1189652.0,1068.151,1.352001E8,1068.151,1.000008,0.1988262,4.650487E-9,0.09277515,1.362009E-6,0.0298267,1.762571E-6,0.3499209,0.01072297,0.008264115,0.1215553,6.230889E-5,0.003082084,0.002244787,0.00141357,0.002869138,0.01017199,0.002352277,0.08458322,0.004554895,0.004985972,0.01027631,0.003700228,0.005785871,4.632286E-4,0.003517964,0.01338741,0.02931218,5.703684E-4,2.895009E-5,3.122741E-4,8.043651,9.177109E-5,456311.8,456327.7
13.8,0.01588101,6.283185,3.141593,6.283185,819.0727,0.2365667,1159852.0,1066.252,1.348658E8,1066.252,1.000008,0.1988192,4.427475E-9,0.09281826,1.307276E-6,0.02985533,1.716608E-6,0.349961,0.01072237,0.008266259,0.1215134,6.043804E-5,0.003082401,0.002241963,0.00141249,0.00287182,0.01014606,0.002353201,0.08455502,0.004554855,0.004993435,0.01028785,0.003694989,0.005772911,4.612093E-4,0.003507332,0.01339838,0.02930404,5.683807E-4,2.880192E-5,3.104349E-4,8.043683,9.193492E-5,456313.7,456329.8
14.0,0.01612541,6.283185,3.141593,6.283185,817.6123,0.2365667,1131326.0,1064.356,1.34532E8,1064.356,1.000009,0.1988125,4.214779E-9,0.09285934,1.255171E-6,0.02988309,1.671789E-6,0.3499983,0.01072163,0.008268421,0.1214737,5.862362E-5,0.003082669,0.00223923,0.001411472,0.002874438,0.01012151,0.002354194,0.08452772,0.004554781,0.005000577,0.01029895,0.003690131,0.005760512,4.592929E-4,0.003497291,0.01340892,0.02929629,5.665143E-4,2.866308E-5,3.087054E-4,8.043717,9.209914E-5,456315.7,456332.0
14.2,0.01637024,6.283185,3.141593,6.283185,816.1536,0.2365667,1103330.0,1062.461,1.341986E8,1062.461,1.000009,0.198806,4.012036E-9,0.09289848,1.205294E-6,0.02990998,1.628064E-6,0.350033,0.01072077,0.008270596,0.1214359,5.686398E-5,0.003082892,0.002236584,0.001410513,0.002876993,0.01009825,0.002355249,0.08450132,0.004554676,0.005007411,0.01030962,0.003685627,0.005748649,4.574737E-4,0.003487806,0.01341905,0.02928892,5.647613E-4,2.853293E-5,3.070785E-4,8.043751,9.226375E-5,456317.8,456334.5
14.4,0.01661551,6.283185,3.141593,6.283185,814.6967,0.2365667,1052036.0,1060.57,1.338656E8,1060.57,1.000009,0.1987999,3.822408E-9,0.09293575,1.148123E-6,0.02993604,1.584917E-6,0.3500653,0.0107198,0.00827278,0.1214001,5.515975E-5,0.003083074,0.002234026,0.00140961,0.002879487,0.0100762,0.002356359,0.08447576,0.004554544,0.005013949,0.01031989,0.003681452,0.005737297,4.557465E-4,0.003478846,0.01342878,0.02928191,5.631144E-4,2.841091E-5,3.055477E-4,8.043785,9.242874E-5,456319.9,456337.0
14.6,0.01686122,6.283185,3.141593,6.283185,813.2417,0.2365667,1100396.0,1058.68,1.33533E8,1058.68,1.000009,0.1987939,3.629409E-9,0.09297135,1.135674E-6,0.02996131,1.546212E-6,0.3500954,0.01071873,0.008274968,0.121366,5.350145E-5,0.003083218,0.00223155,0.00140876,0.002881921,0.01005533,0.002357519,0.084451,0.004554386,0.005020206,0.01032977,0.003677586,0.005726425,4.541057E-4,0.003470376,0.01343814,0.02927523,5.615661E-4,2.829639E-5,3.041063E-4,8.04382,9.259411E-5,456322.1,456340.0
14.8,0.0171074,6.283185,3.141593,6.283185,811.7886,0.2365668,1001851.0,1056.793,1.33201E8,1056.793,1.000009,0.1987883,3.463714E-9,0.09300503,1.057913E-6,0.02998572,1.503292E-6,0.3501232,0.01071755,0.008277156,0.1213338,5.190662E-5,0.003083325,0.002229162,0.001407962,0.002884294,0.01003558,0.002358723,0.08442709,0.004554208,0.005026176,0.01033927,0.003674016,0.005716052,4.525524E-4,0.003462401,0.01344712,0.02926891,5.601169E-4,2.818941E-5,3.027546E-4,8.043856,9.275985E-5,456324.3,456342.5
15.0,0.01735404,6.283185,3.141593,6.283185,810.3376,0.2365669,967789.3,1054.909,1.328693E8,1054.909,1.000009,0.1987829,3.299859E-9,0.09303676,1.011952E-6,0.03000932,1.464304E-6,0.3501489,0.01071627,0.008279343,0.1213032,5.036032E-5,0.003083395,0.002226859,0.001407213,0.002886604,0.01001688,0.002359964,0.08440398,0.004554009,0.005031873,0.01034839,0.003670734,0.005706141,4.510821E-4,0.003454893,0.01345573,0.02926294,5.587607E-4,2.808946E-5,3.014872E-4,8.043891,9.292594E-5,456326.3,456344.6
15.2,0.01760117,6.283185,3.141593,6.283185,808.8888,0.2365673,939977.9,1053.028,1.325382E8,1053.028,1.000009,0.1987778,3.142345E-9,0.09306678,9.704131E-7,0.03003212,1.426229E-6,0.3501726,0.0107149,0.008281524,0.1212743,4.886062E-5,0.003083433,0.00222464,0.001406512,0.002888852,0.009999225,0.002361241,0.08438167,0.004553792,0.005037301,0.01035714,0.003667724,0.005696687,4.496923E-4,0.003447834,0.01346398,0.02925728,5.574933E-4,2.799624E-5,3.003005E-4,8.043927,9.309238E-5,456328.4,456346.7
15.4,0.01784869,6.283185,3.141593,6.283185,807.4417,0.2365674,912316.9,1051.149,1.322075E8,1051.149,1.000009,0.1987728,2.991638E-9,0.09309555,9.304323E-7,0.0300543,1.388893E-6,0.3501948,0.01071347,0.008283698,0.1212466,4.740222E-5,0.003083448,0.002222486,0.001405847,0.002891053,0.009982365,0.002362542,0.08435996,0.004553562,0.005042526,0.01036562,0.003664912,0.005687575,4.483621E-4,0.003441108,0.01347196,0.02925187,5.562912E-4,2.790794E-5,2.991734E-4,8.043963,9.325922E-5,456330.4,456348.7
15.6,0.01809662,6.283185,3.141593,6.283185,805.9966,0.2365675,885540.7,1049.272,1.318772E8,1049.272,1.000009,0.198768,2.848098E-9,0.09312299,8.921162E-7,0.03007582,1.352457E-6,0.3502155,0.01071198,0.008285861,0.1212202,4.598896E-5,0.00308344,0.002220402,0.001405218,0.002893202,0.009966336,0.002363866,0.08433891,0.004553321,0.005047536,0.0103738,0.003662302,0.005678827,4.470948E-4,0.003434731,0.01347965,0.02924671,5.55157E-4,2.782474E-5,2.981081E-4,8.044,9.342644E-5,456332.5,456350.7
15.8,0.01834499,6.283185,3.141593,6.283185,804.5534,0.2365675,859437.1,1047.398,1.315474E8,1047.398,1.00001,0.1987635,2.711308E-9,0.09314915,8.553931E-7,0.03009667,1.316911E-6,0.3502347,0.01071044,0.008288011,0.1211951,4.461807E-5,0.003083409,0.002218387,0.001404625,0.002895301,0.009951115,0.002365209,0.08431849,0.00455307,0.005052335,0.01038169,0.003659886,0.005670435,4.458883E-4,0.003428691,0.01348706,0.02924179,5.540881E-4,2.774645E-5,2.971024E-4,8.044036,9.359402E-5,456334.5,456352.7
16.0,0.01859381,6.283185,3.141593,6.283185,803.1123,0.2365675,834000.1,1045.527,1.31218E8,1045.527,1.00001,0.1987591,2.58097E-9,0.09317408,8.202092E-7,0.03011687,1.282255E-6,0.3502525,0.01070884,0.008290144,0.1211713,4.32887E-5,0.003083358,0.002216441,0.001404066,0.002897349,0.009936664,0.002366566,0.0842987,0.004552811,0.005056931,0.01038929,0.003657649,0.005662384,4.447399E-4,0.003422969,0.0134942,0.0292371,5.530805E-4,2.767274E-5,2.961527E-4,8.044071,9.376196E-5,456336.5,456354.8
16.2,0.01884307,6.283185,3.141593,6.283185,801.6733,0.2365675,809392.6,1043.658,1.308891E8,1043.658,1.00001,0.1987549,2.456934E-9,0.0931978,7.865314E-7,0.03013643,1.248482E-6,0.3502689,0.01070719,0.00829226,0.1211486,4.200017E-5,0.003083287,0.002214562,0.001403539,0.002899347,0.009922967,0.002367935,0.08427952,0.004552545,0.005061326,0.01039662,0.003655586,0.005654669,4.436484E-4,0.003417559,0.01350106,0.02923265,5.521328E-4,2.760351E-5,2.952579E-4,8.044107,9.393027E-5,456338.5,456356.8
16.4,0.01909277,6.283185,3.141593,6.283185,800.2364,0.2365675,785338.3,1041.793,1.305607E8,1041.793,1.00001,0.1987509,2.338714E-9,0.0932204,7.542527E-7,0.03015536,1.215561E-6,0.3502841,0.01070551,0.008294356,0.1211271,4.075026E-5,0.0030832,0.002212748,0.001403043,0.002901296,0.009909973,0.002369314,0.08426092,0.004552272,0.005065533,0.01040368,0.003653683,0.00564727,4.426099E-4,0.003412439,0.01350767,0.02922841,5.5124E-4,2.753838E-5,2.944136E-4,8.044143,9.409893E-5,456340.5,456358.8
16.6,0.01934292,6.283185,3.141593,6.283185,798.8016,0.2365676,762026.9,1039.929,1.302328E8,1039.929,1.00001,0.198747,2.2262E-9,0.09324189,7.233469E-7,0.03017369,1.183479E-6,0.3502981,0.01070378,0.008296432,0.1211066,3.953845E-5,0.003083096,0.002210998,0.001402577,0.002903197,0.009897665,0.002370699,0.08424291,0.004551995,0.005069554,0.01041049,0.003651932,0.00564018,4.416233E-4,0.0034076,0.01351404,0.02922439,5.504007E-4,2.747723E-5,2.936183E-4,8.044178,9.426795E-5,456342.5,456360.8
16.8,0.01959352,6.283185,3.141593,6.283185,797.369,0.2365676,739322.7,1038.069,1.299053E8,1038.069,1.00001,0.1987433,2.119034E-9,0.09326235,6.937326E-7,0.03019142,1.152205E-6,0.3503109,0.01070203,0.008298485,0.1210872,3.836311E-5,0.003082978,0.00220931,0.001402138,0.002905051,0.009885999,0.002372088,0.08422545,0.004551714,0.005073401,0.01041705,0.00365032,0.005633383,4.40685E-4,0.003403023,0.01352016,0.02922056,5.496106E-4,2.741975E-5,2.928685E-4,8.044213,9.443731E-5,456344.5,456362.7
17.0,0.01984458,6.283185,3.141593,6.283185,795.9386,0.2365676,717218.9,1036.211,1.295784E8,1036.211,1.00001,0.1987397,2.016971E-9,0.09328183,6.653561E-7,0.03020858,1.121723E-6,0.3503228,0.01070024,0.008300514,0.1210688,3.722318E-5,0.003082847,0.002207681,0.001401724,0.002906859,0.009874941,0.002373477,0.08420852,0.004551431,0.005077079,0.01042337,0.003648839,0.005626865,4.397928E-4,0.003398693,0.01352605,0.02921691,5.48867E-4,2.73657E-5,2.921614E-4,8.044247,9.460703E-5,456346.5,456364.7
17.2,0.02009608,6.283185,3.141593,6.283185,794.5104,0.2365676,695809.0,1034.356,1.292519E8,1034.356,1.00001,0.1987363,1.919859E-9,0.09330035,6.381834E-7,0.03022517,1.092023E-6,0.3503337,0.01069843,0.008302518,0.1210513,3.611799E-5,0.003082704,0.002206111,0.001401336,0.002908621,0.009864474,0.002374865,0.08419212,0.004551145,0.005080594,0.01042946,0.003647481,0.005620619,4.389452E-4,0.003394602,0.01353172,0.02921345,5.481679E-4,2.731496E-5,2.914955E-4,8.044281,9.47771E-5,456348.4,456366.6
17.4,0.02034803,6.283185,3.141593,6.283185,793.0844,0.2365676,674962.0,1032.504,1.289259E8,1032.504,1.00001,0.1987331,1.827383E-9,0.09331797,6.121414E-7,0.03024123,1.063079E-6,0.3503436,0.0106966,0.008304496,0.1210347,3.50461E-5,0.00308255,0.002204598,0.001400971,0.00291034,0.00985456,0.002376249,0.08417622,0.004550859,0.005083953,0.01043532,0.003646237,0.005614631,4.381396E-4,0.003390735,0.01353718,0.02921017,5.475103E-4,2.726729E-5,2.908681E-4,8.044315,9.494751E-5,456350.3,456368.5
17.6,0.02060044,6.283185,3.141593,6.283185,791.6606,0.2365676,654662.0,1030.655,1.286005E8,1030.655,1.00001,0.1987299,1.739325E-9,0.09333474,5.871803E-7,0.03025675,1.034876E-6,0.3503527,0.01069475,0.008306448,0.1210189,3.400653E-5,0.003082387,0.002203139,0.001400628,0.002912016,0.009845175,0.002377627,0.0841608,0.004550572,0.005087163,0.01044098,0.0036451,0.00560889,4.373741E-4,0.003387081,0.01354243,0.02920704,5.46892E-4,2.722253E-5,2.902771E-4,8.044349,9.511827E-5,456352.2,456370.4
17.8,0.0208533,6.283185,3.141593,6.283185,790.2391,0.2365676,634897.9,1028.809,1.282755E8,1028.809,1.000011,0.1987269,1.655478E-9,0.09335067,5.632531E-7,0.03027176,1.007397E-6,0.3503609,0.01069289,0.008308372,0.1210039,3.299835E-5,0.003082214,0.002201734,0.001400306,0.002913649,0.009836295,0.002378998,0.08414587,0.004550286,0.005090229,0.01044642,0.003644062,0.005603389,4.36647E-4,0.003383629,0.01354749,0.02920408,5.463109E-4,2.718051E-5,2.897208E-4,8.044382,9.528937E-5,456354.1,456372.3
18.0,0.02110662,6.283185,3.141593,6.283185,788.8199,0.2365676,615668.3,1026.966,1.279511E8,1026.966,1.000011,0.1987241,1.575656E-9,0.09336583,5.40317E-7,0.03028626,9.806254E-7,0.3503685,0.01069101,0.008310267,0.1209898,3.20206E-5,0.003082034,0.002200379,0.001400003,0.002915241,0.009827892,0.00238036,0.08413139,0.004550001,0.005093158,0.01045167,0.003643117,0.005598114,4.359561E-4,0.003380368,0.01355236,0.02920126,5.457646E-4,2.714106E-5,2.891968E-4,8.044414,9.546081E-5,456355.9,456374.1
18.2,0.02136039,6.283185,3.141593,6.283185,787.403,0.2365676,597072.5,1025.125,1.276271E8,1025.125,1.000011,0.1987213,1.499764E-9,0.09338025,5.183506E-7,0.03030029,9.545431E-7,0.3503753,0.01068913,0.008312134,0.1209763,3.107245E-5,0.003081848,0.002199074,0.001399719,0.002916793,0.009819936,0.00238171,0.08411735,0.004549717,0.005095957,0.01045673,0.003642256,0.005593055,4.352994E-4,0.003377285,0.01355704,0.02919858,5.452507E-4,2.710398E-5,2.887031E-4,8.044446,9.563258E-5,456357.7,456375.9
18.4,0.02161462,6.283185,3.141593,6.283185,785.9885,0.2365676,579017.3,1023.288,1.273037E8,1023.288,1.000011,0.1987187,1.427553E-9,0.09339398,4.972974E-7,0.03031386,9.29133E-7,0.3503815,0.01068724,0.00831397,0.1209635,3.015286E-5,0.003081655,0.002197817,0.001399452,0.002918306,0.009812401,0.002383047,0.08410373,0.004549436,0.005098633,0.01046161,0.003641472,0.005588201,4.346749E-4,0.00337437,0.01356156,0.02919604,5.447669E-4,2.706912E-5,2.882376E-4,8.044477,9.58047E-5,456359.5,456377.7
18.6,0.0218693,6.283185,3.141593,6.283185,784.5762,0.2365676,561467.3,1021.453,1.269808E8,1021.453,1.000011,0.1987161,1.358833E-9,0.09340705,4.771135E-7,0.03032697,9.043775E-7,0.3503871,0.01068535,0.008315776,0.1209514,2.926085E-5,0.003081458,0.002196605,0.001399201,0.00291978,0.00980526,0.002384369,0.08409052,0.004549158,0.00510119,0.01046631,0.003640757,0.00558354,4.340806E-4,0.003371609,0.0135659,0.02919362,5.443108E-4,2.703629E-5,2.877982E-4,8.044508,9.597714E-5,456361.3,456379.5
18.8,0.02212445,6.283185,3.141593,6.283185,783.1664,0.2365676,544202.1,1019.621,1.266584E8,1019.621,1.000011,0.1987137,1.293411E-9,0.09341949,4.577853E-7,0.03033964,8.802739E-7,0.3503921,0.01068346,0.008317551,0.1209399,2.839572E-5,0.003081257,0.002195438,0.001398965,0.002921217,0.009798503,0.002385675,0.08407771,0.004548883,0.005103633,0.01047084,0.00364011,0.00557907,4.335158E-4,0.003369,0.01357009,0.02919132,5.438818E-4,2.700544E-5,2.873842E-4,8.044539,9.614992E-5,456363.0,456381.2
19.0,0.02238005,6.283185,3.141593,6.283185,781.7588,0.2365676,527499.7,1017.793,1.263366E8,1017.793,1.000011,0.1987114,1.231096E-9,0.09343133,4.392805E-7,0.03035189,8.5681E-7,0.3503966,0.01068156,0.008319296,0.1209289,2.755662E-5,0.003081052,0.002194314,0.001398744,0.002922618,0.00979211,0.002386965,0.08406529,0.004548611,0.005105966,0.01047522,0.003639525,0.005574781,4.32979E-4,0.003366534,0.01357413,0.02918913,5.434781E-4,2.697644E-5,2.869941E-4,8.044569,9.632304E-5,456364.7,456382.9
19.2,0.02263611,6.283185,3.141593,6.283185,780.3537,0.2365676,511568.6,1015.967,1.260153E8,1015.967,1.000011,0.1987091,1.171696E-9,0.0934426,4.215541E-7,0.03036373,8.339678E-7,0.3504006,0.01067968,0.008321008,0.1209185,2.674256E-5,0.003080845,0.002193231,0.001398535,0.002923983,0.009786051,0.002388235,0.08405323,0.004548343,0.005108196,0.01047943,0.003638994,0.005570661,4.32468E-4,0.003364198,0.01357801,0.02918706,5.430973E-4,2.694911E-5,2.866257E-4,8.044598,9.649648E-5,456366.3,456384.5
19.4,0.02289264,6.283185,3.141593,6.283185,778.951,0.2365676,495930.0,1014.145,1.256945E8,1014.145,1.000011,0.198707,1.115045E-9,0.09345334,4.045736E-7,0.03037517,8.117329E-7,0.3504043,0.0106778,0.008322689,0.1209086,2.595269E-5,0.003080635,0.002192188,0.001398339,0.002925313,0.009780306,0.002389485,0.08404154,0.00454808,0.005110329,0.0104835,0.003638512,0.005566704,4.319814E-4,0.003361984,0.01358176,0.02918508,5.427377E-4,2.692332E-5,2.862775E-4,8.044627,9.667025E-5,456368.0,456386.1
19.6,0.02314963,6.283185,3.141593,6.283185,777.5507,0.2365676,480846.0,1012.325,1.253743E8,1012.325,1.000012,0.1987049,1.061313E-9,0.09346356,3.883527E-7,0.03038622,7.900787E-7,0.3504075,0.01067592,0.008324339,0.1208993,2.518689E-5,0.003080424,0.002191184,0.001398155,0.002926609,0.009774879,0.002390717,0.0840302,0.004547821,0.005112364,0.01048742,0.003638081,0.005562908,4.315193E-4,0.003359895,0.01358537,0.02918321,5.424E-4,2.689913E-5,2.8595E-4,8.044655,9.684434E-5,456369.5,456387.7
19.8,0.02340707,6.283185,3.141593,6.283185,776.1528,0.2365676,466278.9,1010.509,1.250546E8,1010.509,1.000012,0.198703,1.01021E-9,0.09347329,3.728418E-7,0.0303969,7.689949E-7,0.3504103,0.01067405,0.008325957,0.1208904,2.444404E-5,0.003080211,0.002190217,0.001397983,0.002927872,0.009769739,0.002391928,0.08401919,0.004547567,0.005114308,0.0104912,0.003637695,0.005559261,4.310797E-4,0.003357917,0.01358885,0.02918142,5.420815E-4,2.687634E-5,2.856409E-4,8.044682,9.701877E-5,456371.1,456389.3
20.0,0.02366499,6.283185,3.141593,6.283185,774.7573,0.2365676,452210.3,1008.696,1.247354E8,1008.696,1.000012,0.1987011,9.616063E-10,0.09348257,3.580134E-7,0.03040722,7.484656E-7,0.3504128,0.0106722,0.008327543,0.1208819,2.372338E-5,0.003079998,0.002189286,0.00139782,0.002929103,0.009764868,0.002393117,0.08400852,0.004547317,0.005116167,0.01049485,0.003637347,0.005555757,4.306611E-4,0.003356043,0.0135922,0.02917973,5.417808E-4,2.685484E-5,2.853488E-4,8.044709,9.719351E-5,456372.6,456390.8
