Time_Soln#9 (sec),Volume_Soln#9 (cm3),Volumetric_heat_production_rate_Soln#9 (erg/cm3-sec),Surface_temperature_Soln#9 (K),Temperature_Soln#9 (K),Mass_Soln#9 (g),Pressure_Soln#9 (atm),Mole_fraction_H2_Soln#9 (),Mole_fraction_CH4_Soln#9 (),Mole_fraction_C2H6_Soln#9 (),Mole_fraction_C2H4_Soln#9 (),Mole_fraction_C2H2_Soln#9 (),Mole_fraction_C4H6_Soln#9 (),Mole_fraction_C4H4_Soln#9 (),Mole_fraction_C6H6_Soln#9 (),Mole_fraction_C10H8_Soln#9 (),Mole_fraction_C7H8_Soln#9 (),Mole_fraction_C7H7_Soln#9 (),Mole_fraction_STILB_Soln#9 (),Mole_fraction_C6H5C2H_Soln#9 (),Mole_fraction_C6H5C2H3_Soln#9 (),Mole_fraction_C6H5C2H5_Soln#9 (),Mole_fraction_INDENE_Soln#9 (),Mole_fraction_BIPHENYL_Soln#9 (),Mole_fraction_C14H10_Soln#9 (),Mole_fraction_C16H10_Soln#9 (),Mole_fraction_BIN1A_Soln#9 (),Molecular_weight_Soln#9 (g/mole),Mass_density_Soln#9 (g/cm3),Unburned_hydrocarbons_Soln#9 (ppm),Volatile_organic_compounds_Soln#9 (ppm)
0.0,15.7,-2.4144E9,1400.0,1400.0,0.001449687,1.0,0.9128527,0.0,0.0,0.0,0.0,0.0,0.0,0.0,0.0,0.02851745,0.0,0.0,0.0,0.0421063,0.01652353,0.0,0.0,0.0,0.0,0.0,10.60769,9.233675E-5,668660.8,668660.8
3.565226E-8,15.69986,-2.404306E9,1399.983,1399.983,0.001449687,1.0,0.9128501,2.907252E-8,5.69884E-12,2.325361E-9,5.895501E-9,7.308159E-13,4.611586E-13,7.982986E-9,1.844074E-18,0.02851728,2.900436E-6,5.481298E-12,2.564066E-10,0.04210644,0.01652035,3.799209E-18,2.52166E-17,9.751807E-12,2.658111E-13,1.128459E-13,10.60765,9.23376E-5,668658.7,668658.7
5.208093E-7,15.69794,-2.251624E9,1399.754,1399.754,0.001449687,1.0,0.9128114,5.662971E-6,1.511156E-8,9.500242E-7,1.739676E-7,2.630708E-10,1.054186E-10,1.207378E-6,2.299024E-14,0.02851414,4.281864E-5,9.764022E-9,2.503428E-7,0.04210487,0.01647677,2.045463E-13,1.885692E-12,4.392027E-9,2.375571E-10,1.005151E-10,10.60721,9.234885E-5,668630.8,668630.8
2.103359E-6,15.69243,-1.995141E9,1399.079,1399.079,0.001449687,1.0,0.9126523,7.115261E-5,5.747223E-7,2.552271E-5,3.618256E-6,6.703783E-9,2.103377E-9,3.434988E-5,1.570658E-11,0.0284874,1.824398E-4,4.099879E-7,6.356015E-6,0.04205867,0.01632694,6.606986E-11,7.772313E-10,1.297442E-7,6.059121E-9,2.533748E-9,10.60582,9.238131E-5,668543.3,668543.3
8.618592E-6,15.67876,-1.188817E9,1396.962,1396.962,0.001449687,1.0,0.9117062,5.722403E-4,8.672373E-6,3.976663E-4,6.365092E-5,2.442275E-7,4.114051E-8,5.461764E-4,4.523771E-9,0.02828569,7.471304E-4,7.247647E-6,9.246723E-5,0.04163224,0.01563581,9.677114E-9,7.377977E-8,2.232503E-6,9.828509E-8,4.002708E-8,10.59901,9.246182E-5,668113.8,668113.8
2.439539E-5,15.67381,-3.405803E8,1394.871,1394.871,0.001449687,1.0,0.9095136,0.001796375,2.903864E-5,0.001371682,2.282315E-4,2.128928E-6,2.611359E-7,0.001903431,6.46322E-8,0.02833156,0.001356378,2.90434E-5,3.153018E-4,0.04067762,0.0141206,1.363417E-7,5.917675E-7,9.470404E-6,5.474773E-7,2.277498E-7,10.58649,9.249105E-5,667324.6,667324.6
5.628274E-5,15.6866,-4.388075E7,1393.932,1393.932,0.001449687,1.0,0.9059045,0.003866766,5.841205E-5,0.002897186,4.923459E-4,8.538155E-6,9.235699E-7,0.004077492,4.026679E-7,0.02917988,0.001573159,8.07474E-5,6.678977E-4,0.03913119,0.01167517,7.284112E-7,2.357273E-6,2.463381E-5,2.414388E-6,1.063468E-6,10.57074,9.241565E-5,666331.6,666331.6
5.843929E-5,15.6877,-3.722202E7,1393.914,1393.914,0.001449687,1.0,0.9056838,0.003993328,6.004856E-5,0.002988603,5.084695E-4,9.049691E-6,9.749131E-7,0.0042097,4.367233E-7,0.02924356,0.001574766,8.441113E-5,6.891794E-4,0.03903571,0.01152985,7.804154E-7,2.502555E-6,2.564794E-5,2.579567E-6,1.140411E-6,10.56986,9.240915E-5,666276.2,666276.2
5.990255E-5,15.68845,-3.306858E7,1393.904,1393.904,0.001449687,1.0,0.9055355,0.004078377,6.113877E-5,0.003049968,5.193131E-4,9.400867E-6,1.010137E-6,0.004298571,4.606528E-7,0.02928674,0.001575453,8.689496E-5,7.034747E-4,0.03897142,0.01143247,8.164007E-7,2.602677E-6,2.633445E-5,2.693964E-6,1.193949E-6,10.56927,9.240471E-5,666239.2,666239.2
6.007434E-5,15.68854,-3.267455E7,1393.903,1393.903,0.001449687,1.0,0.9055181,0.004088318,6.12657E-5,0.003057138,5.205811E-4,9.442303E-6,1.014292E-6,0.004308961,4.635057E-7,0.02929181,0.001575513,8.718638E-5,7.051453E-4,0.0389639,0.0114211,8.206615E-7,2.614511E-6,2.641496E-5,2.707514E-6,1.200303E-6,10.5692,9.240419E-5,666234.9,666234.9
6.010152E-5,15.68856,-3.259728E7,1393.903,1393.903,0.001449687,1.0,0.9055154,0.004089891,6.128577E-5,0.003058272,5.207816E-4,9.448865E-6,1.01495E-6,0.004310604,4.63958E-7,0.02929261,0.001575522,8.723249E-5,7.054096E-4,0.03896271,0.0114193,8.213365E-7,2.616385E-6,2.64277E-5,2.709661E-6,1.20131E-6,10.56919,9.24041E-5,666234.2,666234.2
6.011882E-5,15.68856,-3.248713E7,1393.902,1393.902,0.001449687,1.0,0.9055136,0.004090891,6.129853E-5,0.003058994,5.209092E-4,9.45304E-6,1.015369E-6,0.00431165,4.642459E-7,0.02929312,0.001575528,8.726183E-5,7.055777E-4,0.03896195,0.01141816,8.21766E-7,2.617578E-6,2.64358E-5,2.711027E-6,1.201951E-6,10.56918,9.240405E-5,666233.8,666233.8
6.102853E-5,15.68904,-3.002375E7,1393.897,1393.897,0.001449687,1.0,0.9054221,0.004143372,6.196676E-5,0.00309683,5.27605E-4,9.673263E-6,1.037451E-6,0.004366506,4.79521E-7,0.02931994,0.001575775,8.880428E-5,7.143964E-4,0.03892223,0.0113582,8.444675E-7,2.680552E-6,2.686181E-5,2.783241E-6,1.23587E-6,10.56882,9.240128E-5,666211.1,666211.1
6.115654E-5,15.6891,-2.976662E7,1393.896,1393.896,0.001449687,1.0,0.9054092,0.004150737,6.206031E-5,0.003102138,5.285449E-4,9.704346E-6,1.040568E-6,0.004374205,4.816908E-7,0.02932371,0.001575801,8.902121E-5,7.156339E-4,0.03891665,0.01134979,8.476785E-7,2.689451E-6,2.692171E-5,2.793457E-6,1.240675E-6,10.56877,9.240089E-5,666207.9,666207.9
6.11754E-5,15.68911,-2.971133E7,1393.896,1393.896,0.001449687,1.0,0.9054074,0.004151822,6.207408E-5,0.00310292,5.286833E-4,9.708929E-6,1.041027E-6,0.004375339,4.820109E-7,0.02932427,0.001575805,8.905318E-5,7.158162E-4,0.03891583,0.01134855,8.481521E-7,2.690763E-6,2.693054E-5,2.794964E-6,1.241384E-6,10.56877,9.240083E-5,666207.4,666207.4
6.120113E-5,15.68912,-2.960626E7,1393.896,1393.896,0.001449687,1.0,0.9054048,0.004153302,6.209287E-5,0.003103987,5.288722E-4,9.715181E-6,1.041654E-6,0.004376886,4.824479E-7,0.02932503,0.00157581,8.909678E-5,7.160648E-4,0.0389147,0.01134686,8.487982E-7,2.692553E-6,2.694258E-5,2.79702E-6,1.242351E-6,10.56876,9.240075E-5,666206.8,666206.8
6.159136E-5,15.68933,-2.857499E7,1393.893,1393.893,0.001449687,1.0,0.9053657,0.004175717,6.237718E-5,0.00312014,5.317331E-4,9.810104E-6,1.051171E-6,0.00440032,4.890991E-7,0.02933652,0.001575873,8.975787E-5,7.198308E-4,0.03889772,0.01132129,8.586165E-7,2.719744E-6,2.712511E-5,2.828263E-6,1.257056E-6,10.5686,9.239956E-5,666197.1,666197.1
6.161588E-5,15.68934,-2.850016E7,1393.893,1393.893,0.001449687,1.0,0.9053632,0.004177124,6.239501E-5,0.003121154,5.319127E-4,9.816076E-6,1.05177E-6,0.004401791,4.895187E-7,0.02933724,0.001575877,8.97994E-5,7.200672E-4,0.03889665,0.01131968,8.592347E-7,2.721455E-6,2.713658E-5,2.830231E-6,1.257983E-6,10.56859,9.239949E-5,666196.5,666196.5
6.189976E-5,15.68949,-2.784514E7,1393.892,1393.892,0.001449687,1.0,0.9053348,0.004193399,6.260109E-5,0.003132881,5.339905E-4,9.885275E-6,1.058707E-6,0.004418808,4.943891E-7,0.0293456,0.00157591,9.028013E-5,7.228015E-4,0.03888432,0.01130112,8.664028E-7,2.741293E-6,2.72693E-5,2.853044E-6,1.268731E-6,10.56848,9.239862E-5,666189.5,666189.5
6.200749E-5,15.68954,-2.759763E7,1393.891,1393.891,0.001449687,1.0,0.905324,0.004199569,6.267915E-5,0.003137326,5.347783E-4,9.911566E-6,1.061343E-6,0.00442526,4.962439E-7,0.02934877,0.00157592,9.046253E-5,7.238381E-4,0.03887964,0.01129408,8.691284E-7,2.748833E-6,2.731966E-5,2.86172E-6,1.27282E-6,10.56844,9.239829E-5,666186.8,666186.8
6.20289E-5,15.68955,-2.775871E7,1393.891,1393.891,0.001449687,1.0,0.9053219,0.004200795,6.269465E-5,0.00313821,5.349348E-4,9.916793E-6,1.061867E-6,0.004426541,4.96613E-7,0.0293494,0.001575922,9.049877E-5,7.240441E-4,0.03887871,0.01129269,8.696704E-7,2.750332E-6,2.732966E-5,2.863445E-6,1.273633E-6,10.56843,9.239823E-5,666186.3,666186.3
6.205614E-5,15.68957,-2.749389E7,1393.891,1393.891,0.001449687,1.0,0.9053192,0.004202355,6.271437E-5,0.003139333,5.351338E-4,9.923443E-6,1.062534E-6,0.004428172,4.970827E-7,0.02935021,0.001575924,9.054488E-5,7.24306E-4,0.03887753,0.01129091,8.703601E-7,2.75224E-6,2.734239E-5,2.86564E-6,1.274668E-6,10.56842,9.239814E-5,666185.6,666185.6
6.213614E-5,15.68961,-2.725691E7,1393.89,1393.89,0.001449687,1.0,0.9053112,0.004206933,6.277225E-5,0.003142632,5.357185E-4,9.942984E-6,1.064493E-6,0.004432959,4.984637E-7,0.02935256,0.00157593,9.068031E-5,7.250752E-4,0.03887406,0.01128569,8.72387E-7,2.757846E-6,2.737978E-5,2.872092E-6,1.27771E-6,10.56839,9.23979E-5,666183.6,666183.6
6.217631E-5,15.68963,-2.71084E7,1393.89,1393.89,0.001449687,1.0,0.9053072,0.004209232,6.28013E-5,0.003144287,5.360119E-4,9.952798E-6,1.065477E-6,0.004435363,4.991579E-7,0.02935374,0.001575933,9.07483E-5,7.254613E-4,0.03887231,0.01128307,8.734053E-7,2.760662E-6,2.739855E-5,2.875334E-6,1.279239E-6,10.56837,9.239778E-5,666182.6,666182.7
7.398452E-5,15.6958,-3539301.0,1393.855,1393.855,0.001449687,1.0,0.9041624,0.004864517,7.086041E-5,0.003615119,6.199787E-4,1.292532E-5,1.363994E-6,0.005121889,7.248719E-7,0.02969731,0.001569506,1.105144E-4,8.35499E-4,0.0383719,0.01054271,1.188965E-6,3.624577E-6,3.286783E-5,3.882022E-6,1.761362E-6,10.56396,9.236148E-5,665904.4,665904.4
1.0E-4,15.70918,2.378512E7,1393.919,1393.919,0.001449687,1.0,0.9018575,0.006179091,8.572583E-5,0.004555308,7.908454E-4,1.990441E-5,2.078394E-6,0.006511642,1.371587E-6,0.03040721,0.00152538,1.514019E-4,0.001056604,0.03734309,0.009097443,1.977248E-6,5.737408E-6,4.453731E-5,6.407523E-6,3.029883E-6,10.55544,9.228278E-5,665367.5,665367.5
2.0E-4,15.7522,4.32786E7,1394.708,1394.708,0.001449687,1.0,0.8950957,0.009982358,1.194162E-4,0.007298177,0.001317595,4.729791E-5,5.268862E-6,0.01072504,5.520782E-6,0.0323812,0.001275937,2.649757E-4,0.001711153,0.03409085,0.005245853,5.569859E-6,1.515726E-5,8.413248E-5,1.791666E-5,9.694988E-6,10.53257,9.203077E-5,663926.1,663926.1
3.0E-4,15.78228,3.573695E7,1395.529,1395.529,0.001449687,1.0,0.8905667,0.01244545,1.342705E-4,0.009169703,0.001706341,7.070256E-5,8.68511E-6,0.01375534,1.152605E-5,0.03343194,0.001049492,3.276123E-4,0.002163333,0.03163065,0.003071822,9.222428E-6,2.478256E-5,1.162107E-4,2.953357E-5,1.770025E-5,10.51869,9.185537E-5,663050.7,663050.7
4.0E-4,15.80313,2.513449E7,1396.152,1396.152,0.001449687,1.0,0.8873986,0.01408988,1.413919E-4,0.01052842,0.002007211,8.913556E-5,1.198381E-5,0.01604615,1.850298E-5,0.03393166,8.679688E-4,3.626395E-4,0.002491845,0.02970965,0.001818688,1.250379E-5,3.367809E-5,1.42389E-4,3.995427E-5,2.589519E-5,10.5095,9.173419E-5,662471.7,662471.7
4.732676E-4,15.81428,1.808028E7,1396.476,1396.476,0.001449687,1.0,0.8856426,0.01495882,1.443353E-4,0.01131117,0.002189061,9.996894E-5,1.424962E-5,0.01740402,2.389341E-5,0.03408416,7.618571E-4,3.784959E-4,0.00268014,0.02854947,0.001247219,1.462054E-5,3.962318E-5,1.586783E-4,4.671105E-5,3.170706E-5,10.50452,9.16695E-5,662157.8,662157.9
5.0E-4,15.81768,1.577845E7,1396.568,1396.568,0.001449687,1.0,0.8850895,0.01522462,1.451325E-4,0.01156338,0.002249154,1.034549E-4,1.504153E-5,0.01784784,2.588629E-5,0.0341087,7.282828E-4,3.829323E-4,0.002740541,0.02816727,0.001088552,1.533516E-5,4.16767E-5,1.641264E-4,4.900276E-5,3.376577E-5,10.50296,9.164977E-5,662059.3,662059.3
5.074533E-4,15.81858,1.515738E7,1396.592,1396.592,0.001449687,1.0,0.8849424,0.0152946,1.453348E-4,0.01163096,0.002265388,1.043869E-4,1.525905E-5,0.01796731,2.644333E-5,0.03411311,7.193826E-4,3.840661E-4,0.002756698,0.02806417,0.001048206,1.552924E-5,4.223883E-5,1.656033E-4,4.962618E-5,3.43334E-5,10.50254,9.164459E-5,662033.1,662033.1
5.075417E-4,15.81859,1.511907E7,1396.592,1396.592,0.001449687,1.0,0.8849407,0.01529542,1.453371E-4,0.01163176,0.002265579,1.043979E-4,1.526162E-5,0.01796871,2.644994E-5,0.03411315,7.192783E-4,3.840793E-4,0.002756887,0.02806295,0.001047737,1.553153E-5,4.224547E-5,1.656208E-4,4.963353E-5,3.434011E-5,10.50254,9.164453E-5,662032.8,662032.8
5.079876E-4,15.81864,1.510435E7,1396.594,1396.594,0.001449687,1.0,0.884932,0.01529955,1.45349E-4,0.01163576,0.002266543,1.044531E-4,1.527458E-5,0.0179758,2.648328E-5,0.03411339,7.187522E-4,3.841458E-4,0.002757845,0.02805683,0.001045375,1.554307E-5,4.227895E-5,1.657085E-4,4.967061E-5,3.437398E-5,10.50251,9.164423E-5,662031.3,662031.3
5.087033E-4,15.81872,1.498439E7,1396.596,1396.596,0.001449687,1.0,0.884918,0.01530617,1.453679E-4,0.01164219,0.002268089,1.045416E-4,1.529539E-5,0.01798717,2.65368E-5,0.03411375,7.179091E-4,3.842522E-4,0.002759379,0.02804702,0.001041595,1.556157E-5,4.233267E-5,1.658493E-4,4.973008E-5,3.442832E-5,10.50248,9.164374E-5,662028.8,662028.8
5.087311E-4,15.81873,1.503561E7,1396.596,1396.596,0.001449687,1.0,0.8849175,0.01530643,1.453687E-4,0.01164244,0.002268149,1.04545E-4,1.529619E-5,0.01798761,2.653888E-5,0.03411376,7.178764E-4,3.842563E-4,0.002759439,0.02804664,0.001041448,1.556229E-5,4.233476E-5,1.658548E-4,4.973239E-5,3.443043E-5,10.50247,9.164372E-5,662028.7,662028.7
5.090412E-4,15.81876,1.501568E7,1396.597,1396.597,0.001449687,1.0,0.8849115,0.01530929,1.453769E-4,0.01164522,0.002268819,1.045833E-4,1.53052E-5,0.01799253,2.656207E-5,0.03411392,7.175116E-4,3.843023E-4,0.002760103,0.02804239,0.001039815,1.55703E-5,4.235802E-5,1.659157E-4,4.975814E-5,3.445397E-5,10.50246,9.164351E-5,662027.6,662027.6
5.090709E-4,15.81877,1.502217E7,1396.597,1396.597,0.001449687,1.0,0.8849109,0.01530956,1.453777E-4,0.01164548,0.002268883,1.04587E-4,1.530606E-5,0.017993,2.656429E-5,0.03411393,7.174767E-4,3.843067E-4,0.002760166,0.02804198,0.001039659,1.557107E-5,4.236024E-5,1.659215E-4,4.97606E-5,3.445622E-5,10.50246,9.164349E-5,662027.5,662027.5
5.09462E-4,15.81881,1.499785E7,1396.598,1396.598,0.001449687,1.0,0.8849033,0.01531317,1.45388E-4,0.01164898,0.002269726,1.046352E-4,1.531742E-5,0.01799919,2.659353E-5,0.03411412,7.170173E-4,3.843645E-4,0.002761003,0.02803663,0.001037604,1.558117E-5,4.238956E-5,1.659983E-4,4.979305E-5,3.448589E-5,10.50243,9.164322E-5,662026.2,662026.2
5.120897E-4,15.81912,1.475403E7,1396.606,1396.606,0.001449687,1.0,0.8848524,0.01533728,1.454567E-4,0.01167243,0.002275377,1.049583E-4,1.539363E-5,0.01804072,2.679008E-5,0.03411535,7.139445E-4,3.847504E-4,0.002766605,0.02800076,0.001023905,1.564886E-5,4.258627E-5,1.665132E-4,5.001064E-5,3.468508E-5,10.50229,9.164144E-5,662017.1,662017.1
5.121918E-4,15.81913,1.476259E7,1396.607,1396.607,0.001449687,1.0,0.8848504,0.01533821,1.454593E-4,0.01167334,0.002275596,1.049708E-4,1.539659E-5,0.01804233,2.679771E-5,0.03411539,7.138255E-4,3.847653E-4,0.002766822,0.02799937,0.001023376,1.565148E-5,4.25939E-5,1.665331E-4,5.001908E-5,3.469281E-5,10.50228,9.164137E-5,662016.8,662016.8
5.131256E-4,15.81924,1.468681E7,1396.61,1396.61,0.001449687,1.0,0.8848324,0.01534673,1.454835E-4,0.01168164,0.002277598,1.050851E-4,1.542363E-5,0.01805703,2.686758E-5,0.0341158,7.127396E-4,3.849011E-4,0.002768804,0.02798667,0.001018556,1.567547E-5,4.266367E-5,1.667155E-4,5.00962E-5,3.476351E-5,10.50223,9.164074E-5,662013.6,662013.6
5.134335E-4,15.81928,1.425637E7,1396.61,1396.61,0.001449687,1.0,0.8848265,0.01534953,1.454915E-4,0.01168437,0.002278257,1.051227E-4,1.543254E-5,0.01806187,2.689061E-5,0.03411593,7.123822E-4,3.849458E-4,0.002769456,0.02798248,0.001016972,1.568337E-5,4.268665E-5,1.667756E-4,5.01216E-5,3.47868E-5,10.50222,9.164053E-5,662012.5,662012.5
5.134486E-4,15.81928,1.458534E7,1396.61,1396.61,0.001449687,1.0,0.8848262,0.01534967,1.454918E-4,0.01168451,0.002278289,1.051246E-4,1.543298E-5,0.01806211,2.689174E-5,0.03411593,7.123647E-4,3.84948E-4,0.002769488,0.02798228,0.001016895,1.568376E-5,4.268778E-5,1.667786E-4,5.012285E-5,3.478795E-5,10.50222,9.164052E-5,662012.5,662012.5
5.134779E-4,15.81928,1.459783E7,1396.611,1396.611,0.001449687,1.0,0.8848257,0.01534993,1.454926E-4,0.01168477,0.002278352,1.051281E-4,1.543383E-5,0.01806257,2.689393E-5,0.03411595,7.123306E-4,3.849522E-4,0.002769551,0.02798188,0.001016744,1.568451E-5,4.268997E-5,1.667843E-4,5.012527E-5,3.479017E-5,10.50221,9.16405E-5,662012.4,662012.4
5.150844E-4,15.81947,1.455148E7,1396.615,1396.615,0.001449687,1.0,0.8847949,0.0153645,1.455338E-4,0.01169899,0.002281785,1.05324E-4,1.548028E-5,0.01808778,2.701413E-5,0.03411659,7.10472E-4,3.85184E-4,0.002772947,0.0279601,0.001008527,1.572567E-5,4.280977E-5,1.670972E-4,5.025762E-5,3.491165E-5,10.50213,9.163943E-5,662006.9,662006.9
5.226036E-4,15.82032,1.39339E7,1396.637,1396.637,0.001449687,1.0,0.8846523,0.01543172,1.457224E-4,0.0117649,0.002297728,1.062307E-4,1.569683E-5,0.01820473,2.757698E-5,0.03411906,7.018906E-4,3.862451E-4,0.002788679,0.02785898,9.709701E-4,1.591703E-5,4.336792E-5,1.685517E-4,5.087318E-5,3.547854E-5,10.50172,9.163447E-5,661981.4,661981.5
5.231418E-4,15.82038,1.386028E7,1396.639,1396.639,0.001449687,1.0,0.8846423,0.01543647,1.457356E-4,0.01176957,0.002298862,1.06295E-4,1.571228E-5,0.01821303,2.761728E-5,0.0341192,7.012837E-4,3.863196E-4,0.002789794,0.0278518,9.683392E-4,1.593064E-5,4.34077E-5,1.686552E-4,5.091699E-5,3.5519E-5,10.5017,9.163411E-5,661979.7,661979.7
5.231588E-4,15.82039,1.386492E7,1396.639,1396.639,0.001449687,1.0,0.8846419,0.01543662,1.45736E-4,0.01176972,0.002298897,1.062971E-4,1.571277E-5,0.0182133,2.761856E-5,0.03411921,7.012645E-4,3.863219E-4,0.002789829,0.02785157,9.682561E-4,1.593108E-5,4.340896E-5,1.686585E-4,5.091837E-5,3.552028E-5,10.50169,9.16341E-5,661979.6,661979.6
5.233494E-4,15.82041,1.3888E7,1396.64,1396.64,0.001449687,1.0,0.8846384,0.0154383,1.457407E-4,0.01177138,0.002299298,1.063198E-4,1.571824E-5,0.01821623,2.763282E-5,0.03411925,7.010498E-4,3.863482E-4,0.002790224,0.02784903,9.673265E-4,1.593589E-5,4.342304E-5,1.686951E-4,5.093388E-5,3.55346E-5,10.50168,9.163398E-5,661979.0,661979.0
5.234431E-4,15.82042,1.386287E7,1396.64,1396.64,0.001449687,1.0,0.8846366,0.01543913,1.45743E-4,0.01177219,0.002299495,1.06331E-4,1.572092E-5,0.01821768,2.763984E-5,0.03411928,7.009443E-4,3.863612E-4,0.002790418,0.02784778,9.668696E-4,1.593826E-5,4.342996E-5,1.687131E-4,5.09415E-5,3.554165E-5,10.50168,9.163392E-5,661978.6,661978.7
5.24481E-4,15.82053,1.381188E7,1396.643,1396.643,0.001449687,1.0,0.8846172,0.01544825,1.457683E-4,0.01178118,0.002301676,1.064546E-4,1.575068E-5,0.01823366,2.771757E-5,0.03411953,6.997784E-4,3.865039E-4,0.002792563,0.02783395,9.618291E-4,1.596447E-5,4.350658E-5,1.689122E-4,5.102584E-5,3.561962E-5,10.50162,9.163325E-5,661975.2,661975.2
6.0E-4,15.82799,8553256.0,1396.814,1396.814,0.001449687,1.0,0.8833322,0.01604009,1.4731E-4,0.01238595,0.00245076,1.146949E-4,1.784678E-5,0.01931776,3.338137E-5,0.03409676,6.242549E-4,3.952009E-4,0.002936242,0.02689272,6.602171E-4,1.776942E-5,4.887353E-5,1.826076E-4,5.685286E-5,4.11475E-5,10.49797,9.15901E-5,661744.8,661744.9
7.0E-4,15.83545,3357881.0,1396.934,1396.934,0.001449687,1.0,0.881933,0.0166552,1.487352E-4,0.01306598,0.002624541,1.237104E-4,2.043699E-5,0.02056018,4.087516E-5,0.03397417,5.490105E-4,4.029664E-4,0.003096121,0.02580763,4.07576E-4,1.9901E-5,5.544071E-5,1.987576E-4,6.375948E-5,4.805241E-5,10.49392,9.154695E-5,661489.5,661489.6
8.0E-4,15.84102,-171191.4,1396.964,1396.964,0.001449687,1.0,0.8807678,0.01714449,1.497988E-4,0.01364891,0.002779068,1.311396E-4,2.286478E-5,0.02164588,4.835946E-5,0.03378685,4.959221E-4,4.081005E-4,0.003231404,0.0248565,2.57846E-4,2.182628E-5,6.155417E-5,2.13278E-4,6.996343E-5,5.456781E-5,10.49045,9.151473E-5,661271.0,661271.1
9.0E-4,15.84537,-2423070.0,1396.935,1396.935,0.001449687,1.0,0.8797569,0.01755471,1.507061E-4,0.01416461,0.002920192,1.374345E-4,2.5181E-5,0.02262292,5.587555E-5,0.03356185,4.59145E-4,4.116171E-4,0.00334946,0.02400061,1.686668E-4,2.36267E-5,6.736436E-5,2.266847E-4,7.566024E-5,6.07991E-5,10.48736,9.148964E-5,661076.2,661076.2
0.001,15.84893,-3739185.0,1396.871,1396.871,0.001449687,1.0,0.8788494,0.01791507,1.515723E-4,0.01463265,0.003051848,1.429039E-4,2.742746E-5,0.02352357,6.347948E-5,0.03331521,4.338836E-4,4.140768E-4,0.003455088,0.02321354,1.15275E-4,2.536331E-5,7.298763E-5,2.393441E-4,8.099527E-5,6.684143E-5,10.48452,9.146909E-5,660897.1,660897.1
0.0011,15.852,-4399583.0,1396.786,1396.786,0.001449687,1.0,0.878013,0.01824373,1.524648E-4,0.01506579,0.003176637,1.477535E-4,2.963526E-5,0.02436913,7.122354E-5,0.03305655,4.164487E-4,4.157987E-4,0.003551391,0.02247767,8.309857E-5,2.707757E-5,7.85076E-5,2.515085E-4,8.606994E-5,7.276899E-5,10.48186,9.145138E-5,660729.1,660729.1
0.0012,15.85477,-4621010.0,1396.692,1396.692,0.001449687,1.0,0.8772271,0.0185519,1.534221E-4,0.0154722,0.003296249,1.521178E-4,3.182578E-5,0.02517345,7.91489E-5,0.0327917,4.041699E-4,4.169696E-4,0.003640356,0.02178146,6.353898E-5,2.879494E-5,8.398076E-5,2.633458E-4,9.095141E-5,7.863428E-5,10.47932,9.143538E-5,660569.3,660569.3
0.0013,15.85737,-4560434.0,1396.598,1396.598,0.001449687,1.0,0.876479,0.01884649,1.544647E-4,0.01585715,0.003411773,1.56084E-4,3.401277E-5,0.02594543,8.728446E-5,0.03252415,3.952099E-4,4.177028E-4,0.003723265,0.02111739,5.150368E-5,3.052938E-5,8.944329E-5,2.74965E-4,9.568228E-5,8.447168E-5,10.47689,9.142039E-5,660416.1,660416.2
0.0014,15.85988,-4329668.0,1396.506,1396.506,0.001449687,1.0,0.8757607,0.01913172,1.556015E-4,0.01622405,0.003523911,1.597093E-4,3.62045E-5,0.0266908,9.564851E-5,0.03225601,3.883548E-4,4.180703E-4,0.003800952,0.02048058,4.396642E-5,3.228731E-5,9.491711E-5,2.86436E-4,1.002886E-4,9.030216E-5,10.47455,9.140595E-5,660268.4,660268.5
0.0015,15.86233,-3997748.0,1396.42,1396.42,0.001449687,1.0,0.875067,0.01941018,1.568344E-4,0.01657514,0.003633125,1.630323E-4,3.840555E-5,0.02741331,1.042512E-4,0.03198852,3.828274E-4,4.181206E-4,0.003873982,0.01986775,3.912675E-5,3.407061E-5,1.004147E-4,2.978026E-4,1.04786E-4,9.61375E-5,10.47228,9.139179E-5,660125.5,660125.6
0.0016,15.86477,-3612092.0,1396.342,1396.342,0.001449687,1.0,0.8743946,0.01968348,1.581604E-4,0.01691196,0.003739725,1.660798E-4,4.061807E-5,0.02811545,1.130969E-4,0.0317224,3.781404E-4,4.178878E-4,0.003942752,0.01927665,3.591064E-5,3.587868E-5,1.059423E-4,3.090924E-4,1.091833E-4,1.019835E-4,10.47008,9.137773E-5,659987.0,659987.0
0.0017,15.86721,-3209474.0,1396.271,1396.271,0.001449687,1.0,0.8737412,0.01995262,1.595743E-4,0.01723562,0.003843931,1.688721E-4,4.284275E-5,0.02879897,1.221859E-4,0.03145807,3.739925E-4,4.173981E-4,0.004007558,0.01870567,3.367709E-5,3.77097E-5,1.115027E-4,3.203227E-4,1.134857E-4,1.078421E-4,10.46795,9.13637E-5,659852.4,659852.4
0.001703377,15.86729,-3221247.0,1396.269,1396.269,0.001449687,1.0,0.8737195,0.01996164,1.596235E-4,0.01724633,0.00384741,1.689622E-4,4.291808E-5,0.02882174,1.224971E-4,0.03144918,3.738591E-4,4.173774E-4,0.00400968,0.01868672,3.361374E-5,3.77719E-5,1.11691E-4,3.20701E-4,1.136294E-4,1.080401E-4,10.46788,9.136322E-5,659848.0,659848.0
0.001704921,15.86733,-3182059.0,1396.268,1396.268,0.001449687,1.0,0.8737095,0.01996577,1.59646E-4,0.01725122,0.003849,1.690032E-4,4.295253E-5,0.02883214,1.226394E-4,0.03144511,3.737982E-4,4.173678E-4,0.004010649,0.01867807,3.358499E-5,3.780035E-5,1.117771E-4,3.20874E-4,1.13695E-4,1.081307E-4,10.46785,9.136301E-5,659845.9,659845.9
0.00170613,15.86736,-3178938.0,1396.267,1396.267,0.001449687,1.0,0.8737018,0.019969,1.596637E-4,0.01725506,0.003850245,1.690354E-4,4.297952E-5,0.02884029,1.22751E-4,0.03144193,3.737505E-4,4.173602E-4,0.004011407,0.01867129,3.356257E-5,3.782264E-5,1.118446E-4,3.210095E-4,1.137464E-4,1.082016E-4,10.46782,9.136284E-5,659844.3,659844.3
0.00170615,15.86736,-3233897.0,1396.267,1396.267,0.001449687,1.0,0.8737016,0.01996905,1.59664E-4,0.01725512,0.003850265,1.690359E-4,4.297996E-5,0.02884042,1.227528E-4,0.03144188,3.737497E-4,4.173601E-4,0.004011419,0.01867118,3.356221E-5,3.7823E-5,1.118457E-4,3.210117E-4,1.137473E-4,1.082028E-4,10.46782,9.136283E-5,659844.3,659844.3
0.001706293,15.86736,-3246908.0,1396.267,1396.267,0.001449687,1.0,0.8737007,0.01996943,1.596661E-4,0.01725557,0.003850412,1.690397E-4,4.298315E-5,0.02884139,1.22766E-4,0.0314415,3.73744E-4,4.173592E-4,0.004011509,0.01867038,3.355956E-5,3.782564E-5,1.118537E-4,3.210277E-4,1.137533E-4,1.082112E-4,10.46782,9.136281E-5,659844.1,659844.1
0.001706321,15.86736,-3190303.0,1396.267,1396.267,0.001449687,1.0,0.8737005,0.01996951,1.596665E-4,0.01725566,0.003850441,1.690404E-4,4.298379E-5,0.02884158,1.227686E-4,0.03144143,3.737429E-4,4.173591E-4,0.004011527,0.01867022,3.355903E-5,3.782616E-5,1.118553E-4,3.210309E-4,1.137546E-4,1.082128E-4,10.46782,9.136281E-5,659844.1,659844.1
0.001706992,15.86738,-3209897.0,1396.267,1396.267,0.001449687,1.0,0.8736962,0.0199713,1.596763E-4,0.01725778,0.003851132,1.690582E-4,4.299875E-5,0.0288461,1.228305E-4,0.03143966,3.737163E-4,4.173549E-4,0.004011947,0.01866646,3.354664E-5,3.783852E-5,1.118927E-4,3.21106E-4,1.137831E-4,1.082522E-4,10.4678,9.136272E-5,659843.2,659843.2
0.001707348,15.86739,-3302226.0,1396.267,1396.267,0.001449687,1.0,0.8736939,0.01997225,1.596815E-4,0.01725891,0.003851498,1.690677E-4,4.300669E-5,0.02884849,1.228633E-4,0.03143873,3.737022E-4,4.173526E-4,0.00401217,0.01866447,3.354008E-5,3.784508E-5,1.119125E-4,3.211459E-4,1.137982E-4,1.08273E-4,10.46779,9.136267E-5,659842.7,659842.7
0.00170737,15.86739,-3186443.0,1396.266,1396.266,0.001449687,1.0,0.8736938,0.01997231,1.596818E-4,0.01725898,0.00385152,1.690683E-4,4.300717E-5,0.02884864,1.228653E-4,0.03143867,3.737013E-4,4.173525E-4,0.004012183,0.01866435,3.353968E-5,3.784548E-5,1.119137E-4,3.211483E-4,1.137991E-4,1.082743E-4,10.46779,9.136266E-5,659842.7,659842.7
0.001708039,15.86741,-3215213.0,1396.266,1396.266,0.001449687,1.0,0.8736895,0.0199741,1.596916E-4,0.0172611,0.003852209,1.69086E-4,4.302212E-5,0.02885315,1.229271E-4,0.03143691,3.736748E-4,4.173483E-4,0.004012603,0.0186606,3.352734E-5,3.785783E-5,1.119511E-4,3.212233E-4,1.138276E-4,1.083136E-4,10.46778,9.136257E-5,659841.8,659841.8
0.001708398,15.86741,-3289968.0,1396.266,1396.266,0.001449687,1.0,0.8736872,0.01997505,1.596969E-4,0.01726223,0.003852578,1.690955E-4,4.303012E-5,0.02885556,1.229602E-4,0.03143596,3.736605E-4,4.17346E-4,0.004012827,0.01865859,3.352075E-5,3.786444E-5,1.119711E-4,3.212635E-4,1.138428E-4,1.083346E-4,10.46777,9.136252E-5,659841.3,659841.4
0.001708414,15.86741,-3222964.0,1396.266,1396.266,0.001449687,1.0,0.8736871,0.0199751,1.596971E-4,0.01726229,0.003852595,1.69096E-4,4.303048E-5,0.02885567,1.229617E-4,0.03143592,3.736599E-4,4.173459E-4,0.004012837,0.0186585,3.352045E-5,3.786473E-5,1.11972E-4,3.212653E-4,1.138435E-4,1.083356E-4,10.46777,9.136252E-5,659841.3,659841.3
0.001711506,15.86749,-3151174.0,1396.264,1396.264,0.001449687,1.0,0.8736672,0.01998335,1.597424E-4,0.01727206,0.003855774,1.691778E-4,4.309949E-5,0.02887648,1.232472E-4,0.03142778,3.735388E-4,4.173263E-4,0.004014771,0.0186412,3.346395E-5,3.792174E-5,1.121446E-4,3.216116E-4,1.139748E-4,1.085169E-4,10.46771,9.136208E-5,659837.2,659837.3
0.0018,15.86966,-2781931.0,1396.21,1396.21,0.001449687,1.0,0.8731054,0.02021823,1.610692E-4,0.01754695,0.003945904,1.714257E-4,4.507939E-5,0.02946514,1.315159E-4,0.03119574,3.701998E-4,4.166725E-4,0.004068633,0.01815355,3.204164E-5,3.956138E-5,1.170961E-4,3.315045E-4,1.176961E-4,1.137132E-4,10.46587,9.134962E-5,659721.6,659721.7
0.0019,15.87211,-2365660.0,1396.157,1396.157,0.001449687,1.0,0.8724858,0.02048072,1.626376E-4,0.01784661,0.00404577,1.737535E-4,4.732724E-5,0.03011494,1.410825E-4,0.03093554,3.666451E-4,4.157287E-4,0.004126172,0.0176193,3.077349E-5,4.143129E-5,1.227215E-4,3.426446E-4,1.218161E-4,1.195952E-4,10.46385,9.133547E-5,659594.4,659594.4
0.002,15.87459,-1957682.0,1396.112,1396.112,0.001449687,1.0,0.8718817,0.02074037,1.642717E-4,0.01813517,0.004143634,1.758677E-4,4.958532E-5,0.03074917,1.508805E-4,0.03067751,3.63261E-4,4.14582E-4,0.004180341,0.01710209,2.973422E-5,4.331711E-5,1.283773E-4,3.537473E-4,1.258467E-4,1.254862E-4,10.46189,9.132123E-5,659470.5,659470.6
0.0021,15.87708,-1561393.0,1396.076,1396.076,0.001449687,1.0,0.8712923,0.02099738,1.659641E-4,0.0184131,0.004239584,1.777795E-4,5.185254E-5,0.03136851,1.609038E-4,0.03042164,3.600036E-4,4.132464E-4,0.00423129,0.01660118,2.884044E-5,4.521665E-5,1.340614E-4,3.648156E-4,1.297888E-4,1.313834E-4,10.45998,9.13069E-5,659349.9,659349.9
0.0022,15.87959,-1178486.0,1396.048,1396.048,0.001449687,1.0,0.870717,0.02125189,1.677074E-4,0.01868084,0.0043337,1.794993E-4,5.412776E-5,0.03197355,1.71146E-4,0.03016793,3.568458E-4,4.117344E-4,0.004279157,0.01611589,2.804189E-5,4.71279E-5,1.397717E-4,3.758512E-4,1.33643E-4,1.372845E-4,10.45811,9.129247E-5,659232.4,659232.4
0.0023,15.88212,-809636.3,1396.027,1396.027,0.001449687,1.0,0.8701551,0.02150402,1.694946E-4,0.01893879,0.004426053,1.81037E-4,5.640986E-5,0.03256482,1.816002E-4,0.02991635,3.537701E-4,4.100576E-4,0.004324069,0.01564563,2.730802E-5,4.904902E-5,1.455061E-4,3.868551E-4,1.374099E-4,1.431868E-4,10.45629,9.127795E-5,659117.9,659117.9
0.0024,15.88466,-454883.6,1396.014,1396.014,0.001449687,1.0,0.8696063,0.02175385,1.713192E-4,0.01918732,0.00451671,1.824023E-4,5.869778E-5,0.03314283,1.922597E-4,0.02966685,3.507653E-4,4.082269E-4,0.004366144,0.01518983,2.662022E-5,5.09783E-5,1.512624E-4,3.978281E-4,1.410904E-4,1.490879E-4,10.45452,9.126333E-5,659006.2,659006.2
0.0025,15.88722,-113875.7,1396.008,1396.008,0.001449687,1.0,0.8690699,0.02200148,1.731748E-4,0.01942677,0.004605733,1.836044E-4,6.099053E-5,0.03370804,2.031176E-4,0.0294194,3.47824E-4,4.062524E-4,0.004405494,0.01474796,2.59671E-5,5.291421E-5,1.570387E-4,4.087704E-4,1.446853E-4,1.549856E-4,10.4528,9.124863E-5,658897.3,658897.3
0.0026,15.88979,213962.2,1396.009,1396.009,0.001449687,1.0,0.8685457,0.02224696,1.750558E-4,0.01965747,0.004693181,1.846523E-4,6.32872E-5,0.03426088,2.14167E-4,0.02917396,3.449412E-4,4.041434E-4,0.004442226,0.01431951,2.53416E-5,5.485532E-5,1.628332E-4,4.196822E-4,1.481955E-4,1.608777E-4,10.45111,9.123385E-5,658791.0,658791.1
0.0027,15.89238,529374.1,1396.017,1396.017,0.001449687,1.0,0.868033,0.02249038,1.769567E-4,0.01987974,0.004779108,1.855544E-4,6.558697E-5,0.03480177,2.254012E-4,0.02893049,3.421133E-4,4.019087E-4,0.004476441,0.01390401,2.473927E-5,5.680032E-5,1.686442E-4,4.305636E-4,1.516221E-4,1.667624E-4,10.44946,9.121899E-5,658687.3,658687.4
0.0028,15.89498,833178.0,1396.031,1396.031,0.001449687,1.0,0.8675317,0.0227318,1.788726E-4,0.02009386,0.004863569,1.863191E-4,6.788909E-5,0.03533109,2.368137E-4,0.02868893,3.39338E-4,3.995568E-4,0.004508235,0.01350099,2.415724E-5,5.874802E-5,1.744703E-4,4.414142E-4,1.549661E-4,1.72638E-4,10.44786,9.120406E-5,658586.1,658586.2
0.0029,15.8976,1126213.0,1396.051,1396.051,0.001449687,1.0,0.8670411,0.02297127,1.807989E-4,0.02030012,0.004946614,1.869544E-4,7.019289E-5,0.03584924,2.48398E-4,0.02844925,3.366132E-4,3.970953E-4,0.0045377,0.01311002,2.359364E-5,6.069732E-5,1.803099E-4,4.522341E-4,1.582288E-4,1.785031E-4,10.44629,9.118906E-5,658487.3,658487.5
0.003,15.90022,1409346.0,1396.077,1396.077,0.001449687,1.0,0.8665611,0.02320886,1.827313E-4,0.02049878,0.005028292,1.874681E-4,7.249782E-5,0.03635657,2.601479E-4,0.0282114,3.339374E-4,3.945315E-4,0.004564923,0.01273068,2.304719E-5,6.26472E-5,1.861621E-4,4.63023E-4,1.614115E-4,1.843565E-4,10.44476,9.1174E-5,658390.8,658391.0
0.0031,15.90286,1683364.0,1396.108,1396.108,0.001449687,1.0,0.8660913,0.02344463,1.84666E-4,0.02069011,0.005108648,1.878674E-4,7.480335E-5,0.03685344,2.720573E-4,0.02797535,3.313093E-4,3.918725E-4,0.004589989,0.01236257,2.251694E-5,6.459675E-5,1.920256E-4,4.737806E-4,1.645155E-4,1.901973E-4,10.44326,9.115888E-5,658296.5,658296.9
0.0032,15.90551,1949009.0,1396.145,1396.145,0.001449687,1.0,0.8656312,0.02367864,1.865992E-4,0.02087435,0.005187727,1.881596E-4,7.710906E-5,0.03734016,2.841204E-4,0.02774104,3.287274E-4,3.891245E-4,0.004612976,0.01200531,2.200215E-5,6.65451E-5,1.978996E-4,4.845067E-4,1.675422E-4,1.960247E-4,10.4418,9.11437E-5,658204.3,658204.9
0.0033,15.90817,2206848.0,1396.187,1396.187,0.001449687,1.0,0.8651806,0.02391095,1.885278E-4,0.02105173,0.005265572,1.883513E-4,7.941458E-5,0.03781707,2.963315E-4,0.02750843,3.261902E-4,3.862938E-4,0.004633961,0.01165853,2.150222E-5,6.849147E-5,2.037833E-4,4.952008E-4,1.704929E-4,2.018381E-4,10.44037,9.112847E-5,658114.3,658115.1
0.0034,15.91084,2457209.0,1396.234,1396.234,0.001449687,1.0,0.8647391,0.0241416,1.904485E-4,0.02122248,0.005342224,1.88449E-4,8.171959E-5,0.03828448,3.086851E-4,0.0272775,3.236958E-4,3.833861E-4,0.004653018,0.01132188,2.101661E-5,7.043511E-5,2.096759E-4,5.058628E-4,1.733691E-4,2.07637E-4,10.43897,9.111318E-5,658026.2,658027.4
0.003469963,15.91271,2594077.0,1396.27,1396.27,0.001449687,1.0,0.8644356,0.02430201,1.917862E-4,0.02133812,0.005395162,1.884649E-4,8.33318E-5,0.03860599,3.174099E-4,0.0271169,3.219744E-4,3.813089E-4,0.004665241,0.01109219,2.068509E-5,7.179293E-5,2.138034E-4,5.133028E-4,1.753379E-4,2.116853E-4,10.438,9.110246E-5,657965.8,657967.2
0.003486759,15.91316,2648636.0,1396.278,1396.278,0.001449687,1.0,0.8643635,0.02434035,1.92106E-4,0.02136541,0.005407783,1.884622E-4,8.371858E-5,0.03868247,3.195137E-4,0.02707853,3.215244E-4,3.808056E-4,0.004668041,0.01103779,2.060571E-5,7.211822E-5,2.147943E-4,5.150861E-4,1.758052E-4,2.12655E-4,10.43778,9.10999E-5,657951.4,657952.9
0.0034879,15.91319,2644919.0,1396.279,1396.279,0.001449687,1.0,0.8643586,0.02434296,1.921277E-4,0.02136726,0.00540864,1.884619E-4,8.374487E-5,0.03868766,3.196569E-4,0.02707593,3.214956E-4,3.807713E-4,0.00466823,0.0110341,2.060034E-5,7.214033E-5,2.148617E-4,5.152073E-4,1.758369E-4,2.127209E-4,10.43776,9.109972E-5,657950.5,657951.9
0.003488405,15.9132,2621768.0,1396.279,1396.279,0.001449687,1.0,0.8643564,0.02434411,1.921373E-4,0.02136807,0.005409018,1.884618E-4,8.375649E-5,0.03868995,3.197201E-4,0.02707477,3.214826E-4,3.807562E-4,0.004668313,0.01103247,2.059797E-5,7.21501E-5,2.148914E-4,5.152608E-4,1.758509E-4,2.1275E-4,10.43775,9.109965E-5,657950.0,657951.5
0.003490341,15.91325,2584958.0,1396.28,1396.28,0.001449687,1.0,0.8643481,0.02434853,1.921741E-4,0.02137121,0.005410471,1.884614E-4,8.380107E-5,0.03869875,3.199628E-4,0.02707036,3.214308E-4,3.80698E-4,0.004668632,0.01102622,2.058885E-5,7.218758E-5,2.150057E-4,5.154663E-4,1.759046E-4,2.128617E-4,10.43773,9.109935E-5,657948.4,657949.8
0.003490424,15.91325,2568958.0,1396.28,1396.28,0.001449687,1.0,0.8643478,0.02434872,1.921757E-4,0.02137134,0.005410533,1.884613E-4,8.380299E-5,0.03869913,3.199733E-4,0.02707017,3.214286E-4,3.806955E-4,0.004668646,0.01102595,2.058846E-5,7.218919E-5,2.150106E-4,5.154751E-4,1.759069E-4,2.128665E-4,10.43773,9.109934E-5,657948.3,657949.8
0.003490587,15.91326,2616246.0,1396.281,1396.281,0.001449687,1.0,0.8643471,0.02434909,1.921788E-4,0.02137161,0.005410655,1.884613E-4,8.380673E-5,0.03869986,3.199937E-4,0.02706979,3.214241E-4,3.806906E-4,0.004668672,0.01102543,2.058769E-5,7.219234E-5,2.150202E-4,5.154924E-4,1.759114E-4,2.128759E-4,10.43773,9.109931E-5,657948.2,657949.6
0.003490687,15.91326,2603257.0,1396.281,1396.281,0.001449687,1.0,0.8643466,0.02434932,1.921807E-4,0.02137177,0.005410731,1.884613E-4,8.380905E-5,0.03870032,3.200063E-4,0.02706956,3.214213E-4,3.806876E-4,0.004668689,0.0110251,2.058721E-5,7.219429E-5,2.150261E-4,5.155031E-4,1.759142E-4,2.128817E-4,10.43772,9.10993E-5,657948.1,657949.5
0.0035,15.91351,2609756.0,1396.286,1396.286,0.001449687,1.0,0.8643069,0.02437053,1.923576E-4,0.02138679,0.005417709,1.884583E-4,8.402341E-5,0.03874257,3.211746E-4,0.02704834,3.211606E-4,3.804076E-4,0.004670212,0.0109951,2.054308E-5,7.23744E-5,2.155754E-4,5.16491E-4,1.761722E-4,2.134185E-4,10.4376,9.109788E-5,657940.2,657941.6
0.003505995,15.91367,2623949.0,1396.289,1396.289,0.001449687,1.0,0.8642813,0.02438417,1.924713E-4,0.02139643,0.005422196,1.88456E-4,8.416137E-5,0.03876972,3.219271E-4,0.02703469,3.209899E-4,3.802271E-4,0.004671184,0.01097584,2.051461E-5,7.249025E-5,2.159289E-4,5.171267E-4,1.763379E-4,2.137637E-4,10.43752,9.109696E-5,657935.1,657936.5
0.003506524,15.91368,2626475.0,1396.289,1396.289,0.001449687,1.0,0.8642791,0.02438537,1.924813E-4,0.02139728,0.005422592,1.884558E-4,8.417353E-5,0.03877211,3.219935E-4,0.02703349,3.20975E-4,3.802111E-4,0.00467127,0.01097414,2.05121E-5,7.250047E-5,2.159601E-4,5.171828E-4,1.763525E-4,2.137941E-4,10.43751,9.109688E-5,657934.7,657936.1
0.003507118,15.9137,2632193.0,1396.289,1396.289,0.001449687,1.0,0.8642765,0.02438672,1.924926E-4,0.02139824,0.005423036,1.884555E-4,8.418721E-5,0.0387748,3.220681E-4,0.02703213,3.209582E-4,3.801932E-4,0.004671366,0.01097223,2.050928E-5,7.251195E-5,2.159951E-4,5.172458E-4,1.763689E-4,2.138283E-4,10.4375,9.109679E-5,657934.2,657935.6
0.003519571,15.91403,2656132.0,1396.296,1396.296,0.001449687,1.0,0.8642235,0.02441503,1.927286E-4,0.02141818,0.005432342,1.884496E-4,8.447372E-5,0.03883107,3.236325E-4,0.02700379,3.206165E-4,3.798174E-4,0.004673362,0.01093234,2.045035E-5,7.275251E-5,2.167296E-4,5.185655E-4,1.76712E-4,2.145447E-4,10.43734,9.109489E-5,657923.6,657925.0
0.003520299,15.91405,2655974.0,1396.297,1396.297,0.001449687,1.0,0.8642205,0.02441668,1.927424E-4,0.02141934,0.005432885,1.884492E-4,8.449046E-5,0.03883435,3.23724E-4,0.02700214,3.205964E-4,3.797954E-4,0.004673478,0.01093002,2.044691E-5,7.276656E-5,2.167725E-4,5.186426E-4,1.76732E-4,2.145866E-4,10.43733,9.109477E-5,657923.0,657924.4
0.003520692,15.91406,2664868.0,1396.297,1396.297,0.001449687,1.0,0.8642188,0.02441758,1.927498E-4,0.02141997,0.005433179,1.88449E-4,8.44995E-5,0.03883613,3.237734E-4,0.02700124,3.205857E-4,3.797835E-4,0.00467354,0.01092876,2.044505E-5,7.277416E-5,2.167957E-4,5.186842E-4,1.767428E-4,2.146092E-4,10.43732,9.109471E-5,657922.7,657924.0
0.003526262,15.91421,2680862.0,1396.3,1396.3,0.001449687,1.0,0.8641951,0.02443023,1.928553E-4,0.02142885,0.005437334,1.884458E-4,8.462763E-5,0.03886124,3.244738E-4,0.02698858,3.204364E-4,3.79615E-4,0.004674422,0.01091097,2.041877E-5,7.288171E-5,2.171241E-4,5.192742E-4,1.768958E-4,2.149294E-4,10.43725,9.109386E-5,657918.0,657919.3
0.003528039,15.91426,2686483.0,1396.301,1396.301,0.001449687,1.0,0.8641876,0.02443426,1.928889E-4,0.02143168,0.005438659,1.884448E-4,8.466851E-5,0.03886925,3.246973E-4,0.02698453,3.203894E-4,3.795612E-4,0.004674703,0.0109053,2.041039E-5,7.291602E-5,2.172289E-4,5.194624E-4,1.769445E-4,2.150315E-4,10.43722,9.109359E-5,657916.5,657917.8
0.003535921,15.91447,2723538.0,1396.305,1396.305,0.001449687,1.0,0.8641541,0.02445217,1.930381E-4,0.02144422,0.005444534,1.884398E-4,8.484983E-5,0.03890474,3.256892E-4,0.0269666,3.201869E-4,3.793222E-4,0.00467594,0.01088019,2.037339E-5,7.306824E-5,2.176939E-4,5.20297E-4,1.771606E-4,2.154845E-4,10.43712,9.109238E-5,657909.8,657911.2
0.003543461,15.91467,2712137.0,1396.31,1396.31,0.001449687,1.0,0.8641222,0.02446928,1.931807E-4,0.02145617,0.005450147,1.884347E-4,8.50233E-5,0.03893864,3.26639E-4,0.02694946,3.199923E-4,3.790933E-4,0.004677114,0.01085622,2.033807E-5,7.321383E-5,2.181388E-4,5.210953E-4,1.773668E-4,2.159179E-4,10.43702,9.109123E-5,657903.5,657904.8
0.003543996,15.91469,2707547.0,1396.31,1396.31,0.001449687,1.0,0.8641199,0.0244705,1.931908E-4,0.02145702,0.005450544,1.884343E-4,8.50356E-5,0.03894104,3.267063E-4,0.02694825,3.199782E-4,3.790771E-4,0.004677197,0.01085452,2.033556E-5,7.322415E-5,2.181703E-4,5.211519E-4,1.773814E-4,2.159486E-4,10.43701,9.109114E-5,657903.0,657904.3
0.003544246,15.91469,2712523.0,1396.31,1396.31,0.001449687,1.0,0.8641189,0.02447106,1.931955E-4,0.02145741,0.00545073,1.884341E-4,8.504134E-5,0.03894216,3.267378E-4,0.02694768,3.199716E-4,3.790695E-4,0.004677235,0.01085373,2.033439E-5,7.322896E-5,2.18185E-4,5.211783E-4,1.773883E-4,2.159629E-4,10.43701,9.109111E-5,657902.8,657904.1
0.003550686,15.91486,2731513.0,1396.314,1396.314,0.001449687,1.0,0.8640917,0.02448567,1.933172E-4,0.02146759,0.005455518,1.884292E-4,8.518947E-5,0.03897107,3.275496E-4,0.02693305,3.198041E-4,3.788737E-4,0.004678228,0.01083331,2.030422E-5,7.335325E-5,2.18565E-4,5.2186E-4,1.775641E-4,2.163329E-4,10.43692,9.109012E-5,657897.4,657898.7
0.0036,15.91619,2829361.0,1396.342,1396.342,0.001449687,1.0,0.8638843,0.02459729,1.942468E-4,0.02154467,0.005492029,1.883811E-4,8.632339E-5,0.03919116,3.337821E-4,0.02682123,3.185584E-4,3.773653E-4,0.004685592,0.01067822,2.007545E-5,7.430424E-5,2.214748E-4,5.270737E-4,1.789003E-4,2.191626E-4,10.43627,9.108256E-5,657856.1,657857.4
0.0037,15.91887,3028703.0,1396.403,1396.403,0.001449687,1.0,0.8634702,0.02482242,1.961183E-4,0.02169649,0.005565255,1.882269E-4,8.862114E-5,0.03963094,3.465106E-4,0.02659566,3.161035E-4,3.742619E-4,0.004699242,0.01037058,1.962217E-5,7.622858E-5,2.273788E-4,5.376181E-4,1.81557E-4,2.248846E-4,10.43496,9.106722E-5,657773.7,657774.9
0.0038,15.92155,3224090.0,1396.467,1396.467,0.001449687,1.0,0.8630643,0.02504595,1.979702E-4,0.02184244,0.005637421,1.88001E-4,9.09166E-5,0.04006217,3.593557E-4,0.0263717,3.136966E-4,3.711024E-4,0.004711226,0.0100719,1.91826E-5,7.814701E-5,2.332871E-4,5.481243E-4,1.841442E-4,2.305842E-4,10.43368,9.105185E-5,657693.1,657694.2
0.0039,15.92425,3412131.0,1396.536,1396.536,0.001449687,1.0,0.8626665,0.02526791,1.998003E-4,0.0219827,0.005708562,1.877087E-4,9.320961E-5,0.04048509,3.723123E-4,0.02614933,3.11323E-4,3.678912E-4,0.004721602,0.009781903,1.875585E-5,8.005879E-5,2.391991E-4,5.585918E-4,1.866633E-4,2.362609E-4,10.43243,9.103646E-5,657614.2,657615.2
0.004,15.92694,3592921.0,1396.608,1396.608,0.001449687,1.0,0.8622764,0.02548834,2.016066E-4,0.02211745,0.005778708,1.873546E-4,9.550002E-5,0.04089993,3.853754E-4,0.02592854,3.089795E-4,3.646327E-4,0.004730429,0.009500306,1.834117E-5,8.196326E-5,2.451143E-4,5.690196E-4,1.891156E-4,2.41914E-4,10.43121,9.102105E-5,657536.9,657537.9
0.0041,15.92964,3767729.0,1396.685,1396.685,0.001449687,1.0,0.8618939,0.02570727,2.033876E-4,0.02224686,0.005847889,1.869435E-4,9.778773E-5,0.04130693,3.985398E-4,0.0257093,3.066671E-4,3.613308E-4,0.004737762,0.00922685,1.793806E-5,8.385985E-5,2.510324E-4,5.794068E-4,1.915025E-4,2.475431E-4,10.43001,9.100562E-5,657461.3,657462.1
0.0042,15.93235,3938598.0,1396.764,1396.764,0.001449687,1.0,0.8615187,0.02592475,2.051415E-4,0.02237109,0.005916137,1.864798E-4,1.000727E-4,0.0417063,4.118011E-4,0.02549157,3.043885E-4,3.579892E-4,0.004743654,0.008961277,1.754622E-5,8.574819E-5,2.569529E-4,5.897529E-4,1.938255E-4,2.531483E-4,10.42883,9.099017E-5,657387.2,657388.0
0.0043,15.93505,4108272.0,1396.847,1396.847,0.001449687,1.0,0.8611506,0.02614082,2.068674E-4,0.02249031,0.00598348,1.859677E-4,1.02355E-4,0.04209828,4.251551E-4,0.02527531,3.021482E-4,3.546113E-4,0.004748157,0.00870333,1.716554E-5,8.762807E-5,2.628761E-4,6.000575E-4,1.96086E-4,2.587305E-4,10.42768,9.097472E-5,657314.6,657315.4
0.0044,15.93776,4279845.0,1396.933,1396.933,0.001449687,1.0,0.8607893,0.02635557,2.085644E-4,0.02260467,0.006049947,1.854115E-4,1.046349E-4,0.0424831,4.385984E-4,0.02506047,2.999515E-4,3.512002E-4,0.004751319,0.008452752,1.679604E-5,8.949948E-5,2.688021E-4,6.103206E-4,1.982855E-4,2.642912E-4,10.42655,9.095924E-5,657243.4,657244.4
0.0045,15.94048,4455603.0,1397.023,1397.023,0.001449687,1.0,0.8604345,0.02656907,2.102319E-4,0.02271434,0.006115567,1.848152E-4,1.069125E-4,0.042861,4.521279E-4,0.02484699,2.978029E-4,3.477589E-4,0.004753188,0.00820929,1.64378E-5,9.136256E-5,2.747314E-4,6.205424E-4,2.004254E-4,2.698329E-4,10.42544,9.094375E-5,657173.7,657174.9
0.0046,15.9432,4634583.0,1397.115,1397.115,0.001449687,1.0,0.8600859,0.0267814,2.118695E-4,0.02281946,0.006180365,1.841825E-4,1.091883E-4,0.0432322,4.657412E-4,0.02463482,2.957008E-4,3.4429E-4,0.004753809,0.0079727,1.609074E-5,9.321747E-5,2.806648E-4,6.307234E-4,2.025073E-4,2.753581E-4,10.42435,9.092824E-5,657105.3,657107.0
0.0047,15.94592,4807535.0,1397.21,1397.21,0.001449687,1.0,0.8597434,0.0269926,2.134767E-4,0.02292018,0.006244368,1.835168E-4,1.114625E-4,0.04359691,4.79435E-4,0.02442394,2.936277E-4,3.407963E-4,0.004753224,0.007742767,1.575416E-5,9.506393E-5,2.866024E-4,6.408634E-4,2.045326E-4,2.808684E-4,10.42328,9.091271E-5,657038.3,657040.6
0.0048,15.94865,4948347.0,1397.309,1397.309,0.001449687,1.0,0.859407,0.02720259,2.150514E-4,0.02301659,0.006307591,1.828205E-4,1.137347E-4,0.04395521,4.932037E-4,0.02421444,2.915337E-4,3.372812E-4,0.004751475,0.007519347,1.5426E-5,9.690037E-5,2.925428E-4,6.509604E-4,2.065024E-4,2.863602E-4,10.42223,9.089718E-5,656972.6,656975.6
0.0049,15.95137,5000171.0,1397.41,1397.41,0.001449687,1.0,0.8590773,0.02741103,2.165885E-4,0.02310875,0.006370043,1.820942E-4,1.160033E-4,0.04430703,5.070357E-4,0.02400661,2.89309E-4,3.337498E-4,0.004748606,0.007302432,1.510141E-5,9.872225E-5,2.98481E-4,6.610069E-4,2.084169E-4,2.918182E-4,10.42121,9.088168E-5,656908.4,656911.8
0.004948053,15.95267,4968125.0,1397.459,1397.459,0.001449687,1.0,0.8589217,0.02751041,2.173109E-4,0.0231515,0.006399777,1.817339E-4,1.170909E-4,0.04447366,5.136983E-4,0.02390751,2.881369E-4,3.320494E-4,0.004746843,0.00720057,1.494413E-5,9.958984E-5,3.013305E-4,6.658122E-4,2.093171E-4,2.944188E-4,10.42073,9.087428E-5,656878.0,656881.3
0.004949669,15.95271,4975889.0,1397.461,1397.461,0.001449687,1.0,0.8589165,0.02751374,2.17335E-4,0.02315293,0.006400774,1.817216E-4,1.171275E-4,0.04447923,5.139225E-4,0.02390418,2.880966E-4,3.319922E-4,0.004746779,0.007197172,1.493881E-5,9.96189E-5,3.014263E-4,6.659735E-4,2.093471E-4,2.945059E-4,10.42071,9.087403E-5,656877.0,656880.3
0.00495037,15.95273,4689422.0,1397.461,1397.461,0.001449687,1.0,0.8589142,0.02751519,2.173455E-4,0.02315354,0.006401207,1.817163E-4,1.171433E-4,0.04448165,5.140198E-4,0.02390274,2.880792E-4,3.319673E-4,0.004746752,0.007195697,1.49365E-5,9.963152E-5,3.014678E-4,6.660435E-4,2.093601E-4,2.945437E-4,10.42071,9.087392E-5,656876.6,656879.9
0.004950406,15.95273,4683119.0,1397.462,1397.462,0.001449687,1.0,0.8589141,0.02751526,2.17346E-4,0.02315357,0.006401229,1.81716E-4,1.171441E-4,0.04448178,5.140248E-4,0.02390267,2.880783E-4,3.319661E-4,0.00474675,0.007195621,1.493638E-5,9.963217E-5,3.0147E-4,6.660471E-4,2.093608E-4,2.945457E-4,10.42071,9.087392E-5,656876.6,656879.8
0.004950435,15.95273,4931642.0,1397.462,1397.462,0.001449687,1.0,0.858914,0.02751532,2.173464E-4,0.0231536,0.006401247,1.817158E-4,1.171448E-4,0.04448188,5.140288E-4,0.02390261,2.880776E-4,3.31965E-4,0.004746749,0.007195559,1.493629E-5,9.96327E-5,3.014717E-4,6.6605E-4,2.093613E-4,2.945473E-4,10.42071,9.087391E-5,656876.5,656879.8
0.004950527,15.95273,4938837.0,1397.462,1397.462,0.001449687,1.0,0.8589137,0.02751551,2.173478E-4,0.02315368,0.006401303,1.817151E-4,1.171469E-4,0.0444822,5.140416E-4,0.02390242,2.880753E-4,3.319618E-4,0.004746746,0.007195366,1.493599E-5,9.963435E-5,3.014771E-4,6.660592E-4,2.09363E-4,2.945522E-4,10.42071,9.08739E-5,656876.5,656879.8
0.004950573,15.95273,4962905.0,1397.462,1397.462,0.001449687,1.0,0.8589136,0.0275156,2.173485E-4,0.02315372,0.006401331,1.817148E-4,1.171479E-4,0.04448235,5.140479E-4,0.02390233,2.880742E-4,3.319602E-4,0.004746744,0.007195271,1.493584E-5,9.963516E-5,3.014798E-4,6.660637E-4,2.093639E-4,2.945546E-4,10.42071,9.087389E-5,656876.5,656879.7
0.00495247,15.95278,4981629.0,1397.464,1397.464,0.001449687,1.0,0.8589074,0.02751952,2.173767E-4,0.02315539,0.006402502,1.817004E-4,1.171908E-4,0.04448889,5.143111E-4,0.02389842,2.880277E-4,3.31893E-4,0.004746669,0.007191284,1.492961E-5,9.966929E-5,3.015922E-4,6.66253E-4,2.093991E-4,2.946569E-4,10.42069,9.08736E-5,656875.3,656878.5
0.004952742,15.95279,4987327.0,1397.464,1397.464,0.001449687,1.0,0.8589066,0.02752008,2.173808E-4,0.02315563,0.006402669,1.816983E-4,1.17197E-4,0.04448983,5.143488E-4,0.02389786,2.88021E-4,3.318833E-4,0.004746658,0.007190712,1.492872E-5,9.967418E-5,3.016084E-4,6.662802E-4,2.094042E-4,2.946715E-4,10.42068,9.087356E-5,656875.1,656878.4
0.004952772,15.95279,4976510.0,1397.464,1397.464,0.001449687,1.0,0.8589065,0.02752014,2.173812E-4,0.02315565,0.006402687,1.816981E-4,1.171976E-4,0.04448993,5.143529E-4,0.0238978,2.880203E-4,3.318823E-4,0.004746657,0.00719065,1.492862E-5,9.967472E-5,3.016101E-4,6.662831E-4,2.094047E-4,2.946731E-4,10.42068,9.087355E-5,656875.1,656878.4
0.004972634,15.95333,4999894.0,1397.485,1397.485,0.001449687,1.0,0.8588426,0.02756106,2.176763E-4,0.023173,0.006414921,1.815469E-4,1.176467E-4,0.04455829,5.171094E-4,0.02385697,2.875496E-4,3.311786E-4,0.004745846,0.007149045,1.486366E-5,1.000317E-4,3.027871E-4,6.682638E-4,2.097723E-4,2.957425E-4,10.42049,9.087049E-5,656862.6,656865.8
0.004973287,15.95335,5003739.0,1397.485,1397.485,0.001449687,1.0,0.8588405,0.02756241,2.17686E-4,0.02317357,0.006415323,1.815419E-4,1.176614E-4,0.04456054,5.172E-4,0.02385562,2.875343E-4,3.311555E-4,0.004745819,0.007147682,1.486153E-5,1.000434E-4,3.028258E-4,6.683289E-4,2.097844E-4,2.957776E-4,10.42048,9.087039E-5,656862.2,656865.4
0.004974463,15.95338,5008445.0,1397.486,1397.486,0.001449687,1.0,0.8588368,0.02756483,2.177034E-4,0.02317459,0.006416046,1.815329E-4,1.17688E-4,0.04456457,5.173632E-4,0.02385321,2.875071E-4,3.311138E-4,0.00474577,0.007145227,1.485769E-5,1.000646E-4,3.028954E-4,6.684461E-4,2.09806E-4,2.958409E-4,10.42047,9.087021E-5,656861.4,656864.7
0.005,15.95407,5036562.0,1397.513,1397.513,0.001449687,1.0,0.858755,0.02761737,2.180805E-4,0.02319664,0.006431729,1.81337E-4,1.182651E-4,0.04465208,5.209104E-4,0.02380076,2.86937E-4,3.30208E-4,0.004744662,0.007092113,1.477503E-5,1.005229E-4,3.044086E-4,6.709892E-4,2.102752E-4,2.97214E-4,10.42021,9.086628E-5,656845.4,656848.6
0.005069812,15.95596,5093159.0,1397.586,1397.586,0.001449687,1.0,0.8585334,0.02776058,2.190988E-4,0.0232556,0.006474361,1.80794E-4,1.198415E-4,0.04488928,5.306256E-4,0.02365779,2.854291E-4,3.277277E-4,0.004741291,0.00694892,1.455298E-5,1.017724E-4,3.085446E-4,6.77924E-4,2.115403E-4,3.009589E-4,10.41953,9.085553E-5,656802.0,656805.0
0.005070799,15.95598,5094339.0,1397.587,1397.587,0.001449687,1.0,0.8585303,0.0277626,2.19113E-4,0.02325642,0.006474962,1.807862E-4,1.198638E-4,0.04489261,5.307632E-4,0.02365577,2.85408E-4,3.276926E-4,0.00474124,0.006946916,1.454988E-5,1.0179E-4,3.086031E-4,6.780219E-4,2.11558E-4,3.010117E-4,10.41952,9.085538E-5,656801.4,656804.4
0.005071025,15.95599,5097543.0,1397.588,1397.588,0.001449687,1.0,0.8585296,0.02776306,2.191163E-4,0.02325661,0.006475099,1.807845E-4,1.198689E-4,0.04489337,5.307946E-4,0.02365531,2.854032E-4,3.276846E-4,0.004741228,0.006946458,1.454917E-5,1.01794E-4,3.086165E-4,6.780443E-4,2.11562E-4,3.010238E-4,10.41952,9.085534E-5,656801.3,656804.3
0.005074226,15.95608,5095953.0,1397.591,1397.591,0.001449687,1.0,0.8585195,0.02776961,2.191625E-4,0.02325926,0.006477045,1.807593E-4,1.199412E-4,0.04490417,5.312407E-4,0.02364877,2.853346E-4,3.275707E-4,0.004741061,0.006939965,1.453911E-5,1.018512E-4,3.088061E-4,6.783616E-4,2.116194E-4,3.011951E-4,10.41949,9.085485E-5,656799.3,656802.3
0.0051,15.95677,5123774.0,1397.618,1397.618,0.001449687,1.0,0.8584385,0.0278223,2.195334E-4,0.0232805,0.006492689,1.805558E-4,1.205227E-4,0.04499093,5.348343E-4,0.02359617,2.847877E-4,3.266535E-4,0.004739679,0.006887904,1.44586E-5,1.023109E-4,3.103328E-4,6.809147E-4,2.120794E-4,3.025733E-4,10.41923,9.085089E-5,656783.4,656786.3
0.0052,15.95947,5223017.0,1397.725,1397.725,0.001449687,1.0,0.8581275,0.02802594,2.209486E-4,0.02336048,0.006552948,1.79754E-4,1.22777E-4,0.04532384,5.488087E-4,0.02339293,2.827021E-4,3.230885E-4,0.004733696,0.006689559,1.415318E-5,1.040881E-4,3.162556E-4,6.907872E-4,2.138318E-4,3.079025E-4,10.41827,9.083552E-5,656722.5,656725.2
0.0053,15.96217,5320219.0,1397.835,1397.835,0.001449687,1.0,0.857822,0.02822834,2.223264E-4,0.02343671,0.006612527,1.78934E-4,1.250284E-4,0.04565098,5.62831E-4,0.02319102,2.806454E-4,3.195152E-4,0.004726748,0.006496896,1.385783E-5,1.05854E-4,3.221774E-4,7.006067E-4,2.15534E-4,3.132029E-4,10.41732,9.082016E-5,656662.7,656665.2
0.0054,15.96487,5413275.0,1397.946,1397.946,0.001449687,1.0,0.8575219,0.02842952,2.236662E-4,0.02350929,0.006671447,1.780982E-4,1.272769E-4,0.0459725,5.768976E-4,0.02299046,2.786082E-4,3.159357E-4,0.004718871,0.00630975,1.357144E-5,1.076081E-4,3.28098E-4,7.103722E-4,2.171869E-4,3.184745E-4,10.4164,9.080482E-5,656604.0,656606.2
0.0055,15.96756,5503263.0,1398.059,1398.059,0.001449687,1.0,0.857227,0.02862949,2.24968E-4,0.02357833,0.006729725,1.772486E-4,1.295226E-4,0.04628853,5.91005E-4,0.02279123,2.765905E-4,3.12352E-4,0.004710098,0.006127962,1.32933E-5,1.0935E-4,3.340174E-4,7.20083E-4,2.187916E-4,3.237173E-4,10.41548,9.078951E-5,656546.3,656548.4
0.0056,15.97025,5593212.0,1398.174,1398.174,0.001449687,1.0,0.8569371,0.02882828,2.262316E-4,0.02364392,0.006787379,1.763871E-4,1.317656E-4,0.04659922,6.051499E-4,0.0225933,2.745969E-4,3.087659E-4,0.004700463,0.005951372,1.302307E-5,1.110795E-4,3.399356E-4,7.297382E-4,2.203493E-4,3.289322E-4,10.41458,9.077422E-5,656489.6,656491.6
0.0057,15.97294,5687829.0,1398.291,1398.291,0.001449687,1.0,0.8566521,0.02902595,2.274575E-4,0.02370618,0.006844428,1.755158E-4,1.340064E-4,0.04690471,6.1933E-4,0.02239662,2.726357E-4,3.051788E-4,0.004689996,0.005779814,1.276074E-5,1.127969E-4,3.458533E-4,7.393378E-4,2.21861E-4,3.341212E-4,10.4137,9.075894E-5,656433.9,656435.8
0.0058,15.97562,5793176.0,1398.409,1398.409,0.001449687,1.0,0.8563717,0.02922258,2.286464E-4,0.0237652,0.006900887,1.746368E-4,1.362452E-4,0.04720517,6.335437E-4,0.02220114,2.707182E-4,3.015919E-4,0.004678726,0.005613117,1.250664E-5,1.145029E-4,3.517712E-4,7.48882E-4,2.233279E-4,3.39288E-4,10.41283,9.074369E-5,656379.2,656381.2
0.0059,15.97831,5915464.0,1398.53,1398.53,0.001449687,1.0,0.8560956,0.02941829,2.297996E-4,0.02382109,0.006956773,1.737521E-4,1.38483E-4,0.04750079,6.477906E-4,0.02200678,2.688563E-4,2.980062E-4,0.004666679,0.005451103,1.226127E-5,1.161987E-4,3.57691E-4,7.583722E-4,2.247512E-4,3.444384E-4,10.41198,9.072844E-5,656325.4,656327.7
0.006,15.981,6058052.0,1398.651,1398.651,0.001449687,1.0,0.8558237,0.0296132,2.309187E-4,0.02387396,0.0070121,1.728639E-4,1.407204E-4,0.04779177,6.620714E-4,0.02181344,2.67058E-4,2.944222E-4,0.004653877,0.005293591,1.202514E-5,1.178855E-4,3.636145E-4,7.678101E-4,2.261319E-4,3.495796E-4,10.41113,9.071318E-5,656272.6,656275.4
0.0061,15.98369,6215132.0,1398.775,1398.775,0.001449687,1.0,0.8555555,0.02980743,2.320052E-4,0.02392389,0.007066883,1.719741E-4,1.429585E-4,0.04807827,6.763868E-4,0.02162106,2.653157E-4,2.908405E-4,0.004640343,0.005140414,1.179827E-5,1.195643E-4,3.695438E-4,7.771974E-4,2.274713E-4,3.547187E-4,10.4103,9.069791E-5,656220.6,656224.4
0.0062,15.98638,6359385.0,1398.9,1398.9,0.001449687,1.0,0.8552912,0.030001,2.330595E-4,0.02397099,0.007121134,1.710838E-4,1.451975E-4,0.04836043,6.907358E-4,0.02142966,2.635858E-4,2.872626E-4,0.004626102,0.004991449,1.157927E-5,1.212347E-4,3.754791E-4,7.865344E-4,2.287705E-4,3.598576E-4,10.40947,9.068263E-5,656169.6,656174.7
0.0063,15.98907,6419331.0,1399.026,1399.026,0.001449687,1.0,0.8550311,0.03019362,2.340781E-4,0.02401528,0.007174866,1.701923E-4,1.474363E-4,0.04863819,7.051104E-4,0.0212395,2.617496E-4,2.836919E-4,0.004611188,0.004846683,1.136362E-5,1.228916E-4,3.814169E-4,7.958164E-4,2.3003E-4,3.649831E-4,10.40867,9.066738E-5,656119.6,656126.0
0.0064,15.99173,6241272.0,1399.155,1399.155,0.001449687,1.0,0.8547769,0.03038435,2.350497E-4,0.02405674,0.007228097,1.692952E-4,1.496701E-4,0.04891111,7.194865E-4,0.02105132,2.595465E-4,2.801368E-4,0.004595666,0.004706331,1.114055E-5,1.245207E-4,3.873434E-4,8.050266E-4,2.312504E-4,3.700474E-4,10.40788,9.065227E-5,656070.7,656077.7
0.006430336,15.99253,6131956.0,1399.194,1399.194,0.001449687,1.0,0.8547014,0.03044155,2.353315E-4,0.02406874,0.00724415,1.690204E-4,1.503451E-4,0.0489928,7.238404E-4,0.02099485,2.587382E-4,2.790637E-4,0.004590854,0.004664707,1.10685E-5,1.250052E-4,3.891347E-4,8.078012E-4,2.316127E-4,3.715564E-4,10.40766,9.064775E-5,656056.1,656062.8
0.00643275,15.99259,6152998.0,1399.197,1399.197,0.001449687,1.0,0.8546954,0.03044609,2.353536E-4,0.02406968,0.007245426,1.689984E-4,1.503987E-4,0.04899928,7.241866E-4,0.02099037,2.586757E-4,2.789784E-4,0.004590468,0.004661412,1.106271E-5,1.250436E-4,3.892771E-4,8.080215E-4,2.316414E-4,3.716758E-4,10.40764,9.064739E-5,656054.9,656061.6
0.006445391,15.99293,6197966.0,1399.213,1399.213,0.001449687,1.0,0.854664,0.03046988,2.354695E-4,0.02407459,0.007252103,1.688837E-4,1.506797E-4,0.04903317,7.25999E-4,0.02096684,2.583799E-4,2.785316E-4,0.004588445,0.004644193,1.10328E-5,1.252448E-4,3.90023E-4,8.09174E-4,2.317908E-4,3.723008E-4,10.40754,9.064551E-5,656048.8,656055.4
0.006446415,15.99295,6187602.0,1399.214,1399.214,0.001449687,1.0,0.8546615,0.03047181,2.354789E-4,0.02407499,0.007252644,1.688744E-4,1.507025E-4,0.04903591,7.261458E-4,0.02096494,2.583572E-4,2.784954E-4,0.004588281,0.004642801,1.10304E-5,1.252611E-4,3.900834E-4,8.092673E-4,2.318029E-4,3.723515E-4,10.40753,9.064535E-5,656048.3,656054.9
0.006455966,15.99321,6195223.0,1399.226,1399.226,0.001449687,1.0,0.8546378,0.03048978,2.355661E-4,0.02407867,0.007257684,1.687878E-4,1.509148E-4,0.04906147,7.275153E-4,0.02094716,2.581484E-4,2.781578E-4,0.004586745,0.004629836,1.100803E-5,1.25413E-4,3.906471E-4,8.101375E-4,2.319153E-4,3.728239E-4,10.40746,9.064393E-5,656043.7,656050.3
0.006464201,15.99342,6162196.0,1399.237,1399.237,0.001449687,1.0,0.8546174,0.03050526,2.35641E-4,0.02408183,0.007262025,1.687132E-4,1.510978E-4,0.04908348,7.286962E-4,0.02093185,2.579686E-4,2.778669E-4,0.004585417,0.004618689,1.098879E-5,1.255439E-4,3.91133E-4,8.108873E-4,2.32012E-4,3.732311E-4,10.4074,9.06427E-5,656039.7,656046.2
0.006464472,15.99343,6158221.0,1399.237,1399.237,0.001449687,1.0,0.8546167,0.03050577,2.356434E-4,0.02408193,0.007262167,1.687107E-4,1.511038E-4,0.0490842,7.287351E-4,0.02093134,2.579625E-4,2.778574E-4,0.004585373,0.004618323,1.098816E-5,1.255482E-4,3.91149E-4,8.109119E-4,2.320152E-4,3.732445E-4,10.4074,9.064266E-5,656039.6,656046.1
0.006474549,15.99369,6170892.0,1399.25,1399.25,0.001449687,1.0,0.8545918,0.0305247,2.357346E-4,0.02408576,0.007267474,1.686193E-4,1.513277E-4,0.04911107,7.301799E-4,0.02091261,2.577453E-4,2.775016E-4,0.004583742,0.004604723,1.096467E-5,1.257082E-4,3.917434E-4,8.118286E-4,2.321331E-4,3.737422E-4,10.40732,9.064116E-5,656034.7,656041.2
0.0065,15.99436,6167141.0,1399.283,1399.283,0.001449687,1.0,0.854529,0.03057245,2.35963E-4,0.02409532,0.007280856,1.683884E-4,1.51893E-4,0.04917876,7.338291E-4,0.02086535,2.572176E-4,2.766033E-4,0.004579597,0.00457055,1.090594E-5,1.261119E-4,3.932446E-4,8.141408E-4,2.324292E-4,3.749978E-4,10.40713,9.063736E-5,656022.4,656028.8
0.006529628,15.99514,6180384.0,1399.321,1399.321,0.001449687,1.0,0.8544563,0.03062795,2.362256E-4,0.02410624,0.007296394,1.681197E-4,1.525507E-4,0.0492572,7.38077E-4,0.0208104,2.566253E-4,2.755587E-4,0.004574724,0.004531093,1.083857E-5,1.26581E-4,3.949916E-4,8.168266E-4,2.327708E-4,3.764566E-4,10.4069,9.063296E-5,656008.2,656014.4
0.006532342,15.99521,6175452.0,1399.324,1399.324,0.001449687,1.0,0.8544497,0.03063303,2.362495E-4,0.02410723,0.007297816,1.680951E-4,1.52611E-4,0.04926437,7.384661E-4,0.02080537,2.565731E-4,2.75463E-4,0.004574275,0.004527495,1.083247E-5,1.266239E-4,3.951517E-4,8.170724E-4,2.328019E-4,3.765901E-4,10.40688,9.063255E-5,656006.9,656013.1
0.00654559,15.99556,6170747.0,1399.341,1399.341,0.001449687,1.0,0.8544173,0.03065781,2.363657E-4,0.02411202,0.007304748,1.67975E-4,1.52905E-4,0.0492993,7.403656E-4,0.02078084,2.563134E-4,2.749963E-4,0.004572078,0.004509977,1.080275E-5,1.268334E-4,3.959328E-4,8.182712E-4,2.329534E-4,3.772415E-4,10.40678,9.063058E-5,656000.5,656006.6
0.0066,15.99699,6188296.0,1399.411,1399.411,0.001449687,1.0,0.8542849,0.03075939,2.368359E-4,0.02413125,0.007333134,1.674821E-4,1.541122E-4,0.04944199,7.481666E-4,0.0206803,2.552727E-4,2.730819E-4,0.004562951,0.004438742,1.068295E-5,1.27692E-4,3.9914E-4,8.231822E-4,2.335688E-4,3.799109E-4,10.40638,9.06225E-5,655974.6,655980.4
0.0067,15.9996,6224353.0,1399.54,1399.54,0.001449687,1.0,0.8540446,0.03094527,2.376711E-4,0.02416464,0.007384946,1.665782E-4,1.563291E-4,0.04970101,7.625037E-4,0.02049641,2.534041E-4,2.695739E-4,0.00454575,0.004310747,1.04712E-5,1.292627E-4,4.050322E-4,8.321565E-4,2.346717E-4,3.847941E-4,10.40563,9.060768E-5,655927.4,655932.7
0.0068,16.00221,6260446.0,1399.67,1399.67,0.001449687,1.0,0.853808,0.0311301,2.384693E-4,0.02419557,0.007436307,1.656776E-4,1.58544E-4,0.04995593,7.768389E-4,0.02031372,2.515579E-4,2.660806E-4,0.004528015,0.004186452,1.026838E-5,1.308225E-4,4.109215E-4,8.410635E-4,2.357386E-4,3.896481E-4,10.4049,9.05929E-5,655880.9,655885.7
0.0069,16.00482,6293947.0,1399.8,1399.8,0.001449687,1.0,0.8535751,0.0313139,2.39231E-4,0.0242241,0.007487229,1.647809E-4,1.607569E-4,0.05020684,7.911697E-4,0.02013224,2.497249E-4,2.626028E-4,0.00450977,0.004065754,1.007275E-5,1.3237E-4,4.168078E-4,8.499024E-4,2.367704E-4,3.944729E-4,10.40418,9.057817E-5,655835.1,655839.5
0.007,16.00741,6324438.0,1399.932,1399.932,0.001449687,1.0,0.8533458,0.03149666,2.399565E-4,0.02425031,0.007537724,1.638889E-4,1.62968E-4,0.05045384,8.054934E-4,0.01995195,2.47903E-4,2.591416E-4,0.004491037,0.003948553,9.883217E-6,1.339045E-4,4.226912E-4,8.586725E-4,2.377679E-4,3.992686E-4,10.40347,9.056348E-5,655790.0,655794.0
0.0071,16.01,6351895.0,1400.063,1400.063,0.001449687,1.0,0.8531201,0.03167839,2.406462E-4,0.02427425,0.007587802,1.630022E-4,1.651772E-4,0.05069699,8.198076E-4,0.01977287,2.460915E-4,2.55698E-4,0.004471837,0.003834754,9.699065E-6,1.354256E-4,4.285713E-4,8.673729E-4,2.387316E-4,4.040354E-4,10.40276,9.054885E-5,655745.5,655749.3
0.0072,16.01258,6376374.0,1400.196,1400.196,0.001449687,1.0,0.8528979,0.03185908,2.413005E-4,0.02429599,0.007637474,1.621211E-4,1.673846E-4,0.05093638,8.341097E-4,0.01959497,2.4429E-4,2.522728E-4,0.004452191,0.003724262,9.51984E-6,1.36933E-4,4.344482E-4,8.760029E-4,2.396625E-4,4.087733E-4,10.40207,9.053427E-5,655701.8,655705.2
0.0073,16.01515,6397947.0,1400.329,1400.329,0.001449687,1.0,0.8526791,0.03203876,2.419198E-4,0.02431559,0.007686751,1.612462E-4,1.695902E-4,0.05117209,8.483973E-4,0.01941827,2.424983E-4,2.488669E-4,0.004432119,0.003616986,9.345231E-6,1.384265E-4,4.403217E-4,8.845616E-4,2.405612E-4,4.134823E-4,10.40139,9.051975E-5,655658.6,655661.8
0.0074,16.01771,6416695.0,1400.462,1400.462,0.001449687,1.0,0.8524637,0.03221741,2.425046E-4,0.02433311,0.007735643,1.60378E-4,1.717941E-4,0.05140419,8.626678E-4,0.01924274,2.407162E-4,2.45481E-4,0.004411641,0.003512838,9.175013E-6,1.39906E-4,4.461917E-4,8.930482E-4,2.414283E-4,4.181627E-4,10.40072,9.050528E-5,655616.1,655619.0
0.0075,16.02025,6432702.0,1400.596,1400.596,0.001449687,1.0,0.8522516,0.03239503,2.430554E-4,0.02434861,0.00778416,1.595168E-4,1.739962E-4,0.05163275,8.76919E-4,0.01906839,2.389435E-4,2.421159E-4,0.004390776,0.003411731,9.009013E-6,1.413714E-4,4.520579E-4,9.014621E-4,2.422647E-4,4.228144E-4,10.40006,9.049088E-5,655574.3,655576.9
0.0076,16.02279,6446051.0,1400.73,1400.73,0.001449687,1.0,0.8520427,0.03257165,2.435726E-4,0.02436214,0.00783231,1.586629E-4,1.761965E-4,0.05185785,8.911484E-4,0.01889521,2.3718E-4,2.387723E-4,0.004369543,0.003313582,8.847087E-6,1.428229E-4,4.579203E-4,9.098024E-4,2.430709E-4,4.274377E-4,10.3994,9.047654E-5,655533.0,655535.4
0.0077,16.02532,6456820.0,1400.864,1400.864,0.001449687,1.0,0.8518369,0.03274724,2.440567E-4,0.02437376,0.007880103,1.578167E-4,1.783951E-4,0.05207955,9.053537E-4,0.0187232,2.354255E-4,2.354509E-4,0.004347961,0.003218308,8.68911E-6,1.442603E-4,4.637788E-4,9.180685E-4,2.438476E-4,4.320326E-4,10.39876,9.046226E-5,655492.3,655494.5
0.0078,16.02784,6465094.0,1400.999,1400.999,0.001449687,1.0,0.8516343,0.03292183,2.445084E-4,0.02438352,0.007927549,1.569784E-4,1.80592E-4,0.05229791,9.195326E-4,0.01855236,2.3368E-4,2.321523E-4,0.004326045,0.003125831,8.534969E-6,1.456836E-4,4.696332E-4,9.262596E-4,2.445955E-4,4.365992E-4,10.39812,9.044805E-5,655452.1,655454.1
0.0079,16.03035,6470939.0,1401.133,1401.133,0.001449687,1.0,0.8514346,0.03309541,2.44928E-4,0.02439147,0.007974655,1.561483E-4,1.827871E-4,0.05251301,9.336829E-4,0.01838266,2.319432E-4,2.288771E-4,0.004303815,0.003036072,8.384557E-6,1.47093E-4,4.754833E-4,9.343751E-4,2.453151E-4,4.411377E-4,10.3975,9.04339E-5,655412.5,655414.4
0.008,16.03285,6474445.0,1401.268,1401.268,0.001449687,1.0,0.851238,0.03326799,2.453162E-4,0.02439767,0.008021429,1.553267E-4,1.849804E-4,0.0527249,9.478024E-4,0.01821413,2.302151E-4,2.256259E-4,0.004281286,0.002948957,8.237773E-6,1.484884E-4,4.81329E-4,9.424143E-4,2.460072E-4,4.456483E-4,10.39688,9.041982E-5,655373.4,655375.1
0.0081,16.03533,6475672.0,1401.403,1401.403,0.001449687,1.0,0.8510443,0.03343957,2.456735E-4,0.02440216,0.008067881,1.545136E-4,1.871719E-4,0.05293366,9.61889E-4,0.01804674,2.284956E-4,2.223993E-4,0.004258476,0.002864412,8.09452E-6,1.498699E-4,4.871701E-4,9.503766E-4,2.466722E-4,4.501311E-4,10.39627,9.04058E-5,655334.8,655336.4
0.0082,16.0378,6474691.0,1401.538,1401.538,0.001449687,1.0,0.8508534,0.03361015,2.460004E-4,0.02440498,0.008114018,1.537092E-4,1.893616E-4,0.05313933,9.759406E-4,0.01788049,2.267845E-4,2.191977E-4,0.004235399,0.002782366,7.954704E-6,1.512375E-4,4.930065E-4,9.582614E-4,2.473108E-4,4.545862E-4,10.39566,9.039186E-5,655296.8,655298.2
0.0083,16.04027,6471581.0,1401.673,1401.673,0.001449687,1.0,0.8506653,0.03377974,2.462977E-4,0.0244062,0.008159848,1.529137E-4,1.915495E-4,0.05334198,9.89955E-4,0.01771539,2.250817E-4,2.160216E-4,0.004212071,0.00270275,7.818233E-6,1.525912E-4,4.98838E-4,9.660681E-4,2.479236E-4,4.590138E-4,10.39507,9.037799E-5,655259.2,655260.5
0.0084,16.04272,6465998.0,1401.807,1401.807,0.001449687,1.0,0.8504799,0.03394834,2.465658E-4,0.02440585,0.008205378,1.521272E-4,1.937355E-4,0.05354166,0.00100393,0.01755142,2.233871E-4,2.128715E-4,0.004188507,0.002625496,7.685018E-6,1.539311E-4,5.046645E-4,9.737962E-4,2.485111E-4,4.63414E-4,10.39448,9.036419E-5,655222.1,655223.3
0.0085,16.04515,6459358.0,1401.942,1401.942,0.001449687,1.0,0.8502972,0.03411596,2.468053E-4,0.02440398,0.008250615,1.513497E-4,1.959195E-4,0.05373844,0.001017865,0.01738859,2.217007E-4,2.097478E-4,0.004164723,0.002550538,7.554974E-6,1.552573E-4,5.104857E-4,9.81445E-4,2.490738E-4,4.67787E-4,10.3939,9.035046E-5,655185.4,655186.6
0.0086,16.04758,6450462.0,1402.077,1402.077,0.001449687,1.0,0.8501172,0.0342826,2.470169E-4,0.02440063,0.008295566,1.505813E-4,1.981016E-4,0.05393236,0.001031756,0.01722688,2.200225E-4,2.066509E-4,0.004140731,0.002477812,7.428018E-6,1.565699E-4,5.163016E-4,9.890141E-4,2.496123E-4,4.721331E-4,10.39333,9.033681E-5,655149.2,655150.3
0.0087,16.04999,6439799.0,1402.211,1402.211,0.001449687,1.0,0.8499397,0.03444827,2.472011E-4,0.02439584,0.008340239,1.498222E-4,2.002816E-4,0.05412347,0.001045602,0.0170663,2.183524E-4,2.035811E-4,0.004116546,0.002407255,7.304069E-6,1.578688E-4,5.221118E-4,9.96503E-4,2.501271E-4,4.764523E-4,10.39276,9.032323E-5,655113.5,655114.5
0.0088,16.05239,6427415.0,1402.345,1402.345,0.001449687,1.0,0.8497647,0.03461295,2.473586E-4,0.02438966,0.008384639,1.490722E-4,2.024596E-4,0.05431183,0.001059402,0.01690683,2.166903E-4,2.005388E-4,0.004092181,0.002338807,7.183048E-6,1.591541E-4,5.279164E-4,0.001003911,2.506187E-4,4.807449E-4,10.3922,9.030972E-5,655078.1,655079.1
0.0089,16.05478,6413384.0,1402.479,1402.479,0.001449687,1.0,0.8495923,0.03477667,2.474899E-4,0.02438212,0.008428774,1.483316E-4,2.046354E-4,0.0544975,0.001073153,0.01674848,2.15036E-4,1.975242E-4,0.00406765,0.002272409,7.064875E-6,1.60426E-4,5.33715E-4,0.001011238,2.510876E-4,4.85011E-4,10.39165,9.029629E-5,655043.2,655044.2
0.009,16.05715,6397669.0,1402.612,1402.612,0.001449687,1.0,0.8494222,0.03493943,2.475957E-4,0.02437327,0.008472649,1.476001E-4,2.06809E-4,0.05468051,0.001086854,0.01659125,2.133897E-4,1.945378E-4,0.004042965,0.002208003,6.949474E-6,1.616845E-4,5.395075E-4,0.001018484,2.515343E-4,4.892509E-4,10.3911,9.028294E-5,655008.6,655009.6
0.0091,16.05951,6380537.0,1402.746,1402.746,0.001449687,1.0,0.8492545,0.03510122,2.476767E-4,0.02436314,0.00851627,1.46878E-4,2.089803E-4,0.05486091,0.001100504,0.01643512,2.117511E-4,1.915798E-4,0.004018137,0.002145533,6.836771E-6,1.629296E-4,5.452937E-4,0.001025647,2.519592E-4,4.934647E-4,10.39056,9.026966E-5,654974.5,654975.5
0.0092,16.06186,6361849.0,1402.878,1402.878,0.001449687,1.0,0.8490892,0.03526205,2.477333E-4,0.02435177,0.008559644,1.461651E-4,2.111493E-4,0.05503876,0.001114099,0.0162801,2.101202E-4,1.886503E-4,0.003993181,0.002084944,6.726692E-6,1.641614E-4,5.510734E-4,0.001032728,2.523629E-4,4.976526E-4,10.39002,9.025647E-5,654940.7,654941.7
0.0093,16.0642,6341610.0,1403.011,1403.011,0.001449687,1.0,0.8489262,0.03542193,2.477662E-4,0.02433921,0.008602777,1.454614E-4,2.133158E-4,0.0552141,0.001127639,0.01612617,2.08497E-4,1.857497E-4,0.003968106,0.002026184,6.619166E-6,1.6538E-4,5.568464E-4,0.001039727,2.527458E-4,5.018148E-4,10.38949,9.024335E-5,654907.3,654908.4
0.0094,16.06652,6319992.0,1403.143,1403.143,0.001449687,1.0,0.8487653,0.03558086,2.477761E-4,0.02432547,0.008645672,1.447669E-4,2.154797E-4,0.05538697,0.001141123,0.01597335,2.068813E-4,1.828782E-4,0.003942924,0.0019692,6.514123E-6,1.665855E-4,5.626125E-4,0.001046642,2.531082E-4,5.059516E-4,10.38897,9.023031E-5,654874.3,654875.4
0.0095,16.06883,6296922.0,1403.274,1403.274,0.001449687,1.0,0.8486067,0.03573883,2.477634E-4,0.0243106,0.008688337,1.440815E-4,2.176411E-4,0.05555742,0.001154548,0.01582161,2.052731E-4,1.800358E-4,0.003917647,0.001913943,6.411494E-6,1.677779E-4,5.683715E-4,0.001053474,2.534508E-4,5.10063E-4,10.38845,9.021735E-5,654841.6,654842.7
0.0096,16.07112,6272424.0,1403.405,1403.405,0.001449687,1.0,0.8484503,0.03589586,2.477289E-4,0.02429464,0.008730777,1.434051E-4,2.197997E-4,0.05572548,0.001167914,0.01567097,2.036723E-4,1.772229E-4,0.003892285,0.001860363,6.311213E-6,1.689573E-4,5.741231E-4,0.001060222,2.537738E-4,5.141494E-4,10.38794,9.020447E-5,654809.3,654810.4
0.0097,16.0734,6246530.0,1403.536,1403.536,0.001449687,1.0,0.848296,0.03605195,2.476731E-4,0.02427761,0.008772995,1.427378E-4,2.219554E-4,0.0558912,0.001181218,0.01552142,2.020788E-4,1.744395E-4,0.003866849,0.001808413,6.213213E-6,1.701238E-4,5.798672E-4,0.001066887,2.540777E-4,5.182109E-4,10.38743,9.019168E-5,654777.3,654778.5
0.0098,16.07567,6219053.0,1403.666,1403.666,0.001449687,1.0,0.8481437,0.0362071,2.475966E-4,0.02425955,0.008814998,1.420794E-4,2.241082E-4,0.05605463,0.001194459,0.01537295,2.004924E-4,1.716859E-4,0.003841349,0.001758045,6.117428E-6,1.712775E-4,5.856034E-4,0.001073467,2.543629E-4,5.222477E-4,10.38693,9.017896E-5,654745.6,654746.9
0.0099,16.07792,6189885.0,1403.795,1403.795,0.001449687,1.0,0.8479935,0.03636131,2.475E-4,0.02424048,0.008856789,1.414297E-4,2.262579E-4,0.05621578,0.001207636,0.01522556,1.989129E-4,1.68962E-4,0.003815794,0.001709216,6.02379E-6,1.724183E-4,5.913316E-4,0.001079962,2.546298E-4,5.2626E-4,10.38643,9.016633E-5,654714.2,654715.6
0.01,16.08016,6157957.0,1403.924,1403.924,0.001449687,1.0,0.8478453,0.03651458,2.473838E-4,0.02422045,0.008898373,1.407886E-4,2.284044E-4,0.05637472,0.001220747,0.01507925,1.973394E-4,1.662681E-4,0.003790195,0.001661882,5.932219E-6,1.735462E-4,5.970515E-4,0.001086373,2.548787E-4,5.30248E-4,10.38594,9.015378E-5,654683.2,654684.6
