Time_Soln#1 (sec),Volume_Soln#1 (cm3),Volumetric_heat_production_rate_Soln#1 (erg/cm3-sec),Surface_temperature_Soln#1 (K),Temperature_Soln#1 (K),Mass_Soln#1 (g),Pressure_Soln#1 (atm),Mole_fraction_H2_Soln#1 (),Mole_fraction_H_Soln#1 (),Mole_fraction_CH4_Soln#1 (),Mole_fraction_CH3_Soln#1 (),Mole_fraction_C2H6_Soln#1 (),Mole_fraction_C2H5_Soln#1 (),Mole_fraction_C2H4_Soln#1 (),Mole_fraction_C2H2_Soln#1 (),Mole_fraction_C3H8_Soln#1 (),Mole_fraction_IC3H7_Soln#1 (),Mole_fraction_NC3H7_Soln#1 (),Mole_fraction_C3H6_Soln#1 (),Mole_fraction_C3H5-A_Soln#1 (),Mole_fraction_C3H4-P_Soln#1 (),Mole_fraction_C3H4-A_Soln#1 (),Mole_fraction_NC4H10_Soln#1 (),Mole_fraction_PC4H9_Soln#1 (),Mole_fraction_IC4H10_Soln#1 (),Mole_fraction_IC4H8_Soln#1 (),Mole_fraction_IC4H7_Soln#1 (),Mole_fraction_C4H8-1_Soln#1 (),Mole_fraction_C4H8-2_Soln#1 (),Mole_fraction_C4H71-3_Soln#1 (),Mole_fraction_C4H6_Soln#1 (),Mole_fraction_C4H4_Soln#1 (),Mole_fraction_C6H6_Soln#1 (),Mole_fraction_C5H6_Soln#1 (),Mole_fraction_MCPTD_Soln#1 (),Mole_fraction_NC5H12_Soln#1 (),Mole_fraction_NC5H10_Soln#1 (),Mole_fraction_B1M2_Soln#1 (),Mole_fraction_B1M3_Soln#1 (),Mole_fraction_B2M2_Soln#1 (),Mole_fraction_LC5H8_Soln#1 (),Mole_fraction_DIALLYL_Soln#1 (),Mole_fraction_CYC6H8_Soln#1 (),Mole_fraction_CYC6H10_Soln#1 (),Mole_fraction_NC6H12_Soln#1 (),Mole_fraction_NC7H14_Soln#1 (),Mole_fraction_DIMEPTD_Soln#1 (),Mole_fraction_C7H8_Soln#1 (),Mole_fraction_C7H7_Soln#1 (),Mole_fraction_C6H5C2H3_Soln#1 (),Mole_fraction_C6H5C2H5_Soln#1 (),Mole_fraction_XYLENE_Soln#1 (),Mole_fraction_C6H5C2H4C6H5_Soln#1 (),Mole_fraction_NPBENZ_Soln#1 (),Mole_fraction_NC12H26_Soln#1 (),Mole_fraction_NC16H34_Soln#1 (),Mole_fraction_NC10H20_Soln#1 (),Molecular_weight_Soln#1 (g/mole),Mass_density_Soln#1 (g/cm3),Unburned_hydrocarbons_Soln#1 (ppm),Volatile_organic_compounds_Soln#1 (ppm)
0.0,15.7,-2316760.0,1000.0,1000.0,0.001805082,1.0,0.9514599,0.0,0.0,0.0,0.0,0.0,0.0,0.0,0.0,0.0,0.0,0.0,0.0,0.0,0.0,0.0,0.0,0.0,0.0,0.0,0.0,0.0,0.0,0.0,0.0,0.0,0.0,0.0,0.0,0.0,0.0,0.0,0.0,0.0,0.0,0.0,0.0,0.0,0.0,0.0,0.004081009,0.0,0.0,0.0,0.0,0.0,0.0,0.01103335,0.006639947,0.02678577,9.434426,1.149734E-4,535064.1,535064.1
3.346865E-7,15.69995,-3406442.0,999.9999,999.9999,0.001805082,1.0,0.9514599,2.89941E-10,4.042091E-11,2.463112E-9,6.326069E-11,6.833353E-9,6.111973E-9,4.970805E-16,1.856098E-11,1.907881E-12,3.965273E-9,7.512672E-9,8.260148E-9,7.054635E-16,2.165302E-14,7.169419E-12,3.84292E-9,1.378318E-19,2.867303E-21,3.915693E-20,3.426158E-9,1.383034E-12,8.257533E-9,2.223289E-11,5.203345E-23,1.998318E-12,2.639389E-20,2.760741E-21,6.690045E-16,2.084465E-9,1.337275E-20,1.121855E-16,4.48973E-21,1.874408E-11,4.704709E-15,1.533254E-21,7.236273E-21,7.365638E-10,8.256428E-10,3.048291E-21,0.004081009,3.70556E-12,9.869117E-23,1.914739E-14,1.226889E-15,7.620054E-20,2.734171E-15,0.01103334,0.006639945,0.02678576,9.434425,1.149734E-4,535064.1,535064.1
1.68238E-6,15.69995,-3939371.0,999.9991,999.9991,0.001805082,1.0,0.9514596,1.468038E-9,2.577053E-9,2.809077E-8,3.261333E-9,6.136116E-8,7.644579E-8,3.393492E-14,4.937601E-10,4.90607E-11,1.562891E-8,5.803885E-8,4.218945E-8,1.801367E-14,5.60986E-13,1.287741E-10,8.889634E-9,2.43997E-16,1.656696E-18,1.156988E-16,2.542542E-8,3.483827E-11,4.212633E-8,1.073389E-9,5.837997E-20,5.57101E-11,1.436485E-17,5.917926E-19,1.517677E-13,1.538899E-8,5.565959E-18,3.531813E-14,2.232989E-18,9.84236E-10,6.113036E-13,3.317452E-19,1.572292E-18,5.032139E-9,7.594518E-9,6.395611E-19,0.004081007,1.012766E-10,2.797983E-20,9.871709E-13,7.859256E-14,1.091938E-17,7.291698E-14,0.01103333,0.006639933,0.02678568,9.434423,1.149735E-4,535063.9,535063.9
7.58934E-6,15.69991,-4989655.0,999.9952,999.9952,0.001805082,1.0,0.9514581,6.757303E-9,8.086776E-8,1.70278E-7,8.064514E-8,2.993966E-7,6.329114E-7,1.972057E-12,4.924956E-9,4.106786E-10,2.777663E-8,3.857304E-7,2.050731E-7,3.86969E-13,1.293837E-11,9.957533E-10,1.208206E-8,6.957587E-14,4.955544E-16,6.947418E-14,1.537884E-7,7.303535E-10,2.040478E-7,2.62781E-8,9.637546E-17,1.180671E-9,5.635486E-15,7.912907E-17,7.055871E-12,1.00701E-7,8.430872E-16,5.081071E-12,3.980186E-16,2.436426E-8,6.283395E-11,4.927646E-17,2.162005E-16,2.609258E-8,7.906738E-8,8.131238E-17,0.004080998,2.166925E-9,3.586823E-18,2.445338E-11,2.51821E-12,1.096976E-15,8.661286E-13,0.01103324,0.006639856,0.02678523,9.434408,1.149737E-4,535063.1,535063.1
5.808171E-5,15.69951,-9848575.0,999.9369,999.9369,0.001805082,1.0,0.9514262,3.337991E-8,4.06705E-6,8.891375E-7,3.640138E-6,1.456167E-6,1.45089E-5,3.083477E-10,1.150844E-7,3.284328E-9,7.507897E-8,8.252064E-6,2.057724E-6,3.122722E-11,1.375492E-9,3.821373E-8,2.756374E-8,3.004428E-11,2.240962E-12,1.450438E-10,2.787094E-6,5.654361E-8,2.138195E-6,1.289113E-6,6.749309E-13,5.291858E-8,1.201423E-11,1.133005E-13,7.917535E-10,2.16187E-6,7.105689E-13,2.392724E-9,3.132572E-13,1.141317E-6,4.673995E-8,5.085571E-13,3.394782E-13,3.102859E-7,2.683417E-6,1.065613E-13,0.004080717,9.510375E-8,5.742466E-15,1.204949E-9,1.812035E-10,1.42997E-12,3.168106E-10,0.01103085,0.006637939,0.02677632,9.434097,1.149766E-4,535045.5,535045.5
1.0E-4,15.69914,-1.11764E7,999.8717,999.8717,0.001805082,1.0,0.9513861,4.187378E-8,9.717882E-6,1.106528E-6,8.604391E-6,1.795564E-6,3.25948E-5,1.147701E-9,2.697305E-7,4.559052E-9,9.025757E-8,1.853757E-5,3.445176E-6,1.028747E-10,4.739822E-9,1.04471E-7,3.252956E-8,1.053868E-10,2.080527E-11,8.11287E-10,6.143756E-6,1.861893E-7,3.949708E-6,3.219279E-6,4.590552E-12,1.262795E-7,7.490684E-11,7.80916E-13,2.316063E-9,4.929495E-6,3.712494E-12,1.036737E-8,1.60985E-12,2.735485E-6,2.497241E-7,7.721837E-12,2.498104E-12,6.217241E-7,6.291833E-6,7.667614E-13,0.00408035,2.210657E-7,6.129887E-14,3.182658E-9,6.474995E-10,1.219581E-11,1.702695E-9,0.01102772,0.006635438,0.02676522,9.433708,1.149794E-4,535023.4,535023.4
1.884462E-4,15.69833,-1.216326E7,999.7196,999.7196,0.001805082,1.0,0.9512882,4.9093E-8,2.387033E-5,1.272767E-6,2.092792E-5,2.045314E-6,7.754471E-5,4.942104E-9,6.699246E-7,6.04672E-9,1.030909E-7,4.431663E-5,4.962593E-6,3.76197E-10,1.674161E-8,2.901539E-7,3.673364E-8,3.598486E-10,2.409563E-10,4.766602E-9,1.457426E-5,7.107482E-7,7.298514E-6,8.630617E-6,3.364436E-11,3.127509E-7,5.419942E-10,5.935958E-12,6.72207E-9,1.205216E-5,2.158128E-11,4.756709E-8,9.243795E-12,6.798265E-6,1.259553E-6,1.217427E-10,2.210393E-11,1.357227E-6,1.541801E-5,6.829921E-12,0.00407947,5.141795E-7,8.137514E-13,9.702491E-9,3.250254E-9,1.289928E-10,9.681889E-9,0.01101991,0.006629207,0.02673796,9.432756,1.149853E-4,534969.4,534969.4
1.888447E-4,15.69833,-1.216976E7,999.7189,999.7189,0.001805082,1.0,0.9512878,4.911862E-8,2.393772E-5,1.273246E-6,2.098637E-5,2.046018E-6,7.775909E-5,4.965166E-9,6.718589E-7,6.052376E-9,1.031306E-7,4.443999E-5,4.966287E-6,3.777455E-10,1.680519E-8,2.910715E-7,3.674725E-8,3.612156E-10,2.428609E-10,4.793039E-9,1.461472E-5,7.138346E-7,7.31163E-6,8.658006E-6,3.385654E-11,3.13647E-7,5.454348E-10,5.973167E-12,6.744111E-9,1.208658E-5,2.170272E-11,4.779291E-8,9.295451E-12,6.817794E-6,1.265376E-6,1.227535E-10,2.225733E-11,1.360676E-6,1.546178E-5,6.877826E-12,0.004079466,5.155012E-7,8.204638E-13,9.738682E-9,3.267957E-9,1.299625E-10,9.734483E-9,0.01101987,0.006629178,0.02673783,9.432751,1.149853E-4,534969.1,534969.1
1.893292E-4,15.69832,-1.217033E7,999.718,999.718,0.001805082,1.0,0.9512872,4.913927E-8,2.40197E-5,1.273826E-6,2.105747E-5,2.046872E-6,7.801984E-5,4.993276E-9,6.742122E-7,6.059249E-9,1.031764E-7,4.459002E-5,4.970751E-6,3.796318E-10,1.688257E-8,2.921881E-7,3.676158E-8,3.628802E-10,2.451911E-10,4.825292E-9,1.466391E-5,7.175755E-7,7.327551E-6,8.691336E-6,3.411563E-11,3.147372E-7,5.496362E-10,6.01859E-12,6.770932E-9,1.212846E-5,2.185092E-11,4.806816E-8,9.358487E-12,6.841549E-6,1.272466E-6,1.239899E-10,2.244478E-11,1.364872E-6,1.551502E-5,6.936371E-12,0.004079461,5.171075E-7,8.28677E-13,9.782769E-9,3.289561E-9,1.311482E-10,9.798639E-9,0.01101983,0.006629142,0.02673767,9.432746,1.149853E-4,534968.8,534968.8
1.916765E-4,15.6983,-1.21891E7,999.7138,999.7138,0.001805082,1.0,0.9512845,4.927049E-8,2.441739E-5,1.276611E-6,2.140236E-5,2.050971E-6,7.928477E-5,5.130539E-9,6.856326E-7,6.092485E-9,1.034022E-7,4.531792E-5,4.991987E-6,3.888256E-10,1.725873E-8,2.976099E-7,3.683676E-8,3.709835E-10,2.567071E-10,4.983267E-9,1.49026E-5,7.358067E-7,7.40431E-6,8.853311E-6,3.538842E-11,3.20027E-7,5.702817E-10,6.241505E-12,6.901206E-9,1.233167E-5,2.257738E-11,4.941206E-8,9.667426E-12,6.956819E-6,1.306981E-6,1.300972E-10,2.336756E-11,1.385218E-6,1.577337E-5,7.224689E-12,0.004079437,5.248865E-7,8.693076E-13,9.99765E-9,3.39544E-9,1.369974E-10,1.011271E-8,0.01101961,0.006628966,0.02673691,9.432719,1.149855E-4,534967.3,534967.3
1.962301E-4,15.69826,-1.222417E7,999.7057,999.7057,0.001805082,1.0,0.9512791,4.951308E-8,2.519128E-5,1.281942E-6,2.207333E-5,2.058802E-6,8.174674E-5,5.401765E-9,7.078778E-7,6.156782E-9,1.038316E-7,4.673486E-5,5.031432E-6,4.069151E-10,1.79941E-8,3.081835E-7,3.697731E-8,3.868814E-10,2.801114E-10,5.297652E-9,1.536732E-5,7.717582E-7,7.551489E-6,9.169785E-6,3.793904E-11,3.303274E-7,6.116807E-10,6.687111E-12,7.155462E-9,1.272745E-5,2.402592E-11,5.20668E-8,1.028319E-11,7.181265E-6,1.374671E-6,1.424915E-10,2.522574E-11,1.42478E-6,1.627635E-5,7.805827E-12,0.004079391,5.399562E-7,9.520694E-13,1.042045E-8,3.606448E-9,1.488331E-10,1.073699E-8,0.01101918,0.006628624,0.02673542,9.432667,1.149858E-4,534964.4,534964.4
1.97251E-4,15.69825,-1.223261E7,999.7039,999.7039,0.001805082,1.0,0.9512779,4.956719E-8,2.536522E-5,1.283118E-6,2.222411E-5,2.060529E-6,8.230018E-5,5.463475E-9,7.128816E-7,6.171159E-9,1.039263E-7,4.705342E-5,5.039967E-6,4.110171E-10,1.815999E-8,3.105642E-7,3.700853E-8,3.904782E-10,2.85557E-10,5.369591E-9,1.547182E-5,7.799297E-7,7.584172E-6,9.241147E-6,3.852592E-11,3.326437E-7,6.212112E-10,6.789432E-12,7.212743E-9,1.281647E-5,2.43579E-11,5.267067E-8,1.042427E-11,7.231735E-6,1.389977E-6,1.453715E-10,2.565493E-11,1.433666E-6,1.638944E-5,7.940156E-12,0.00407938,5.433309E-7,9.713606E-13,1.051633E-8,3.654785E-9,1.515773E-10,1.08797E-8,0.01101908,0.006628547,0.02673509,9.432655,1.149859E-4,534963.7,534963.7
1.975455E-4,15.69825,-1.223461E7,999.7034,999.7034,0.001805082,1.0,0.9512776,4.958296E-8,2.541542E-5,1.283455E-6,2.226762E-5,2.061025E-6,8.245989E-5,5.481332E-9,7.143257E-7,6.175303E-9,1.039528E-7,4.714535E-5,5.042408E-6,4.122033E-10,1.820789E-8,3.112515E-7,3.701697E-8,3.915178E-10,2.871412E-10,5.390436E-9,1.550198E-5,7.822926E-7,7.593575E-6,9.261754E-6,3.86962E-11,3.333122E-7,6.239767E-10,6.819106E-12,7.229281E-9,1.284216E-5,2.445414E-11,5.284541E-8,1.046516E-11,7.2463E-6,1.3944E-6,1.46209E-10,2.577956E-11,1.43623E-6,1.642208E-5,7.979173E-12,0.004079377,5.443038E-7,9.769748E-13,1.054406E-8,3.668795E-9,1.52375E-10,1.092105E-8,0.01101905,0.006628525,0.02673499,9.432652,1.149859E-4,534963.5,534963.5
2.0E-4,15.69823,-1.225344E7,999.6989,999.6989,0.001805082,1.0,0.9512747,4.97131E-8,2.583439E-5,1.286254E-6,2.263074E-5,2.065136E-6,8.3793E-5,5.63133E-9,7.26385E-7,6.209809E-9,1.041798E-7,4.791275E-5,5.062386E-6,4.221495E-10,1.860849E-8,3.169933E-7,3.709184E-8,4.002246E-10,3.006051E-10,5.566059E-9,1.575373E-5,8.020966E-7,7.671576E-6,9.434057E-6,4.013495E-11,3.388935E-7,6.473492E-10,7.069545E-12,7.367494E-9,1.305666E-5,2.526562E-11,5.431298E-8,1.080991E-11,7.367908E-6,1.431426E-6,1.533211E-10,2.683472E-11,1.457624E-6,1.669456E-5,8.309616E-12,0.004079352,5.524094E-7,1.024733E-12,1.077656E-8,3.786892E-9,1.591415E-10,1.126919E-8,0.01101882,0.00662834,0.02673419,9.432624,1.149861E-4,534961.9,534961.9
2.205551E-4,15.69804,-1.240644E7,999.6618,999.6618,0.001805082,1.0,0.9512503,5.073857E-8,2.9377E-5,1.308594E-6,2.569871E-5,2.097887E-6,9.507012E-5,6.95995E-9,8.286565E-7,6.497226E-9,1.059776E-7,5.440683E-5,5.20809E-6,5.09198E-10,2.203757E-8,3.658711E-7,3.768228E-8,4.758041E-10,4.310807E-10,7.15785E-9,1.788537E-5,9.761524E-7,8.299408E-6,1.090915E-5,5.346583E-11,3.861759E-7,8.642879E-10,9.368353E-12,8.546771E-9,1.487448E-5,3.26719E-11,6.729925E-8,1.395187E-11,8.397926E-6,1.750709E-6,2.216419E-10,3.675306E-11,1.638064E-6,1.900177E-5,1.142546E-11,0.004079141,6.199056E-7,1.490754E-12,1.281327E-8,4.861051E-9,2.237327E-10,1.441191E-8,0.01101686,0.006626774,0.02672738,9.432386,1.149874E-4,534948.4,534948.4
2.264495E-4,15.69799,-1.244856E7,999.6511,999.6511,0.001805082,1.0,0.9512432,5.101451E-8,3.040371E-5,1.314658E-6,2.658709E-5,2.106763E-6,9.833992E-5,7.364586E-9,8.583943E-7,6.579323E-9,1.064638E-7,5.629047E-5,5.243641E-6,5.353965E-10,2.304346E-8,3.801421E-7,3.784199E-8,4.983612E-10,4.747785E-10,7.6549E-9,1.850406E-5,1.028721E-6,8.471185E-6,1.134245E-5,5.772671E-11,3.999076E-7,9.337394E-10,1.00952E-11,8.891947E-9,1.540254E-5,3.500301E-11,7.124958E-8,1.493915E-11,8.696984E-6,1.844958E-6,2.44255E-10,3.996922E-11,1.690212E-6,1.967143E-5,1.243913E-11,0.00407908,6.391199E-7,1.647906E-12,1.342709E-8,5.197436E-9,2.450135E-10,1.538888E-8,0.01101629,0.00662632,0.02672541,9.432317,1.149878E-4,534944.5,534944.5
2.305813E-4,15.69795,-1.247804E7,999.6436,999.6436,0.001805082,1.0,0.9512383,5.120751E-8,3.11262E-5,1.318825E-6,2.721204E-5,2.112862E-6,1.006412E-4,7.65448E-9,8.793462E-7,6.636838E-9,1.067983E-7,5.761634E-5,5.267132E-6,5.540925E-10,2.375409E-8,3.902118E-7,3.795162E-8,5.144116E-10,5.07224E-10,8.01438E-9,1.893963E-5,1.06625E-6,8.589419E-6,1.164886E-5,6.083526E-11,4.095778E-7,9.84434E-10,1.062316E-11,9.13573E-9,1.577442E-5,3.66943E-11,7.407831E-8,1.565498E-11,8.907565E-6,1.911652E-6,2.609527E-10,4.232762E-11,1.726872E-6,2.014292E-5,1.318338E-11,0.004079038,6.525469E-7,1.764885E-12,1.38654E-8,5.440889E-9,2.607116E-10,1.609422E-8,0.01101589,0.006626001,0.02672402,9.432269,1.149881E-4,534941.8,534941.8
2.38554E-4,15.69788,-1.253409E7,999.6289,999.6289,0.001805082,1.0,0.9512286,5.156856E-8,3.252651E-5,1.326697E-6,2.842285E-5,2.124376E-6,1.051022E-4,8.227844E-9,9.200112E-7,6.747815E-9,1.074276E-7,6.018684E-5,5.309515E-6,5.909163E-10,2.513719E-8,4.097897E-7,3.815848E-8,5.459225E-10,5.740903E-10,8.733173E-9,1.978433E-5,1.140202E-6,8.812719E-6,1.224604E-5,6.711336E-11,4.283363E-7,1.086872E-9,1.168389E-11,9.610188E-9,1.649582E-5,4.008898E-11,7.966962E-8,1.709059E-11,9.316002E-6,2.041654E-6,2.951236E-10,4.711794E-11,1.797839E-6,2.105728E-5,1.469721E-11,0.004078956,6.783578E-7,2.006651E-12,1.472934E-8,5.927937E-9,2.92815E-10,1.750169E-8,0.01101511,0.006625381,0.02672133,9.432175,1.149886E-4,534936.5,534936.5
2.613397E-4,15.69767,-1.268635E7,999.5869,999.5869,0.001805082,1.0,0.9512008,5.254126E-8,3.657231E-5,1.348018E-6,3.191798E-5,2.155526E-6,1.179959E-4,9.967329E-9,1.037907E-6,7.065357E-9,1.09129E-7,6.761817E-5,5.412491E-6,7.016661E-10,2.91697E-8,4.6679E-7,3.871693E-8,6.399718E-10,7.988784E-10,1.097446E-8,2.222785E-5,1.362346E-6,9.416319E-6,1.399464E-5,8.718032E-11,4.826449E-7,1.414622E-9,1.502832E-11,1.099503E-8,1.858414E-5,5.078162E-11,9.660249E-8,2.16026E-11,1.049805E-5,2.421427E-6,4.076567E-10,6.263533E-11,2.002277E-6,2.370277E-5,1.961808E-11,0.004078721,7.513504E-7,2.82502E-12,1.73323E-8,7.446516E-9,3.985668E-10,2.186726E-8,0.01101286,0.00662359,0.02671356,9.431903,1.149902E-4,534921.1,534921.1
3.0E-4,15.69731,-1.292133E7,999.5143,999.5143,0.001805082,1.0,0.9511526,5.401256E-8,4.35731E-5,1.380479E-6,3.795589E-5,2.2028E-6,1.403182E-4,1.324557E-8,1.243205E-6,7.606134E-9,1.116955E-7,8.048806E-5,5.543581E-6,9.082839E-10,3.624007E-8,5.668067E-7,3.955894E-8,8.131235E-10,1.309465E-9,1.541833E-8,2.646437E-5,1.773278E-6,1.033081E-5,1.709173E-5,1.287855E-10,5.769546E-7,2.09468E-9,2.178291E-11,1.343569E-8,2.22085E-5,7.242497E-11,1.283728E-7,3.069309E-11,1.254906E-5,3.086369E-6,6.516561E-10,9.550728E-11,2.354102E-6,2.829086E-5,3.010571E-11,0.004078323,8.722747E-7,4.7054E-12,2.219921E-8,1.044228E-8,6.293093E-10,3.043394E-8,0.01100897,0.006620487,0.02670011,9.431433,1.149928E-4,534894.4,534894.4
3.587257E-4,15.69676,-1.32172E7,999.4019,999.4019,0.001805082,1.0,0.9510776,5.58572E-8,5.449011E-5,1.421606E-6,4.734973E-5,2.262304E-6,1.751404E-4,1.895836E-8,1.566131E-6,8.430344E-9,1.149118E-7,1.0057E-4,5.683827E-6,1.268076E-9,4.741368E-8,7.257211E-7,4.061184E-8,1.109041E-9,2.461888E-9,2.373339E-8,3.308467E-5,2.468903E-6,1.148615E-5,2.206602E-5,2.115453E-10,7.246773E-7,3.44606E-9,3.473701E-11,1.733562E-8,2.787796E-5,1.143206E-10,1.831805E-7,4.814643E-11,1.575709E-5,4.126072E-6,1.159022E-9,1.625052E-10,2.898546E-6,3.546359E-5,5.164317E-11,0.004077721,1.047908E-6,9.007554E-12,3.065762E-8,1.594397E-8,1.118052E-9,4.620829E-8,0.01100289,0.006615645,0.02667917,9.4307,1.149968E-4,534852.8,534852.8
3.654649E-4,15.6967,-1.324655E7,999.3888,999.3888,0.001805082,1.0,0.9510689,5.604168E-8,5.576187E-5,1.425725E-6,4.844254E-5,2.268234E-6,1.791971E-4,1.96672E-8,1.603942E-6,8.524852E-9,1.15232E-7,1.029098E-4,5.69717E-6,1.31298E-9,4.872406E-8,7.444333E-7,4.07163E-8,1.145538E-9,2.627617E-9,2.480864E-8,3.385667E-5,2.5536E-6,1.160262E-5,2.265496E-5,2.226277E-10,7.419276E-7,3.62677E-9,3.643746E-11,1.779629E-8,2.853939E-5,1.198596E-10,1.89924E-7,5.044106E-11,1.613134E-5,4.246827E-6,1.228237E-9,1.71582E-10,2.961679E-6,3.630017E-5,5.457231E-11,0.004077652,1.067388E-6,9.630187E-12,3.170853E-8,1.664381E-8,1.185635E-9,4.822758E-8,0.01100218,0.006615081,0.02667674,9.430615,1.149972E-4,534848.0,534848.0
3.660427E-4,15.69669,-1.324868E7,999.3877,999.3877,0.001805082,1.0,0.9510681,5.605568E-8,5.587108E-5,1.426073E-6,4.853636E-5,2.268734E-6,1.795455E-4,1.972846E-8,1.60719E-6,8.53295E-9,1.152595E-7,1.031107E-4,5.698294E-6,1.316865E-9,4.883665E-8,7.460419E-7,4.072533E-8,1.148691E-9,2.642175E-9,2.490198E-8,3.392297E-5,2.560908E-6,1.161246E-5,2.270562E-5,2.235935E-10,7.434092E-7,3.642515E-9,3.658535E-11,1.78359E-8,2.859619E-5,1.203417E-10,1.905062E-7,5.064065E-11,1.616348E-5,4.257191E-6,1.234279E-9,1.723739E-10,2.967098E-6,3.637202E-5,5.482797E-11,0.004077647,1.069052E-6,9.684913E-12,3.179939E-8,1.670444E-8,1.191544E-9,4.840268E-8,0.01100212,0.006615032,0.02667653,9.430608,1.149973E-4,534847.6,534847.6
3.667313E-4,15.69669,-1.325159E7,999.3864,999.3864,0.001805082,1.0,0.9510673,5.607503E-8,5.600126E-5,1.426483E-6,4.86482E-5,2.269325E-6,1.799607E-4,1.980158E-8,1.611063E-6,8.542599E-9,1.152911E-7,1.033502E-4,5.69963E-6,1.321503E-9,4.897089E-8,7.479597E-7,4.073559E-8,1.152454E-9,2.659597E-9,2.501348E-8,3.4002E-5,2.569621E-6,1.162416E-5,2.276602E-5,2.247478E-10,7.451755E-7,3.661332E-9,3.676202E-11,1.788313E-8,2.866391E-5,1.209178E-10,1.912009E-7,5.087911E-11,1.62018E-5,4.269544E-6,1.241501E-9,1.733206E-10,2.973557E-6,3.645766E-5,5.51336E-11,0.00407764,1.071033E-6,9.750415E-12,3.190783E-8,1.677683E-8,1.19861E-9,4.861178E-8,0.01100205,0.006614975,0.02667628,9.430599,1.149973E-4,534847.1,534847.1
4.0E-4,15.69638,-1.338203E7,999.3215,999.3215,0.001805082,1.0,0.9510238,5.690391E-8,6.233208E-5,1.44513E-6,5.408379E-5,2.296058E-6,2.001545E-4,2.346284E-8,1.799845E-6,9.008373E-9,1.167406E-7,1.14998E-4,5.759757E-6,1.555037E-9,5.551855E-8,8.416733E-7,4.120829E-8,1.34074E-9,3.599332E-9,3.070887E-8,3.784674E-5,3.001305E-6,1.215291E-5,2.572406E-5,2.847534E-10,8.311612E-7,4.638531E-9,4.586338E-11,2.019425E-8,3.195895E-5,1.50714E-10,2.257956E-7,6.317245E-11,1.806607E-5,4.868643E-6,1.619547E-9,2.227766E-10,3.286998E-6,4.062456E-5,7.112823E-11,0.004077302,1.164908E-6,1.329294E-11,3.734607E-8,2.043482E-8,1.571349E-9,5.92353E-8,0.01099852,0.006612166,0.02666415,9.430174,1.149996E-4,534823.0,534823.0
5.0E-4,15.69543,-1.365472E7,999.1232,999.1232,0.001805082,1.0,0.9508906,5.872737E-8,8.176037E-5,1.486646E-6,7.072739E-5,2.354608E-6,2.621041E-4,3.588009E-8,2.383733E-6,1.039083E-8,1.199341E-7,1.507378E-4,5.904789E-6,2.370424E-9,7.5834E-8,1.133647E-6,4.224282E-8,1.981578E-9,7.74002E-9,5.138424E-8,4.965679E-5,4.406249E-6,1.337301E-5,3.500436E-5,5.165718E-10,1.095875E-6,8.396576E-9,8.006984E-11,2.742591E-8,4.208727E-5,2.643461E-10,3.401524E-7,1.094234E-10,2.379366E-5,6.684722E-6,3.104284E-9,4.16633E-10,4.242014E-6,5.342494E-5,1.341503E-10,0.004076304,1.424626E-6,2.900438E-11,5.591265E-8,3.310121E-8,3.07716E-9,9.700954E-8,0.01098769,0.006603546,0.02662699,9.428871,1.150065E-4,534749.1,534749.1
6.0E-4,15.69448,-1.378962E7,998.9221,998.9221,0.001805082,1.0,0.9507548,5.978217E-8,1.01591E-4,1.511229E-6,8.766905E-5,2.38793E-6,3.252824E-4,5.019019E-8,2.984998E-6,1.173458E-8,1.217961E-7,1.872009E-4,6.01807E-6,3.359435E-9,9.691129E-8,1.436205E-6,4.283511E-8,2.730543E-9,1.427619E-8,7.711017E-8,6.171744E-5,5.92868E-6,1.417327E-5,4.469351E-5,8.283866E-10,1.366906E-6,1.34183E-8,1.250418E-10,3.495213E-8,5.243972E-5,4.162667E-10,4.660324E-7,1.700035E-10,2.964006E-5,8.504013E-6,5.119699E-9,6.807511E-10,5.20866E-6,6.649285E-5,2.204083E-10,0.004075336,1.649888E-6,5.385027E-11,7.745877E-8,4.772309E-8,5.184515E-9,1.42683E-7,0.01097663,0.006594753,0.02658914,9.427543,1.150135E-4,534673.8,534673.8
7.0E-4,15.69353,-1.383117E7,998.7197,998.7197,0.001805082,1.0,0.9506178,6.03105E-8,1.216347E-4,1.524136E-6,1.047558E-4,2.403994E-6,3.890704E-4,6.615633E-8,3.596474E-6,1.303349E-8,1.227452E-7,2.240344E-4,6.111928E-6,4.522781E-9,1.18579E-7,1.744532E-6,4.312431E-8,3.581061E-9,2.370045E-8,1.074031E-7,7.390423E-5,7.526079E-6,1.468738E-5,5.462359E-5,1.221335E-9,1.641319E-6,1.971055E-8,1.812657E-10,4.264054E-8,6.290966E-5,6.084199E-10,5.993097E-7,2.450501E-10,3.554142E-5,1.031134E-5,7.661893E-9,1.016058E-9,6.179629E-6,7.968939E-5,3.301614E-10,0.004074398,1.841882E-6,8.952342E-11,1.015065E-7,6.369027E-8,7.887356E-9,1.950414E-7,0.01096547,0.006585874,0.02655096,9.426203,1.150204E-4,534597.8,534597.8
8.0E-4,15.69259,-1.381131E7,998.5172,998.5172,0.001805082,1.0,0.9504804,6.048666E-8,1.417637E-4,1.529199E-6,1.218849E-4,2.408549E-6,4.530526E-4,8.359789E-8,4.213228E-6,1.428756E-8,1.230825E-7,2.610013E-4,6.192569E-6,5.858336E-9,1.407215E-7,2.055297E-6,4.321055E-8,4.526456E-9,3.64425E-8,1.417256E-7,8.613291E-5,9.169178E-6,1.500913E-5,6.468081E-5,1.694686E-9,1.917132E-6,2.725597E-8,2.491072E-10,5.039919E-8,7.342523E-5,8.420185E-10,7.370387E-7,3.34447E-10,4.145501E-5,1.209778E-5,1.071763E-8,1.421941E-9,7.150039E-6,9.292143E-5,4.63119E-10,0.004073491,2.003326E-6,1.373783E-10,1.275995E-7,8.054009E-8,1.114905E-8,2.529001E-7,0.01095426,0.00657697,0.02651269,9.424858,1.150274E-4,534521.5,534521.5
9.0E-4,15.69165,-1.375182E7,998.3153,998.3153,0.001805082,1.0,0.9503432,6.043084E-8,1.618929E-4,1.529078E-6,1.389888E-4,2.405552E-6,5.169543E-4,1.023766E-7,4.83194E-6,1.549963E-8,1.230159E-7,2.979446E-4,6.263847E-6,7.362423E-9,1.632593E-7,2.366264E-6,4.316298E-8,5.560561E-9,5.2869E-8,1.795425E-7,9.834746E-5,1.083818E-5,1.520287E-5,7.478918E-5,2.246649E-9,2.193035E-6,3.602512E-8,3.288504E-10,5.816613E-8,8.393866E-5,1.117759E-9,8.771883E-7,4.379394E-10,4.735275E-5,1.385796E-5,1.426926E-8,1.897056E-9,8.11668E-6,1.061276E-4,6.187263E-10,0.004072612,2.137599E-6,1.984614E-10,1.553306E-7,9.794155E-8,1.491485E-8,3.151866E-7,0.01094307,0.006568077,0.02647449,9.423516,1.150343E-4,534445.4,534445.4
0.001,15.69072,-1.366717E7,998.1144,998.1144,0.001805082,1.0,0.9502065,6.022424E-8,1.819669E-4,1.525571E-6,1.560238E-4,2.397665E-6,5.805971E-4,1.223857E-7,5.450418E-6,1.66735E-8,1.226857E-7,3.347621E-4,6.328267E-6,9.030602E-9,1.861376E-7,2.675968E-6,4.302821E-8,6.677915E-9,7.328755E-8,2.20349E-7,1.105114E-4,1.251991E-5,1.531189E-5,8.489886E-5,2.874879E-9,2.46817E-6,4.598323E-8,4.20724E-10,6.590076E-8,9.441869E-5,1.435965E-9,1.018393E-6,5.55202E-10,5.321652E-5,1.55888E-5,1.829738E-8,2.43977E-9,9.077493E-6,1.192681E-4,7.963234E-10,0.004071758,2.248231E-6,2.735553E-10,1.843489E-7,1.15666E-7,1.912126E-8,3.809685E-7,0.01093192,0.006559222,0.02643646,9.42218,1.150411E-4,534369.6,534369.6
0.0011,15.68979,-1.356696E7,997.9149,997.9149,0.001805082,1.0,0.9500706,5.992066E-8,2.0195E-4,1.519884E-6,1.729618E-4,2.38666E-6,6.438669E-4,1.435414E-7,6.067231E-6,1.781334E-8,1.221856E-7,3.713878E-4,6.38747E-6,1.085818E-8,2.09318E-7,2.983471E-6,4.283743E-8,7.873784E-9,9.795251E-8,2.636847E-7,1.226011E-4,1.420567E-5,1.536511E-5,9.497734E-5,3.576797E-9,2.741985E-6,5.709437E-8,5.249191E-10,7.357694E-8,1.048451E-4,1.796697E-9,1.159749E-6,6.858819E-10,5.903484E-5,1.728865E-5,2.278239E-8,3.048424E-9,1.003117E-5,1.323177E-4,9.952383E-10,0.004070927,2.338595E-6,3.632258E-10,2.143601E-7,1.335587E-7,2.3703E-8,4.494577E-7,0.01092084,0.006550421,0.02639868,9.420851,1.150479E-4,534294.3,534294.3
0.0012,15.68888,-1.345732E7,997.717,997.717,0.001805082,1.0,0.9499357,5.955641E-8,2.218196E-4,1.512807E-6,1.897858E-4,2.373699E-6,7.066926E-4,1.657759E-7,6.68147E-6,1.892106E-8,1.215771E-7,4.077805E-4,6.442566E-6,1.284039E-8,2.327729E-7,3.288188E-6,4.261102E-8,9.144062E-9,1.27071E-7,3.09137E-7,1.34602E-4,1.588981E-5,1.538157E-5,1.050039E-4,4.349721E-9,3.014133E-6,6.932292E-8,6.415992E-10,8.11784E-8,1.15205E-4,2.199816E-9,1.300669E-6,8.296199E-10,6.480065E-5,1.895685E-5,2.77051E-8,3.721429E-9,1.097693E-5,1.452608E-4,1.214825E-9,0.004070117,2.411773E-6,4.678559E-10,2.451208E-7,1.515172E-7,2.859697E-8,5.199984E-7,0.01090983,0.006541683,0.02636117,9.419533,1.150546E-4,534219.5,534219.5
0.0013,15.68797,-1.334259E7,997.5207,997.5207,0.001805082,1.0,0.9498017,5.915373E-8,2.415616E-4,1.504871E-6,2.06485E-4,2.359553E-6,7.690302E-4,1.890341E-7,7.292553E-6,2.0003E-8,1.209025E-7,4.439144E-4,6.494294E-6,1.49727E-8,2.56482E-7,3.589762E-6,4.236313E-8,1.04852E-8,1.608095E-7,3.563397E-7,1.465049E-4,1.756861E-5,1.5374E-5,1.149654E-4,5.191057E-9,3.284394E-6,8.263533E-8,7.709076E-10,8.869513E-8,1.254903E-4,2.645036E-9,1.440772E-6,9.860637E-10,7.050969E-5,2.059329E-5,3.304739E-8,4.457325E-9,1.19143E-5,1.580876E-4,1.454484E-9,0.004069325,2.470485E-6,5.876967E-10,2.764311E-7,1.694733E-7,3.374508E-8,5.920507E-7,0.0108989,0.006533015,0.02632396,9.418224,1.150612E-4,534145.3,534145.3
0.0014,15.68707,-1.322527E7,997.3261,997.3261,0.001805082,1.0,0.9496688,5.872773E-8,2.611678E-4,1.496422E-6,2.230537E-4,2.344725E-6,8.308548E-4,2.132691E-7,7.90013E-6,2.105811E-8,1.201873E-7,4.797744E-4,6.543177E-6,1.72507E-8,2.804299E-7,3.88799E-6,4.210214E-8,1.189413E-8,1.992988E-7,4.049704E-7,1.583045E-4,1.923972E-5,1.535072E-5,1.248537E-4,6.098258E-9,3.552642E-6,9.699968E-8,9.129698E-10,9.612148E-8,1.356962E-4,3.131956E-9,1.57982E-6,1.154872E-9,7.615964E-5,2.219827E-5,3.879208E-8,5.254777E-9,1.284303E-5,1.70793E-4,1.713659E-9,0.004068551,2.517091E-6,7.228815E-10,3.081282E-7,1.873829E-7,3.909519E-8,6.65173E-7,0.01088807,0.00652442,0.02628707,9.416927,1.150678E-4,534071.7,534071.7
0.0015,15.68618,-1.310692E7,997.1332,997.1332,0.001805082,1.0,0.949537,5.829157E-8,2.806338E-4,1.487685E-6,2.394888E-4,2.329543E-6,8.921534E-4,2.384398E-7,8.503995E-6,2.209068E-8,1.194497E-7,5.153522E-4,6.58958E-6,1.967013E-8,3.046044E-7,4.18277E-6,4.183412E-8,1.336805E-8,2.426386E-7,4.547461E-7,1.699979E-4,2.090163E-5,1.531724E-5,1.346639E-4,7.068858E-9,3.818805E-6,1.123855E-7,1.067897E-9,1.034545E-7,1.458199E-4,3.660084E-9,1.717664E-6,1.335717E-9,8.174939E-5,2.37723E-5,4.492272E-8,6.112563E-9,1.376302E-5,1.833743E-4,1.991842E-9,0.004067791,2.553612E-6,8.734502E-10,3.400801E-7,2.052173E-7,4.460165E-8,7.390063E-7,0.01087733,0.006515901,0.02625051,9.415642,1.150744E-4,533998.8,533998.8
0.0016,15.68529,-1.298881E7,996.942,996.942,0.001805082,1.0,0.9494064,5.784971E-8,2.999573E-4,1.478811E-6,2.557892E-4,2.314223E-6,9.529207E-4,2.6451E-7,9.104041E-6,2.310095E-8,1.187017E-7,5.506441E-4,6.633772E-6,2.222697E-8,3.28995E-7,4.474062E-6,4.156302E-8,1.490448E-8,2.909023E-7,5.054188E-7,1.81584E-4,2.255342E-5,1.527718E-5,1.443935E-4,8.100515E-9,4.08285E-6,1.287645E-7,1.235787E-9,1.106931E-7,1.558601E-4,4.228857E-9,1.854218E-6,1.528285E-9,8.727862E-5,2.531604E-5,5.142395E-8,7.029567E-9,1.467425E-5,1.958304E-4,2.288559E-9,0.004067045,2.581758E-6,1.039374E-9,3.721801E-7,2.229584E-7,5.022506E-8,8.1326E-7,0.01086668,0.006507457,0.02621427,9.414367,1.150809E-4,533926.5,533926.5
0.0017,15.68442,-1.28716E7,996.7526,996.7526,0.001805082,1.0,0.9492768,5.740694E-8,3.191379E-4,1.469897E-6,2.719553E-4,2.298905E-6,0.001013157,2.914472E-7,9.700223E-6,2.409114E-8,1.179507E-7,5.856494E-4,6.675955E-6,2.491738E-8,3.535931E-7,4.761868E-6,4.129135E-8,1.650118E-8,3.441398E-7,5.567715E-7,1.930626E-4,2.419453E-5,1.523295E-5,1.540413E-4,9.190993E-9,4.344766E-6,1.461097E-7,1.416725E-9,1.178372E-7,1.658162E-4,4.837653E-9,1.989433E-6,1.732276E-9,9.274755E-5,2.68302E-5,5.828123E-8,8.004755E-9,1.557677E-5,2.081616E-4,2.603373E-9,0.004066312,2.602967E-6,1.220569E-9,4.04342E-7,2.405946E-7,5.593192E-8,8.876995E-7,0.01085612,0.00649909,0.02617836,9.413104,1.150873E-4,533854.9,533854.9
0.0018,15.68355,-1.275573E7,996.5648,996.5648,0.001805082,1.0,0.9491483,5.696619E-8,3.381761E-4,1.461009E-6,2.879878E-4,2.28368E-6,0.001072864,3.192213E-7,1.029254E-5,2.506201E-8,1.172019E-7,6.203692E-4,6.71629E-6,2.773768E-8,3.783908E-7,5.046218E-6,4.102078E-8,1.815608E-8,4.023811E-7,6.086151E-7,2.044343E-4,2.582467E-5,1.518615E-5,1.636068E-4,1.033815E-8,4.604563E-6,1.643955E-7,1.610785E-9,1.248877E-7,1.756884E-4,5.485803E-9,2.123288E-6,1.947403E-9,9.815671E-5,2.831556E-5,6.548077E-8,9.037161E-9,1.647066E-5,2.20369E-4,2.935871E-9,0.00406559,2.618441E-6,1.416902E-9,4.364969E-7,2.581193E-7,6.169405E-8,9.621367E-7,0.01084566,0.006490797,0.02614278,9.411852,1.150937E-4,533783.9,533783.9
0.0019,15.68269,-1.264145E7,996.3788,996.3788,0.001805082,1.0,0.949021,5.652921E-8,3.570732E-4,1.452185E-6,3.038883E-4,2.268602E-6,0.001132049,3.478042E-7,1.088101E-5,2.60146E-8,1.164583E-7,6.548058E-4,6.754904E-6,3.068435E-8,4.033807E-7,5.327156E-6,4.075233E-8,1.986723E-8,4.656392E-7,6.607836E-7,2.157E-4,2.744368E-5,1.513784E-5,1.730905E-4,1.153995E-8,4.862256E-6,1.835975E-7,1.81803E-9,1.318457E-7,1.854771E-4,6.172602E-9,2.255778E-6,2.173389E-9,1.035068E-4,2.977289E-5,7.300946E-8,1.012588E-8,1.735603E-5,2.324538E-4,3.285664E-9,0.004064879,2.629187E-6,1.628211E-9,4.68589E-7,2.755285E-7,6.748777E-8,1.036419E-6,0.01083529,0.00648258,0.02610751,9.410612,1.151E-4,533713.5,533713.6
0.001997148,15.68186,-1.253221E7,996.1996,996.1996,0.001805082,1.0,0.9488983,5.610891E-8,3.752975E-4,1.443696E-6,3.192105E-4,2.254121E-6,0.001189051,3.763215E-7,1.144905E-5,2.69231E-8,1.157421E-7,6.879919E-4,6.790861E-6,3.366479E-8,4.278354E-7,5.596864E-6,4.049412E-8,2.158173E-8,5.318954E-7,7.116373E-7,2.265441E-4,2.900589E-5,1.509012E-5,1.822259E-4,1.275792E-8,5.110607E-6,2.031071E-7,2.032041E-9,1.385181E-7,1.949075E-4,6.87612E-9,2.383185E-6,2.403076E-9,1.086486E-4,3.116254E-5,8.062673E-8,1.123663E-8,1.820809E-5,2.440781E-4,3.641692E-9,0.004064198,2.635892E-6,1.847649E-9,4.996633E-7,2.923286E-7,7.312789E-8,1.10832E-6,0.0108253,0.006474667,0.02607356,9.409418,1.151061E-4,533645.8,533645.8
0.002,15.68183,-1.252905E7,996.1944,996.1944,0.001805082,1.0,0.9488947,5.60961E-8,3.758306E-4,1.443447E-6,3.196586E-4,2.253692E-6,0.001190718,3.771697E-7,1.146567E-5,2.694949E-8,1.157197E-7,6.889624E-4,6.791892E-6,3.375402E-8,4.285561E-7,5.604736E-6,4.04864E-8,2.163283E-8,5.339122E-7,7.131318E-7,2.268611E-4,2.905161E-5,1.508871E-5,1.824929E-4,1.279441E-8,5.117869E-6,2.036925E-7,2.038513E-9,1.387127E-7,1.951833E-4,6.89731E-9,2.386907E-6,2.409969E-9,1.087988E-4,3.120296E-5,8.085479E-8,1.127003E-8,1.823299E-5,2.444177E-4,3.652384E-9,0.004064178,2.63604E-6,1.854301E-9,5.005738E-7,2.928202E-7,7.32935E-8,1.110427E-6,0.010825,0.006474436,0.02607257,9.409383,1.151063E-4,533643.8,533643.8
0.002011464,15.68174,-1.251556E7,996.1733,996.1733,0.001805082,1.0,0.9488803,5.604519E-8,3.779721E-4,1.442443E-6,3.214581E-4,2.251971E-6,0.001197411,3.805848E-7,1.153246E-5,2.705533E-8,1.15634E-7,6.928602E-4,6.79602E-6,3.411362E-8,4.314536E-7,5.636344E-6,4.045486E-8,2.183863E-8,5.420585E-7,7.191382E-7,2.281339E-4,2.923527E-5,1.508303E-5,1.835656E-4,1.29415E-8,5.14704E-6,2.060521E-7,2.064636E-9,1.394942E-7,1.962907E-4,6.982775E-9,2.401853E-6,2.437754E-9,1.094017E-4,3.136519E-5,8.177382E-8,1.14047E-8,1.833298E-5,2.457815E-4,3.695488E-9,0.004064098,2.636607E-6,1.881153E-9,5.042319E-7,2.947949E-7,7.395906E-8,1.118888E-6,0.01082383,0.006473507,0.02606858,9.409242,1.15107E-4,533635.9,533635.9
0.00203298,15.68155,-1.249224E7,996.1339,996.1339,0.001805082,1.0,0.9488533,5.595576E-8,3.819862E-4,1.44059E-6,3.24831E-4,2.248826E-6,0.001209953,3.870235E-7,1.165766E-5,2.725401E-8,1.15481E-7,7.001657E-4,6.803743E-6,3.479312E-8,4.368988E-7,5.695546E-6,4.039975E-8,2.222689E-8,5.575384E-7,7.304131E-7,2.30519E-4,2.957948E-5,1.507239E-5,1.85576E-4,1.321949E-8,5.201714E-6,2.105139E-7,2.114172E-9,1.409575E-7,1.983661E-4,7.144593E-9,2.429854E-6,2.490297E-9,1.105313E-4,3.166868E-5,8.351029E-8,1.165952E-8,1.852036E-5,2.483368E-4,3.77702E-9,0.004063949,2.637557E-6,1.932106E-9,5.110923E-7,2.984968E-7,7.520803E-8,1.134755E-6,0.01082163,0.006471766,0.02606111,9.40898,1.151083E-4,533621.0,533621.0
0.0021,15.68099,-1.241839E7,996.0116,996.0116,0.001805082,1.0,0.9487695,5.567172E-8,3.944493E-4,1.434846E-6,3.352995E-4,2.239048E-6,0.001248874,4.072992E-7,1.204656E-5,2.786813E-8,1.149964E-7,7.228404E-4,6.827374E-6,3.694452E-8,4.539119E-7,5.878995E-6,4.022486E-8,2.345161E-8,6.072265E-7,7.655337E-7,2.37918E-4,3.064833E-5,1.503925E-5,1.918145E-4,1.41001E-8,5.371416E-6,2.246652E-7,2.27239E-9,1.454898E-7,2.04807E-4,7.659479E-9,2.516679E-6,2.656972E-9,1.14033E-4,3.260631E-5,8.90074E-8,1.246925E-8,1.910161E-5,2.562617E-4,4.035814E-9,0.004063486,2.639668E-6,2.095081E-9,5.324151E-7,3.099929E-7,7.909505E-8,1.184059E-6,0.01081481,0.006466365,0.02603794,9.408164,1.151125E-4,533574.7,533574.7
0.0022,15.68015,-1.230962E7,995.8304,995.8304,0.001805082,1.0,0.9486453,5.525182E-8,4.129336E-4,1.426343E-6,3.508155E-4,2.224585E-6,0.001306533,4.381569E-7,1.262378E-5,2.877034E-8,1.14279E-7,7.564486E-4,6.861425E-6,4.025067E-8,4.794393E-7,6.150056E-6,3.996616E-8,2.532114E-8,6.85473E-7,8.178829E-7,2.48874E-4,3.223403E-5,1.498981E-5,2.010575E-4,1.54544E-8,5.622962E-6,2.464802E-7,2.519473E-9,1.521803E-7,2.143508E-4,8.457725E-9,2.645133E-6,2.913985E-9,1.192116E-4,3.398415E-5,9.745109E-8,1.372184E-8,1.996217E-5,2.679898E-4,4.435342E-9,0.004062803,2.640704E-6,2.350082E-9,5.640879E-7,3.27049E-7,8.487947E-8,1.257249E-6,0.0108047,0.006458365,0.02600361,9.406956,1.151186E-4,533506.2,533506.2
0.002272684,15.67954,-1.223189E7,995.6998,995.6998,0.001805082,1.0,0.9485557,5.495062E-8,4.262847E-4,1.420233E-6,3.62015E-4,2.214197E-6,0.001348132,4.610333E-7,1.304105E-5,2.941606E-8,1.137626E-7,7.807076E-4,6.885298E-6,4.272516E-8,4.980986E-7,6.345083E-6,3.97799E-8,2.67112E-8,7.454471E-7,8.558438E-7,2.567743E-4,3.337975E-5,1.495397E-5,2.077267E-4,1.646853E-8,5.804545E-6,2.628573E-7,2.707433E-9,1.569893E-7,2.212376E-4,9.060302E-9,2.737676E-6,3.10699E-9,1.229409E-4,3.496987E-5,1.037663E-7,1.46656E-8,2.058263E-5,2.764419E-4,4.735739E-9,0.004062311,2.640083E-6,2.544289E-9,5.869896E-7,3.393726E-7,8.906689E-8,1.310132E-6,0.01079741,0.006452594,0.02597886,9.406085,1.151231E-4,533456.8,533456.8
0.002275231,15.67952,-1.22289E7,995.6952,995.6952,0.001805082,1.0,0.9485525,5.493943E-8,4.267513E-4,1.420015E-6,3.624064E-4,2.213829E-6,0.001349585,4.618418E-7,1.305564E-5,2.94385E-8,1.137433E-7,7.815553E-4,6.88612E-6,4.281296E-8,4.987541E-7,6.351888E-6,3.977333E-8,2.676039E-8,7.475961E-7,8.571723E-7,2.570503E-4,3.341981E-5,1.495271E-5,2.079597E-4,1.650452E-8,5.81089E-6,2.634391E-7,2.714149E-9,1.57157E-7,2.214782E-4,9.081757E-9,2.740907E-6,3.113847E-9,1.230711E-4,3.500418E-5,1.039902E-7,1.469918E-8,2.06043E-5,2.767371E-4,4.746417E-9,0.004062294,2.640042E-6,2.551229E-9,5.877903E-7,3.398034E-7,8.921334E-8,1.31198E-6,0.01079716,0.006452393,0.02597799,9.406055,1.151232E-4,533455.1,533455.1
0.0023,15.67932,-1.220276E7,995.6509,995.6509,0.001805082,1.0,0.9485221,5.483843E-8,4.312839E-4,1.417964E-6,3.66207E-4,2.210347E-6,0.001363698,4.697279E-7,1.319737E-5,2.965676E-8,1.135719E-7,7.897878E-4,6.894091E-6,4.367069E-8,5.051339E-7,6.417944E-6,3.971121E-8,2.724039E-8,7.686696E-7,8.700824E-7,2.597297E-4,3.380882E-5,1.494053E-5,2.102224E-4,1.68561E-8,5.872515E-6,2.691257E-7,2.779929E-9,1.587849E-7,2.238149E-4,9.291645E-9,2.772276E-6,3.180876E-9,1.243348E-4,3.53369E-5,1.061781E-7,1.50276E-8,2.081471E-5,2.796027E-4,4.85082E-9,0.004062128,2.639584E-6,2.619216E-9,5.955685E-7,3.43988E-7,9.063602E-8,1.329933E-6,0.01079468,0.006450435,0.02596959,9.405759,1.151247E-4,533438.3,533438.3
0.0024,15.67849,-1.209783E7,995.4728,995.4728,0.001805082,1.0,0.9484,5.443204E-8,4.495034E-4,1.409726E-6,3.814771E-4,2.196361E-6,0.001420381,5.019873E-7,1.37674E-5,3.052858E-8,1.128759E-7,8.228639E-4,6.925479E-6,4.720117E-8,5.309891E-7,6.682747E-6,3.946028E-8,2.920768E-8,8.567483E-7,9.220511E-7,2.704871E-4,3.537278E-5,1.48916E-5,2.193107E-4,1.830332E-8,6.120119E-6,2.925779E-7,3.053713E-9,1.65306E-7,2.332008E-4,1.016027E-8,2.898136E-6,3.457366E-9,1.294041E-4,3.666541E-5,1.151766E-7,1.638553E-8,2.165941E-5,2.91103E-4,5.281851E-9,0.00406146,2.636722E-6,2.902167E-9,6.268412E-7,3.608116E-7,9.635611E-8,1.402066E-6,0.01078475,0.006442575,0.02593587,9.404572,1.151308E-4,533371.0,533371.0
0.0025,15.67767,-1.199471E7,995.2963,995.2963,0.001805082,1.0,0.9482789,5.403197E-8,4.675937E-4,1.401606E-6,3.966274E-4,2.182588E-6,0.001476588,5.349164E-7,1.433393E-5,3.138549E-8,1.121898E-7,8.556802E-4,6.955616E-6,5.083959E-8,5.569997E-7,6.94452E-6,3.921298E-8,3.122175E-8,9.496727E-7,9.737193E-7,2.811476E-4,3.692608E-5,1.484308E-5,2.283234E-4,1.979462E-8,6.365801E-6,3.1682E-7,3.34087E-9,1.717452E-7,2.425094E-4,1.106291E-8,3.022731E-6,3.743265E-9,1.344201E-4,3.797027E-5,1.244376E-7,1.779505E-8,2.249639E-5,3.024924E-4,5.728181E-9,0.004060801,2.632427E-6,3.198721E-9,6.578928E-7,3.775211E-7,1.02033E-7,1.473615E-6,0.0107749,0.006434782,0.02590243,9.403395,1.151368E-4,533304.3,533304.3
0.0026,15.67686,-1.189343E7,995.1213,995.1213,0.001805082,1.0,0.9481587,5.363856E-8,4.855569E-4,1.393618E-6,4.1166E-4,2.169044E-6,0.001532327,5.684956E-7,1.489702E-5,3.222827E-8,1.115144E-7,8.882408E-4,6.984566E-6,5.45833E-8,5.831603E-7,7.203326E-6,3.896953E-8,3.328129E-8,1.047387E-6,1.025027E-6,2.917128E-4,3.846885E-5,1.479501E-5,2.372618E-4,2.13285E-8,6.609594E-6,3.418337E-7,3.641401E-9,1.781041E-7,2.517418E-4,1.199877E-8,3.146086E-6,4.038358E-9,1.393839E-4,3.925213E-5,1.339518E-7,1.925547E-8,2.332577E-5,3.137729E-4,6.189518E-9,0.004060148,2.626966E-6,3.508627E-9,6.887138E-7,3.941178E-7,1.076613E-7,1.544554E-6,0.01076513,0.006427056,0.02586929,9.402229,1.151428E-4,533238.1,533238.1
0.0027,15.67605,-1.179394E7,994.9477,994.9477,0.001805082,1.0,0.9480395,5.325172E-8,5.033952E-4,1.385757E-6,4.26577E-4,2.155726E-6,0.001587606,6.027054E-7,1.545674E-5,3.305731E-8,1.108495E-7,9.205501E-4,7.012383E-6,5.842965E-8,6.094654E-7,7.45923E-6,3.872987E-8,3.538498E-8,1.14983E-6,1.07592E-6,3.021843E-4,4.000126E-5,1.474746E-5,2.461272E-4,2.290347E-8,6.85153E-6,3.67601E-7,3.955302E-9,1.843847E-7,2.608992E-4,1.296705E-8,3.268222E-6,4.342436E-9,1.442964E-4,4.051162E-5,1.437099E-7,2.076606E-8,2.414769E-5,3.249465E-4,6.66557E-9,0.004059502,2.620565E-6,3.831625E-9,7.192971E-7,4.106035E-7,1.132367E-7,1.614863E-6,0.01075544,0.006419395,0.02583642,9.401072,1.151487E-4,533172.5,533172.5
0.0028,15.67526,-1.16962E7,994.7756,994.7756,0.001805082,1.0,0.9479212,5.287131E-8,5.211107E-4,1.378022E-6,4.413805E-4,2.142627E-6,0.001642433,6.375274E-7,1.601315E-5,3.387299E-8,1.101948E-7,9.526122E-4,7.039115E-6,6.237612E-8,6.359095E-7,7.712296E-6,3.849392E-8,3.753161E-8,1.256937E-6,1.126355E-6,3.125637E-4,4.152346E-5,1.470043E-5,2.549208E-4,2.451811E-8,7.091642E-6,3.941043E-7,4.282565E-9,1.905885E-7,2.699828E-4,1.396696E-8,3.389163E-6,4.655296E-9,1.491588E-4,4.174936E-5,1.53703E-7,2.232617E-8,2.496227E-5,3.360152E-4,7.156061E-9,0.004058863,2.613411E-6,4.167458E-9,7.496376E-7,4.269798E-7,1.187559E-7,1.684529E-6,0.01074582,0.006411799,0.02580384,9.399925,1.151546E-4,533107.4,533107.4
0.0029,15.67446,-1.160017E7,994.6049,994.6049,0.001805082,1.0,0.9478039,5.249722E-8,5.387056E-4,1.37041E-6,4.560724E-4,2.129744E-6,0.001696816,6.729437E-7,1.656631E-5,3.467567E-8,1.095503E-7,9.844311E-4,7.064807E-6,6.642026E-8,6.624878E-7,7.962583E-6,3.826164E-8,3.971997E-8,1.368639E-6,1.176294E-6,3.228525E-4,4.303558E-5,1.465394E-5,2.636437E-4,2.617109E-8,7.329962E-6,4.213271E-7,4.623175E-9,1.967174E-7,2.789936E-4,1.499772E-8,3.508932E-6,4.976743E-9,1.539718E-4,4.296594E-5,1.639229E-7,2.393512E-8,2.576966E-5,3.469809E-4,7.66072E-9,0.004058231,2.605656E-6,4.515875E-9,7.797323E-7,4.432485E-7,1.242164E-7,1.753544E-6,0.01073629,0.006404266,0.02577153,9.398787,1.151604E-4,533042.9,533042.9
0.003,15.67368,-1.150579E7,994.4356,994.4356,0.001805082,1.0,0.9476875,5.212933E-8,5.561817E-4,1.362918E-6,4.706546E-4,2.11707E-6,0.001750763,7.089371E-7,1.711629E-5,3.54657E-8,1.089157E-7,0.001016011,7.089503E-6,7.055971E-8,6.891949E-7,8.210151E-6,3.803293E-8,4.194894E-8,1.484868E-6,1.225704E-6,3.330523E-4,4.453779E-5,1.4608E-5,2.722972E-4,2.786108E-8,7.566519E-6,4.49253E-7,4.977112E-9,2.027729E-7,2.879329E-4,1.605856E-8,3.627552E-6,5.306589E-9,1.587364E-4,4.416191E-5,1.743614E-7,2.559226E-8,2.656996E-5,3.578453E-4,8.179285E-9,0.004057604,2.597428E-6,4.876624E-9,8.095791E-7,4.594111E-7,1.296163E-7,1.821902E-6,0.01072683,0.006396795,0.02573948,9.397658,1.151662E-4,532978.9,532978.9
0.0031,15.6729,-1.141304E7,994.2677,994.2677,0.001805082,1.0,0.947572,5.176748E-8,5.735411E-4,1.355544E-6,4.851291E-4,2.104602E-6,0.001804281,7.45491E-7,1.766313E-5,3.624341E-8,1.082908E-7,0.001047355,7.113242E-6,7.479218E-8,7.160261E-7,8.455057E-6,3.780774E-8,4.421741E-8,1.605551E-6,1.27456E-6,3.431646E-4,4.603023E-5,1.45626E-5,2.808825E-4,2.958683E-8,7.801345E-6,4.778664E-7,5.344349E-9,2.087566E-7,2.968015E-4,1.714871E-8,3.745043E-6,5.64465E-9,1.634534E-4,4.533783E-5,1.850107E-7,2.729697E-8,2.73633E-5,3.686104E-4,8.711502E-9,0.004056983,2.588831E-6,5.249459E-9,8.391776E-7,4.754694E-7,1.349544E-7,1.889604E-6,0.01071745,0.006389385,0.0257077,9.396539,1.151719E-4,532915.4,532915.4
0.0032,15.67212,-1.132186E7,994.1011,994.1011,0.001805082,1.0,0.9474574,5.141153E-8,5.907857E-4,1.348285E-6,4.994978E-4,2.092334E-6,0.001857378,7.825894E-7,1.820691E-5,3.700913E-8,1.076755E-7,0.001078468,7.136063E-6,7.911546E-8,7.429766E-7,8.697357E-6,3.758597E-8,4.652432E-8,1.730612E-6,1.32284E-6,3.531908E-4,4.751305E-5,1.451775E-5,2.894006E-4,3.134714E-8,8.034468E-6,5.07152E-7,5.724858E-9,2.146701E-7,3.056007E-4,1.826744E-8,3.861427E-6,5.990748E-9,1.681239E-4,4.649421E-5,1.958636E-7,2.904861E-8,2.814979E-5,3.792779E-4,9.257122E-9,0.004056369,2.579948E-6,5.634137E-9,8.685279E-7,4.91425E-7,1.402299E-7,1.95665E-6,0.01070814,0.006382036,0.02567617,9.395429,1.151776E-4,532852.5,532852.5
0.0033,15.67135,-1.123221E7,993.9358,993.9358,0.001805082,1.0,0.9473436,5.106136E-8,6.079174E-4,1.341138E-6,5.137623E-4,2.080261E-6,0.00191006,8.202169E-7,1.874767E-5,3.776314E-8,1.070694E-7,0.001109353,7.158001E-6,8.352738E-8,7.700416E-7,8.937104E-6,3.736755E-8,4.886865E-8,1.859978E-6,1.370526E-6,3.631322E-4,4.898638E-5,1.447343E-5,2.978527E-4,3.314084E-8,8.265917E-6,5.370951E-7,6.118604E-9,2.205148E-7,3.143315E-4,1.9414E-8,3.976724E-6,6.34471E-9,1.727485E-4,4.763156E-5,2.069127E-7,3.084658E-8,2.892956E-5,3.898495E-4,9.815903E-9,0.00405576,2.57085E-6,6.030419E-9,8.976311E-7,5.072795E-7,1.454424E-7,2.023043E-6,0.01069891,0.006374745,0.0256449,9.394327,1.151832E-4,532790.0,532790.0
0.0034,15.67059,-1.114406E7,993.7718,993.7718,0.001805082,1.0,0.9472307,5.07168E-8,6.249379E-4,1.3341E-6,5.279244E-4,2.068377E-6,0.001962335,8.583585E-7,1.928547E-5,3.850574E-8,1.064724E-7,0.001140014,7.17909E-6,8.802588E-8,7.972166E-7,9.174351E-6,3.71524E-8,5.124942E-8,1.993571E-6,1.417608E-6,3.729904E-4,5.045036E-5,1.442965E-5,3.062399E-4,3.496683E-8,8.49572E-6,5.676814E-7,6.525546E-9,2.262922E-7,3.229949E-4,2.058767E-8,4.090956E-6,6.706371E-9,1.773281E-4,4.875036E-5,2.181513E-7,3.269028E-8,2.970272E-5,4.003269E-4,1.038761E-8,0.004055156,2.561588E-6,6.438072E-9,9.264891E-7,5.230346E-7,1.50592E-7,2.088788E-6,0.01068974,0.006367513,0.02561388,9.393235,1.151888E-4,532728.0,532728.0
0.0035,15.66983,-1.105737E7,993.6091,993.6091,0.001805082,1.0,0.9471186,5.037773E-8,6.41849E-4,1.327169E-6,5.419858E-4,2.056678E-6,0.002014208,8.969997E-7,1.982037E-5,3.92372E-8,1.058842E-7,0.001170454,7.199364E-6,9.260893E-8,8.244972E-7,9.409147E-6,3.694044E-8,5.366569E-8,2.131315E-6,1.464073E-6,3.827666E-4,5.190514E-5,1.438638E-5,3.145632E-4,3.6824E-8,8.723904E-6,5.988971E-7,6.945642E-9,2.320037E-7,3.315918E-4,2.178775E-8,4.20414E-6,7.075566E-9,1.818636E-4,4.985108E-5,2.295727E-7,3.457911E-8,3.046936E-5,4.107117E-4,1.097202E-8,0.004054558,2.552211E-6,6.856866E-9,9.551037E-7,5.386916E-7,1.556786E-7,2.153891E-6,0.01068065,0.006360337,0.02558311,9.392151,1.151944E-4,532666.5,532666.5
0.0036,15.66908,-1.097209E7,993.4477,993.4477,0.001805082,1.0,0.9470074,5.004401E-8,6.586525E-4,1.320341E-6,5.559483E-4,2.04516E-6,0.002065688,9.361264E-7,2.035241E-5,3.995779E-8,1.053047E-7,0.001200676,7.218853E-6,9.727456E-8,8.51879E-7,9.641543E-6,3.67316E-8,5.611651E-8,2.273134E-6,1.509914E-6,3.924621E-4,5.335084E-5,1.434362E-5,3.228236E-4,3.871132E-8,8.950495E-6,6.307286E-7,7.378847E-9,2.376506E-7,3.401233E-4,2.301353E-8,4.316298E-6,7.452136E-9,1.863556E-4,5.093417E-5,2.411705E-7,3.65125E-8,3.12296E-5,4.210055E-4,1.156889E-8,0.004053965,2.542758E-6,7.286578E-9,9.834774E-7,5.542523E-7,1.607025E-7,2.218359E-6,0.01067162,0.006353218,0.02555258,9.391075,1.151999E-4,532605.5,532605.5
0.0037,15.66834,-1.088819E7,993.2875,993.2875,0.001805082,1.0,0.9468969,4.97155E-8,6.753501E-4,1.313615E-6,5.698133E-4,2.033816E-6,0.002116779,9.757251E-7,2.088164E-5,4.066779E-8,1.047336E-7,0.001230685,7.237586E-6,1.020209E-7,8.793578E-7,9.871585E-6,3.65258E-8,5.860101E-8,2.41895E-6,1.555125E-6,4.020783E-4,5.47876E-5,1.430136E-5,3.310221E-4,4.062778E-8,9.17552E-6,6.631627E-7,7.825111E-9,2.432343E-7,3.485903E-4,2.426435E-8,4.427446E-6,7.835928E-9,1.90805E-4,5.200008E-5,2.529386E-7,3.848987E-8,3.198355E-5,4.312098E-4,1.217803E-8,0.004053378,2.533265E-6,7.726989E-9,1.011613E-6,5.697179E-7,1.656642E-7,2.282199E-6,0.01066267,0.006346154,0.02552228,9.390007,1.152054E-4,532545.0,532545.0
0.0038,15.6676,-1.080564E7,993.1285,993.1285,0.001805082,1.0,0.9467873,4.939208E-8,6.919434E-4,1.306987E-6,5.835825E-4,2.022644E-6,0.002167489,1.015782E-6,2.140811E-5,4.136742E-8,1.041707E-7,0.001260483,7.255592E-6,1.06846E-7,9.069295E-7,1.009932E-5,3.632297E-8,6.111831E-8,2.568689E-6,1.599703E-6,4.116164E-4,5.621554E-5,1.42596E-5,3.391598E-4,4.25724E-8,9.399003E-6,6.961867E-7,8.284383E-9,2.48756E-7,3.569938E-4,2.553952E-8,4.537604E-6,8.226792E-9,1.952125E-4,5.304922E-5,2.648711E-7,4.051067E-8,3.27313E-5,4.413263E-4,1.27992E-8,0.004052795,2.523757E-6,8.177886E-9,1.039512E-6,5.850901E-7,1.705641E-7,2.345418E-6,0.01065377,0.006339144,0.02549223,9.388948,1.152109E-4,532484.9,532484.9
0.0039,15.66686,-1.07244E7,992.9707,992.9707,0.001805082,1.0,0.9466785,4.907362E-8,7.084339E-4,1.300455E-6,5.972573E-4,2.011638E-6,0.002217823,1.056286E-6,2.193188E-5,4.205692E-8,1.036158E-7,0.001290074,7.272897E-6,1.117481E-7,9.345901E-7,1.032479E-5,3.612304E-8,6.366758E-8,2.722273E-6,1.643647E-6,4.210776E-4,5.763479E-5,1.421832E-5,3.472376E-4,4.454423E-8,9.620969E-6,7.297882E-7,8.756609E-9,2.54217E-7,3.653346E-4,2.683842E-8,4.646788E-6,8.624581E-9,1.995788E-4,5.4082E-5,2.769621E-7,4.257434E-8,3.347295E-5,4.513562E-4,1.34322E-8,0.004052218,2.514258E-6,8.63906E-9,1.067179E-6,6.0037E-7,1.754028E-7,2.408026E-6,0.01064495,0.006332187,0.0254624,9.387897,1.152163E-4,532425.3,532425.3
0.004,15.66613,-1.064443E7,992.8141,992.8141,0.001805082,1.0,0.9465704,4.876E-8,7.248233E-4,1.294017E-6,6.108393E-4,2.000795E-6,0.002267787,1.097222E-6,2.245298E-5,4.273655E-8,1.030688E-7,0.00131946,7.289526E-6,1.167255E-7,9.623357E-7,1.054805E-5,3.592594E-8,6.624801E-8,2.879629E-6,1.686955E-6,4.304632E-4,5.904547E-5,1.417752E-5,3.552563E-4,4.654238E-8,9.841442E-6,7.63955E-7,9.24173E-9,2.596185E-7,3.736137E-4,2.81604E-8,4.755017E-6,9.029153E-9,2.039046E-4,5.509882E-5,2.892062E-7,4.468034E-8,3.42086E-5,4.613011E-4,1.407683E-8,0.004051645,2.504785E-6,9.110307E-9,1.094616E-6,6.155593E-7,1.801812E-7,2.470029E-6,0.01063619,0.006325284,0.02543279,9.386853,1.152216E-4,532366.1,532366.1
0.0041,15.66541,-1.056571E7,992.6587,992.6587,0.001805082,1.0,0.9464631,4.845109E-8,7.411131E-4,1.287671E-6,6.243299E-4,1.99011E-6,0.002317388,1.138581E-6,2.297146E-5,4.34065E-8,1.025295E-7,0.001348645,7.305505E-6,1.217765E-7,9.901626E-7,1.076913E-5,3.57316E-8,6.885882E-8,3.040681E-6,1.729632E-6,4.397742E-4,6.04477E-5,1.413717E-5,3.63217E-4,4.856596E-8,1.006044E-5,7.986756E-7,9.739686E-9,2.649616E-7,3.81832E-4,2.950484E-8,4.862306E-6,9.44037E-9,2.081906E-4,5.610005E-5,3.015981E-7,4.682815E-8,3.493834E-5,4.711624E-4,1.473289E-8,0.004051077,2.49535E-6,9.59143E-9,1.121826E-6,6.306591E-7,1.849E-7,2.531439E-6,0.01062749,0.006318432,0.02540341,9.385818,1.15227E-4,532307.4,532307.4
0.0042,15.66469,-1.048821E7,992.5044,992.5044,0.001805082,1.0,0.9463565,4.814678E-8,7.573047E-4,1.281413E-6,6.377306E-4,1.979579E-6,0.00236663,1.180349E-6,2.348736E-5,4.4067E-8,1.019976E-7,0.001377632,7.320855E-6,1.268993E-7,1.018067E-6,1.098807E-5,3.553996E-8,7.149924E-8,3.205356E-6,1.771679E-6,4.490118E-4,6.184159E-5,1.409728E-5,3.711205E-4,5.061412E-8,1.0278E-5,8.339384E-7,1.025042E-8,2.702476E-7,3.899902E-4,3.087114E-8,4.968672E-6,9.858097E-9,2.124375E-4,5.708607E-5,3.141326E-7,4.901723E-8,3.566227E-5,4.809414E-4,1.540018E-8,0.004050514,2.485967E-6,1.008224E-8,1.148813E-6,6.456708E-7,1.8956E-7,2.592263E-6,0.01061886,0.006311631,0.02537425,9.38479,1.152323E-4,532249.1,532249.1
0.0043,15.66397,-1.041189E7,992.3512,992.3512,0.001805082,1.0,0.9462507,4.784696E-8,7.733997E-4,1.275243E-6,6.510427E-4,1.969199E-6,0.002415519,1.222515E-6,2.400073E-5,4.471826E-8,1.01473E-7,0.001406423,7.3356E-6,1.320925E-7,1.046045E-6,1.120492E-5,3.535095E-8,7.416854E-8,3.37358E-6,1.813101E-6,4.581772E-4,6.322727E-5,1.405784E-5,3.789676E-4,5.268605E-8,1.049413E-5,8.697324E-7,1.077386E-8,2.754774E-7,3.980893E-4,3.225871E-8,5.074131E-6,1.02822E-8,2.166458E-4,5.805722E-5,3.268048E-7,5.124707E-8,3.638047E-5,4.906395E-4,1.607852E-8,0.004049956,2.47664E-6,1.058254E-8,1.17558E-6,6.605957E-7,1.941622E-7,2.652511E-6,0.01061029,0.00630488,0.02534531,9.383769,1.152375E-4,532191.2,532191.2
0.0044,15.66326,-1.033672E7,992.1991,992.1991,0.001805082,1.0,0.9461456,4.755151E-8,7.893993E-4,1.269157E-6,6.642675E-4,1.958965E-6,0.002464061,1.265069E-6,2.45116E-5,4.536046E-8,1.009555E-7,0.001435022,7.34976E-6,1.373544E-7,1.074094E-6,1.141971E-5,3.516452E-8,7.6866E-8,3.545282E-6,1.853903E-6,4.672714E-4,6.460483E-5,1.401883E-5,3.867593E-4,5.478094E-8,1.070886E-5,9.060467E-7,1.130994E-8,2.806522E-7,4.061301E-4,3.366698E-8,5.178697E-6,1.071256E-8,2.208164E-4,5.901385E-5,3.396099E-7,5.351717E-8,3.709303E-5,5.002579E-4,1.676772E-8,0.004049402,2.467377E-6,1.109215E-8,1.202131E-6,6.754349E-7,1.987074E-7,2.712191E-6,0.01060177,0.006298178,0.02531658,9.382756,1.152427E-4,532133.7,532133.7
0.0045,15.66256,-1.026268E7,992.0481,992.0481,0.001805082,1.0,0.9460413,4.726035E-8,8.053051E-4,1.263155E-6,6.774063E-4,1.948874E-6,0.00251226,1.308E-6,2.502002E-5,4.599382E-8,1.00445E-7,0.001463431,7.363355E-6,1.426835E-7,1.10221E-6,1.163249E-5,3.49806E-8,7.959094E-8,3.720391E-6,1.894091E-6,4.762955E-4,6.59744E-5,1.398025E-5,3.944963E-4,5.689804E-8,1.09222E-5,9.428709E-7,1.18586E-8,2.85773E-7,4.141134E-4,3.509538E-8,5.282387E-6,1.114905E-8,2.249496E-4,5.99563E-5,3.525433E-7,5.582703E-8,3.780004E-5,5.097979E-4,1.74676E-8,0.004048853,2.458187E-6,1.161089E-8,1.228467E-6,6.901898E-7,2.031964E-7,2.771313E-6,0.01059332,0.006291525,0.02528806,9.381751,1.152479E-4,532076.7,532076.7
0.0046,15.66186,-1.018975E7,991.8982,991.8982,0.001805082,1.0,0.9459376,4.697335E-8,8.211182E-4,1.257232E-6,6.904605E-4,1.938923E-6,0.002560123,1.351298E-6,2.552602E-5,4.661852E-8,9.994129E-8,0.001491653,7.376406E-6,1.480783E-7,1.13039E-6,1.184328E-5,3.479914E-8,8.234267E-8,3.898836E-6,1.933671E-6,4.852505E-4,6.733607E-5,1.394209E-5,4.021794E-4,5.903661E-8,1.113419E-5,9.801947E-7,1.241976E-8,2.908408E-7,4.220399E-4,3.654337E-8,5.385214E-6,1.159154E-8,2.290462E-4,6.088487E-5,3.656006E-7,5.817616E-8,3.850158E-5,5.192607E-4,1.817798E-8,0.004048307,2.44907E-6,1.213859E-8,1.254594E-6,7.048614E-7,2.076303E-7,2.829886E-6,0.01058493,0.006284921,0.02525974,9.380752,1.152531E-4,532020.1,532020.1
0.0047,15.66116,-1.011788E7,991.7494,991.7494,0.001805082,1.0,0.9458347,4.669043E-8,8.368401E-4,1.251389E-6,7.034312E-4,1.929109E-6,0.002607653,1.394952E-6,2.602965E-5,4.723474E-8,9.944422E-8,0.00151969,7.38893E-6,1.535374E-7,1.158631E-6,1.205212E-5,3.462007E-8,8.512055E-8,4.080551E-6,1.97265E-6,4.941375E-4,6.868995E-5,1.390433E-5,4.098094E-4,6.119592E-8,1.134483E-5,1.018008E-6,1.299336E-8,2.958565E-7,4.299105E-4,3.801042E-8,5.487193E-6,1.203992E-8,2.331068E-4,6.17999E-5,3.787774E-7,6.056407E-8,3.919773E-5,5.286476E-4,1.889869E-8,0.004047767,2.440033E-6,1.267508E-8,1.280513E-6,7.19451E-7,2.120098E-7,2.887919E-6,0.01057659,0.006278363,0.02523163,9.379761,1.152582E-4,531963.8,531963.8
0.0048,15.66047,-1.004707E7,991.6016,991.6016,0.001805082,1.0,0.9457324,4.641149E-8,8.52472E-4,1.245623E-6,7.163197E-4,1.919428E-6,0.002654856,1.438953E-6,2.653094E-5,4.784265E-8,9.895364E-8,0.001547545,7.400945E-6,1.590593E-7,1.186929E-6,1.225905E-5,3.444336E-8,8.792394E-8,4.265468E-6,2.011035E-6,5.029573E-4,7.003615E-5,1.386698E-5,4.173871E-4,6.337528E-8,1.155415E-5,1.056301E-6,1.357932E-8,3.008213E-7,4.377258E-4,3.949602E-8,5.588337E-6,1.249407E-8,2.371319E-4,6.270168E-5,3.920695E-7,6.29903E-8,3.988856E-5,5.379596E-4,1.962956E-8,0.00404723,2.431076E-6,1.322019E-8,1.306229E-6,7.339597E-7,2.163359E-7,2.945419E-6,0.01056832,0.006271852,0.02520372,9.378776,1.152633E-4,531908.0,531908.0
0.0049,15.65979,-9977280.0,991.4548,991.4548,0.001805082,1.0,0.9456308,4.613643E-8,8.680151E-4,1.239932E-6,7.291272E-4,1.909876E-6,0.002701737,1.483291E-6,2.702992E-5,4.844244E-8,9.846941E-8,0.001575221,7.412469E-6,1.646428E-7,1.215282E-6,1.24641E-5,3.426894E-8,9.075223E-8,4.453519E-6,2.048836E-6,5.117111E-4,7.137476E-5,1.383002E-5,4.249132E-4,6.557402E-8,1.176216E-5,1.095065E-6,1.417758E-8,3.057358E-7,4.454867E-4,4.099965E-8,5.68866E-6,1.295388E-8,2.41122E-4,6.359049E-5,4.054731E-7,6.545437E-8,4.057417E-5,5.47198E-4,2.037043E-8,0.004046698,2.422201E-6,1.377377E-8,1.331743E-6,7.483885E-7,2.206095E-7,3.002397E-6,0.0105601,0.006265386,0.02517601,9.377799,1.152683E-4,531852.6,531852.6
0.005,15.65911,-9908492.0,991.309,991.309,0.001805082,1.0,0.9455299,4.586518E-8,8.834707E-4,1.234315E-6,7.418548E-4,1.900452E-6,0.002748299,1.527957E-6,2.752663E-5,4.903426E-8,9.799139E-8,0.001602721,7.423518E-6,1.702865E-7,1.243687E-6,1.266731E-5,3.409676E-8,9.360481E-8,4.644642E-6,2.086058E-6,5.203997E-4,7.270588E-5,1.379344E-5,4.323885E-4,6.779148E-8,1.19689E-5,1.13429E-6,1.478805E-8,3.106012E-7,4.531938E-4,4.252084E-8,5.788176E-6,1.341924E-8,2.450778E-4,6.446663E-5,4.189841E-7,6.795583E-8,4.125462E-5,5.563639E-4,2.112112E-8,0.00404617,2.413411E-6,1.433565E-8,1.357059E-6,7.627385E-7,2.248314E-7,3.058859E-6,0.01055193,0.006258966,0.02514849,9.376828,1.152733E-4,531797.5,531797.5
0.0051,15.65843,-9840683.0,991.1642,991.1642,0.001805082,1.0,0.9454296,4.559763E-8,8.9884E-4,1.228769E-6,7.545037E-4,1.891152E-6,0.002794548,1.572943E-6,2.80211E-5,4.961827E-8,9.751945E-8,0.001630045,7.434107E-6,1.75989E-7,1.27214E-6,1.28687E-5,3.392678E-8,9.648111E-8,4.838772E-6,2.122711E-6,5.290241E-4,7.40296E-5,1.375724E-5,4.398137E-4,7.002703E-8,1.217436E-5,1.173967E-6,1.541066E-8,3.154182E-7,4.608479E-4,4.405909E-8,5.886896E-6,1.389004E-8,2.489997E-4,6.533037E-5,4.325988E-7,7.049422E-8,4.192998E-5,5.654583E-4,2.188149E-8,0.004045646,2.404706E-6,1.490568E-8,1.382181E-6,7.770108E-7,2.290025E-7,3.114814E-6,0.01054382,0.006252591,0.02512117,9.375864,1.152783E-4,531742.8,531742.8
0.0052,15.65776,-9773829.0,991.0205,991.0205,0.001805082,1.0,0.94533,4.533372E-8,9.141241E-4,1.223294E-6,7.67075E-4,1.881973E-6,0.002840488,1.618238E-6,2.851337E-5,5.019464E-8,9.705345E-8,0.001657198,7.444252E-6,1.817491E-7,1.30064E-6,1.30683E-5,3.375895E-8,9.938055E-8,5.035846E-6,2.158802E-6,5.375852E-4,7.534603E-5,1.372141E-5,4.471895E-4,7.228007E-8,1.237858E-5,1.214087E-6,1.604533E-8,3.201878E-7,4.684497E-4,4.561396E-8,5.984834E-6,1.436618E-8,2.528883E-4,6.618198E-5,4.463136E-7,7.30691E-8,4.260034E-5,5.744823E-4,2.265138E-8,0.004045125,2.396087E-6,1.548372E-8,1.40711E-6,7.912065E-7,2.331236E-7,3.170271E-6,0.01053576,0.006246259,0.02509403,9.374906,1.152833E-4,531688.5,531688.5
0.0053,15.65709,-9707911.0,990.8777,990.8777,0.001805082,1.0,0.945231,4.507335E-8,9.293242E-4,1.217887E-6,7.795696E-4,1.872913E-6,0.002886124,1.663836E-6,2.900347E-5,5.076351E-8,9.659326E-8,0.001684181,7.453967E-6,1.875655E-7,1.329183E-6,1.326616E-5,3.359322E-8,1.023026E-7,5.235804E-6,2.194342E-6,5.460838E-4,7.665524E-5,1.368595E-5,4.545165E-4,7.455E-8,1.258156E-5,1.254642E-6,1.669199E-8,3.249106E-7,4.759998E-4,4.718498E-8,6.082002E-6,1.484755E-8,2.56744E-4,6.702171E-5,4.601249E-7,7.568004E-8,4.326576E-5,5.834369E-4,2.343063E-8,0.004044609,2.387554E-6,1.606962E-8,1.431851E-6,8.053264E-7,2.371956E-7,3.225237E-6,0.01052776,0.00623997,0.02506708,9.373955,1.152882E-4,531634.6,531634.6
0.0054,15.65643,-9642907.0,990.7358,990.7358,0.001805082,1.0,0.9451326,4.481645E-8,9.444414E-4,1.212548E-6,7.919888E-4,1.863969E-6,0.002931459,1.709727E-6,2.949143E-5,5.132503E-8,9.613877E-8,0.001710996,7.463265E-6,1.934372E-7,1.357767E-6,1.346229E-5,3.342955E-8,1.052467E-7,5.438586E-6,2.229339E-6,5.545209E-4,7.795734E-5,1.365084E-5,4.617955E-4,7.683625E-8,1.278334E-5,1.295623E-6,1.735057E-8,3.295876E-7,4.83499E-4,4.877171E-8,6.178411E-6,1.533407E-8,2.605674E-4,6.784982E-5,4.740294E-7,7.832659E-8,4.39263E-5,5.923233E-4,2.42191E-8,0.004044097,2.379106E-6,1.666323E-8,1.456405E-6,8.193716E-7,2.412194E-7,3.27972E-6,0.01051981,0.006233725,0.02504031,9.37301,1.152931E-4,531581.0,531581.0
0.0055,15.65577,-9578797.0,990.5949,990.5949,0.001805082,1.0,0.9450349,4.456295E-8,9.594767E-4,1.207274E-6,8.043335E-4,1.855138E-6,0.002976498,1.755904E-6,2.997728E-5,5.187935E-8,9.568984E-8,0.001737646,7.472162E-6,1.993628E-7,1.386389E-6,1.365672E-5,3.32679E-8,1.082123E-7,5.644133E-6,2.2638E-6,5.628972E-4,7.92524E-5,1.361607E-5,4.69027E-4,7.913825E-8,1.298391E-5,1.337023E-6,1.802097E-8,3.342196E-7,4.909478E-4,5.037374E-8,6.274073E-6,1.582561E-8,2.64359E-4,6.866654E-5,4.880237E-7,8.100834E-8,4.458205E-5,6.011423E-4,2.501664E-8,0.004043589,2.370743E-6,1.726442E-8,1.480775E-6,8.333431E-7,2.451957E-7,3.333728E-6,0.01051191,0.006227521,0.02501372,9.372072,1.152979E-4,531527.8,531527.8
0.0056,15.65511,-9515561.0,990.4549,990.4549,0.001805082,1.0,0.9449378,4.431276E-8,9.744313E-4,1.202065E-6,8.166048E-4,1.846419E-6,0.003021245,1.802359E-6,3.046106E-5,5.242661E-8,9.524637E-8,0.001764132,7.480668E-6,2.053412E-7,1.415048E-6,1.384949E-5,3.310821E-8,1.11199E-7,5.852388E-6,2.297736E-6,5.712136E-4,8.054052E-5,1.358166E-5,4.762118E-4,8.145548E-8,1.31833E-5,1.378833E-6,1.870313E-8,3.388073E-7,4.983469E-4,5.199063E-8,6.369E-6,1.632211E-8,2.681192E-4,6.947213E-5,5.021047E-7,8.372487E-8,4.523306E-5,6.098949E-4,2.58231E-8,0.004043084,2.362465E-6,1.787306E-8,1.504965E-6,8.472417E-7,2.491253E-7,3.387268E-6,0.01050406,0.006221358,0.02498732,9.37114,1.153027E-4,531474.9,531474.9
0.0057,15.65446,-9453182.0,990.3159,990.3159,0.001805082,1.0,0.9448413,4.406583E-8,9.893061E-4,1.196919E-6,8.288036E-4,1.837808E-6,0.003065703,1.849084E-6,3.094278E-5,5.296694E-8,9.480825E-8,0.001790458,7.488797E-6,2.113713E-7,1.44374E-6,1.404062E-5,3.295047E-8,1.142063E-7,6.063294E-6,2.331155E-6,5.79471E-4,8.182178E-5,1.354757E-5,4.833504E-4,8.378741E-8,1.338153E-5,1.421045E-6,1.939696E-8,3.433514E-7,5.05697E-4,5.362199E-8,6.463202E-6,1.682345E-8,2.718484E-4,7.026679E-5,5.162692E-7,8.647576E-8,4.58794E-5,6.185821E-4,2.663836E-8,0.004042583,2.354271E-6,1.848901E-8,1.528976E-6,8.610685E-7,2.53009E-7,3.440347E-6,0.01049627,0.006215237,0.02496109,9.370214,1.153075E-4,531422.4,531422.4
0.0058,15.65381,-9391641.0,990.1777,990.1777,0.001805082,1.0,0.9447454,4.382207E-8,0.001004102,1.191834E-6,8.409308E-4,1.829303E-6,0.003109877,1.896072E-6,3.142248E-5,5.350047E-8,9.437536E-8,0.001816625,7.49656E-6,2.174521E-7,1.472464E-6,1.423014E-5,3.279461E-8,1.172336E-7,6.276797E-6,2.364066E-6,5.876701E-4,8.309626E-5,1.351382E-5,4.904435E-4,8.613353E-8,1.357861E-5,1.463652E-6,2.010239E-8,3.478527E-7,5.129987E-4,5.526742E-8,6.556691E-6,1.732955E-8,2.755472E-4,7.105077E-5,5.305143E-7,8.926062E-8,4.652113E-5,6.272048E-4,2.746227E-8,0.004042086,2.346159E-6,1.911215E-8,1.552812E-6,8.748242E-7,2.568477E-7,3.492973E-6,0.01048852,0.006209156,0.02493503,9.369294,1.153123E-4,531370.2,531370.2
0.0059,15.65317,-9330919.0,990.0405,990.0405,0.001805082,1.0,0.9446501,4.358143E-8,0.001018821,1.186809E-6,8.529875E-4,1.820903E-6,0.003153771,1.943316E-6,3.190019E-5,5.402733E-8,9.394759E-8,0.001842634,7.50397E-6,2.235824E-7,1.501217E-6,1.441806E-5,3.264061E-8,1.202805E-7,6.492843E-6,2.396478E-6,5.958117E-4,8.436405E-5,1.348039E-5,4.974917E-4,8.849335E-8,1.377455E-5,1.506647E-6,2.081933E-8,3.523119E-7,5.202525E-4,5.692654E-8,6.649477E-6,1.784033E-8,2.79216E-4,7.182427E-5,5.448371E-7,9.207904E-8,4.715832E-5,6.35764E-4,2.829469E-8,0.004041592,2.338129E-6,1.974235E-8,1.576474E-6,8.885098E-7,2.60642E-7,3.545153E-6,0.01048082,0.006203115,0.02490915,9.36838,1.15317E-4,531318.4,531318.4
0.006,15.65253,-9271000.0,989.9041,989.9041,0.001805082,1.0,0.9445553,4.334384E-8,0.001033462,1.181844E-6,8.649745E-4,1.812604E-6,0.003197387,1.990809E-6,3.237594E-5,5.454764E-8,9.352485E-8,0.001868489,7.511036E-6,2.297613E-7,1.529996E-6,1.460443E-5,3.248843E-8,1.233465E-7,6.711378E-6,2.4284E-6,6.038965E-4,8.562522E-5,1.344728E-5,5.044955E-4,9.08664E-8,1.396938E-5,1.550022E-6,2.154771E-8,3.567298E-7,5.27459E-4,5.859898E-8,6.74157E-6,1.835569E-8,2.828552E-4,7.258751E-5,5.592348E-7,9.493064E-8,4.779103E-5,6.442604E-4,2.913551E-8,0.004041102,2.33018E-6,2.037949E-8,1.599966E-6,9.021261E-7,2.643926E-7,3.596893E-6,0.01047317,0.006197113,0.02488343,9.367472,1.153217E-4,531266.9,531266.9
0.0061,15.6519,-9211867.0,989.7686,989.7686,0.001805082,1.0,0.9444612,4.310923E-8,0.001048028,1.176936E-6,8.768929E-4,1.804405E-6,0.003240731,2.038543E-6,3.284974E-5,5.506154E-8,9.310704E-8,0.001894191,7.517769E-6,2.359876E-7,1.558801E-6,1.478926E-5,3.233804E-8,1.264313E-7,6.932352E-6,2.459839E-6,6.119254E-4,8.687984E-5,1.341448E-5,5.114555E-4,9.325221E-8,1.41631E-5,1.59377E-6,2.228744E-8,3.611069E-7,5.34619E-4,6.028435E-8,6.83298E-6,1.887554E-8,2.864653E-4,7.33407E-5,5.737046E-7,9.781502E-8,4.841931E-5,6.526951E-4,2.998457E-8,0.004040615,2.32231E-6,2.102345E-8,1.62329E-6,9.15674E-7,2.681004E-7,3.6482E-6,0.01046557,0.006191149,0.02485788,9.36657,1.153264E-4,531215.7,531215.8
0.0062,15.65126,-9153504.0,989.6339,989.6339,0.001805082,1.0,0.9443676,4.287755E-8,0.001062519,1.172086E-6,8.887433E-4,1.796304E-6,0.003283804,2.086513E-6,3.332164E-5,5.556913E-8,9.269406E-8,0.001919741,7.524181E-6,2.422605E-7,1.587629E-6,1.497257E-5,3.218939E-8,1.295343E-7,7.155713E-6,2.490806E-6,6.19899E-4,8.812801E-5,1.338198E-5,5.183724E-4,9.565034E-8,1.435573E-5,1.637885E-6,2.303844E-8,3.654439E-7,5.417328E-4,6.198233E-8,6.923718E-6,1.939982E-8,2.900466E-4,7.408402E-5,5.88244E-7,1.007318E-7,4.904322E-5,6.610687E-4,3.084177E-8,0.004040132,2.314519E-6,2.167411E-8,1.646449E-6,9.291543E-7,2.71766E-7,3.699081E-6,0.01045801,0.006185224,0.0248325,9.365673,1.153311E-4,531164.9,531164.9
0.0063,15.65064,-9095895.0,989.5001,989.5001,0.001805082,1.0,0.9442746,4.264873E-8,0.001076936,1.16729E-6,9.005268E-4,1.788298E-6,0.003326612,2.134711E-6,3.379164E-5,5.607054E-8,9.228581E-8,0.001945143,7.53028E-6,2.485789E-7,1.616477E-6,1.515439E-5,3.204245E-8,1.326551E-7,7.381413E-6,2.521308E-6,6.278181E-4,8.936978E-5,1.334979E-5,5.252465E-4,9.806034E-8,1.454728E-5,1.682358E-6,2.380064E-8,3.697416E-7,5.488012E-4,6.369255E-8,7.013792E-6,1.992842E-8,2.935995E-4,7.481768E-5,6.028503E-7,1.036806E-7,4.966283E-5,6.693823E-4,3.170698E-8,0.004039652,2.306806E-6,2.233137E-8,1.669444E-6,9.425677E-7,2.7539E-7,3.749543E-6,0.0104505,0.006179337,0.02480728,9.364783,1.153357E-4,531114.4,531114.4
0.0064,15.65001,-9039025.0,989.3672,989.3672,0.001805082,1.0,0.9441821,4.242272E-8,0.001091281,1.16255E-6,9.122441E-4,1.780387E-6,0.003369157,2.183132E-6,3.425979E-5,5.656587E-8,9.18822E-8,0.001970397,7.536076E-6,2.549419E-7,1.645345E-6,1.533475E-5,3.18972E-8,1.357934E-7,7.609403E-6,2.551354E-6,6.356833E-4,9.060525E-5,1.331789E-5,5.320786E-4,1.004818E-7,1.473777E-5,1.727185E-6,2.457395E-8,3.740004E-7,5.558245E-4,6.541469E-8,7.103213E-6,2.046129E-8,2.971245E-4,7.554186E-5,6.175211E-7,1.066611E-7,5.027819E-5,6.776365E-4,3.258007E-8,0.004039176,2.299169E-6,2.29951E-8,1.692277E-6,9.559152E-7,2.789733E-7,3.79959E-6,0.01044304,0.006173487,0.02478222,9.363897,1.153403E-4,531064.2,531064.2
0.0065,15.64939,-8982879.0,989.235,989.235,0.001805082,1.0,0.9440902,4.219946E-8,0.001105552,1.157862E-6,9.238961E-4,1.772568E-6,0.003411442,2.23177E-6,3.472609E-5,5.705523E-8,9.148315E-8,0.001995505,7.541578E-6,2.613485E-7,1.67423E-6,1.551366E-5,3.175359E-8,1.389488E-7,7.839637E-6,2.580952E-6,6.434954E-4,9.183447E-5,1.328629E-5,5.388691E-4,1.029143E-7,1.492721E-5,1.772358E-6,2.535829E-8,3.782212E-7,5.628035E-4,6.714842E-8,7.191989E-6,2.099833E-8,3.006219E-4,7.625675E-5,6.32254E-7,1.096729E-7,5.088935E-5,6.858322E-4,3.346093E-8,0.004038703,2.291607E-6,2.366521E-8,1.714952E-6,9.691974E-7,2.825164E-7,3.849231E-6,0.01043562,0.006167674,0.02475732,9.363018,1.153449E-4,531014.3,531014.3
0.0066,15.64878,-8927442.0,989.1037,989.1037,0.001805082,1.0,0.9439988,4.197889E-8,0.001119753,1.153227E-6,9.354837E-4,1.764838E-6,0.003453472,2.280617E-6,3.519058E-5,5.753873E-8,9.108857E-8,0.00202047,7.546795E-6,2.67798E-7,1.70313E-6,1.569116E-5,3.16116E-8,1.421208E-7,8.072067E-6,2.61011E-6,6.512551E-4,9.305752E-5,1.325497E-5,5.456185E-4,1.053574E-7,1.511561E-5,1.817871E-6,2.615357E-8,3.824043E-7,5.697386E-4,6.889341E-8,7.28013E-6,2.153948E-8,3.040922E-4,7.696253E-5,6.470466E-7,1.127156E-7,5.149637E-5,6.939701E-4,3.434943E-8,0.004038233,2.284119E-6,2.434158E-8,1.737471E-6,9.824152E-7,2.8602E-7,3.898469E-6,0.01042825,0.006161897,0.02473257,9.362144,1.153494E-4,530964.7,530964.7
0.0067,15.64816,-8872701.0,988.9732,988.9732,0.001805082,1.0,0.9439079,4.176097E-8,0.001133883,1.148644E-6,9.470075E-4,1.757197E-6,0.003495248,2.32967E-6,3.565328E-5,5.801647E-8,9.069837E-8,0.002045292,7.551736E-6,2.742893E-7,1.732044E-6,1.586724E-5,3.14712E-8,1.45309E-7,8.306648E-6,2.638836E-6,6.58963E-4,9.427446E-5,1.322392E-5,5.523274E-4,1.078108E-7,1.530299E-5,1.863719E-6,2.695973E-8,3.865505E-7,5.766303E-4,7.064936E-8,7.367645E-6,2.208465E-8,3.075356E-4,7.765936E-5,6.618967E-7,1.157888E-7,5.209929E-5,7.020511E-4,3.524547E-8,0.004037766,2.276704E-6,2.502412E-8,1.759835E-6,9.955692E-7,2.894848E-7,3.947313E-6,0.01042092,0.006156156,0.02470798,9.361275,1.153539E-4,530915.4,530915.4
0.0068,15.64756,-8818642.0,988.8435,988.8435,0.001805082,1.0,0.9438176,4.154565E-8,0.001147944,1.144111E-6,9.584685E-4,1.749643E-6,0.003536775,2.378921E-6,3.611421E-5,5.848857E-8,9.031247E-8,0.002069974,7.556409E-6,2.808216E-7,1.760971E-6,1.604195E-5,3.133236E-8,1.485132E-7,8.543338E-6,2.667139E-6,6.666197E-4,9.548538E-5,1.319316E-5,5.589962E-4,1.102741E-7,1.548936E-5,1.909894E-6,2.777668E-8,3.906602E-7,5.834791E-4,7.241597E-8,7.454541E-6,2.263378E-8,3.109526E-4,7.834743E-5,6.768022E-7,1.188924E-7,5.269818E-5,7.100759E-4,3.614894E-8,0.004037303,2.269361E-6,2.571273E-8,1.782046E-6,1.00866E-6,2.929113E-7,3.995766E-6,0.01041364,0.00615045,0.02468354,9.360411,1.153584E-4,530866.5,530866.5
0.0069,15.64695,-8765251.0,988.7146,988.7146,0.001805082,1.0,0.9437278,4.133287E-8,0.001161936,1.139627E-6,9.698673E-4,1.742174E-6,0.003578055,2.428365E-6,3.65734E-5,5.89551E-8,8.99308E-8,0.002094518,7.560821E-6,2.873942E-7,1.789907E-6,1.62153E-5,3.119504E-8,1.517329E-7,8.782091E-6,2.695025E-6,6.742259E-4,9.669033E-5,1.316267E-5,5.656255E-4,1.127469E-7,1.567473E-5,1.956391E-6,2.860434E-8,3.947342E-7,5.902856E-4,7.419294E-8,7.540828E-6,2.318679E-8,3.143435E-4,7.902689E-5,6.917608E-7,1.220258E-7,5.329309E-5,7.180451E-4,3.705971E-8,0.004036843,2.262088E-6,2.64073E-8,1.804107E-6,1.021689E-6,2.963001E-7,4.043836E-6,0.0104064,0.006144779,0.02465925,9.359553,1.153629E-4,530817.8,530817.8
0.007,15.64635,-8712517.0,988.5864,988.5864,0.001805082,1.0,0.9436385,4.112258E-8,0.00117586,1.135192E-6,9.812047E-4,1.734789E-6,0.003619091,2.477998E-6,3.703086E-5,5.941619E-8,8.955327E-8,0.002118924,7.564981E-6,2.94006E-7,1.818852E-6,1.638731E-5,3.105923E-8,1.549678E-7,9.022867E-6,2.722503E-6,6.817823E-4,9.788937E-5,1.313244E-5,5.722157E-4,1.152289E-7,1.585911E-5,2.003204E-6,2.944262E-8,3.987728E-7,5.970502E-4,7.597999E-8,7.626514E-6,2.374362E-8,3.177087E-4,7.969791E-5,7.067706E-7,1.251888E-7,5.388405E-5,7.259596E-4,3.797769E-8,0.004036386,2.254884E-6,2.710774E-8,1.82602E-6,1.034656E-6,2.996519E-7,4.091526E-6,0.0103992,0.006139143,0.02463511,9.3587,1.153673E-4,530769.4,530769.4
0.0071,15.64575,-8660425.0,988.459,988.459,0.001805082,1.0,0.9435497,4.091474E-8,0.001189716,1.130804E-6,9.924814E-4,1.727485E-6,0.003659887,2.527813E-6,3.748661E-5,5.987192E-8,8.917981E-8,0.002143195,7.568895E-6,3.006565E-7,1.847805E-6,1.6558E-5,3.092489E-8,1.582175E-7,9.265623E-6,2.749581E-6,6.892894E-4,9.908259E-5,1.310248E-5,5.787672E-4,1.177197E-7,1.604252E-5,2.050328E-6,3.029145E-8,4.027767E-7,6.037735E-4,7.777684E-8,7.711607E-6,2.43042E-8,3.210485E-4,8.036063E-5,7.218295E-7,1.28381E-7,5.447113E-5,7.338201E-4,3.890277E-8,0.004035932,2.247749E-6,2.781395E-8,1.847787E-6,1.047562E-6,3.029673E-7,4.138844E-6,0.01039204,0.00613354,0.02461112,9.357852,1.153717E-4,530721.3,530721.3
0.0072,15.64515,-8608963.0,988.3324,988.3324,0.001805082,1.0,0.9434614,4.07093E-8,0.001203507,1.126463E-6,0.001003698,1.720262E-6,0.003700445,2.577806E-6,3.794069E-5,6.032237E-8,8.881036E-8,0.002167332,7.572572E-6,3.073447E-7,1.876763E-6,1.672739E-5,3.0792E-8,1.614818E-7,9.510319E-6,2.776265E-6,6.967478E-4,1.0027E-4,1.307277E-5,5.852807E-4,1.20219E-7,1.622497E-5,2.097757E-6,3.115075E-8,4.067464E-7,6.104559E-4,7.958322E-8,7.796114E-6,2.486845E-8,3.243632E-4,8.101523E-5,7.369355E-7,1.316021E-7,5.505437E-5,7.416272E-4,3.983484E-8,0.004035481,2.240681E-6,2.852585E-8,1.869409E-6,1.060408E-6,3.062468E-7,4.185793E-6,0.01038493,0.006127972,0.02458728,9.357009,1.153761E-4,530673.5,530673.5
0.0073,15.64456,-8558122.0,988.2065,988.2065,0.001805082,1.0,0.9433736,4.050622E-8,0.001217231,1.122168E-6,0.001014856,1.713117E-6,0.003740768,2.627971E-6,3.83931E-5,6.076764E-8,8.844482E-8,0.002191337,7.576017E-6,3.140699E-7,1.905726E-6,1.689549E-5,3.066053E-8,1.647602E-7,9.756916E-6,2.802563E-6,7.041582E-4,1.014518E-4,1.304332E-5,5.917564E-4,1.227264E-7,1.640646E-5,2.145485E-6,3.202044E-8,4.106824E-7,6.170979E-4,8.139886E-8,7.880044E-6,2.543632E-8,3.276532E-4,8.166183E-5,7.520869E-7,1.348517E-7,5.563381E-5,7.493816E-4,4.07738E-8,0.004035033,2.233679E-6,2.924334E-8,1.890889E-6,1.073195E-6,3.094909E-7,4.23238E-6,0.01037785,0.006122437,0.02456357,9.356171,1.153805E-4,530626.0,530626.0
0.0074,15.64397,-8507889.0,988.0814,988.0814,0.001805082,1.0,0.9432863,4.030546E-8,0.001230891,1.117918E-6,0.001025955,1.70605E-6,0.003780859,2.678304E-6,3.884388E-5,6.12078E-8,8.808315E-8,0.002215211,7.579238E-6,3.208313E-7,1.934691E-6,1.706233E-5,3.053046E-8,1.680525E-7,1.000538E-5,2.828481E-6,7.115211E-4,1.026278E-4,1.301411E-5,5.981949E-4,1.252417E-7,1.658702E-5,2.193508E-6,3.290043E-8,4.145851E-7,6.236999E-4,8.32235E-8,7.963405E-6,2.600774E-8,3.309188E-4,8.230059E-5,7.672818E-7,1.381297E-7,5.620951E-5,7.570841E-4,4.171955E-8,0.004034588,2.226743E-6,2.996634E-8,1.912228E-6,1.085922E-6,3.127003E-7,4.278609E-6,0.01037082,0.006116934,0.02454001,9.355338,1.153848E-4,530578.7,530578.8
0.0075,15.64339,-8458253.0,987.957,987.957,0.001805082,1.0,0.9431995,4.010696E-8,0.001244486,1.113712E-6,0.001036996,1.69906E-6,0.003820721,2.7288E-6,3.929303E-5,6.164296E-8,8.772526E-8,0.002238955,7.582241E-6,3.276283E-7,1.963659E-6,1.722793E-5,3.040175E-8,1.713584E-7,1.025566E-5,2.854028E-6,7.18837E-4,1.037983E-4,1.298516E-5,6.045966E-4,1.277645E-7,1.676664E-5,2.24182E-6,3.379065E-8,4.184551E-7,6.302624E-4,8.505691E-8,8.046203E-6,2.658265E-8,3.341603E-4,8.293165E-5,7.825184E-7,1.414355E-7,5.678151E-5,7.647351E-4,4.2672E-8,0.004034145,2.21987E-6,3.069477E-8,1.933428E-6,1.098592E-6,3.158754E-7,4.324485E-6,0.01036383,0.006111464,0.02451659,9.35451,1.153891E-4,530531.8,530531.8
0.0076,15.64281,-8409202.0,987.8333,987.8333,0.001805082,1.0,0.9431131,3.991069E-8,0.001258018,1.109549E-6,0.00104798,1.692143E-6,0.003860356,2.779454E-6,3.974058E-5,6.20732E-8,8.73711E-8,0.002262572,7.585032E-6,3.3446E-7,1.992626E-6,1.73923E-5,3.02744E-8,1.746775E-7,1.050773E-5,2.879209E-6,7.261067E-4,1.049633E-4,1.295644E-5,6.109619E-4,1.302946E-7,1.694535E-5,2.290416E-6,3.469102E-8,4.222929E-7,6.367858E-4,8.689882E-8,8.128446E-6,2.716099E-8,3.37378E-4,8.355515E-5,7.97795E-7,1.44769E-7,5.734985E-5,7.723354E-4,4.363104E-8,0.004033706,2.21306E-6,3.142852E-8,1.954491E-6,1.111203E-6,3.190167E-7,4.370013E-6,0.01035687,0.006106026,0.02449331,9.353687,1.153934E-4,530485.1,530485.1
0.0077,15.64223,-8360726.0,987.7103,987.7103,0.001805082,1.0,0.9430272,3.971662E-8,0.001271487,1.105429E-6,0.001058908,1.6853E-6,0.003899767,2.830262E-6,4.018654E-5,6.249861E-8,8.70206E-8,0.002286062,7.587617E-6,3.413258E-7,2.021593E-6,1.755545E-5,3.014838E-8,1.780096E-7,1.076155E-5,2.904031E-6,7.333305E-4,1.061228E-4,1.292797E-5,6.172912E-4,1.328316E-7,1.712315E-5,2.339292E-6,3.560147E-8,4.260989E-7,6.432706E-4,8.8749E-8,8.210142E-6,2.774269E-8,3.405723E-4,8.417122E-5,8.131099E-7,1.481299E-7,5.791458E-5,7.798857E-4,4.459658E-8,0.00403327,2.206312E-6,3.216754E-8,1.975419E-6,1.123758E-6,3.221249E-7,4.415198E-6,0.01034996,0.00610062,0.02447016,9.352868,1.153977E-4,530438.7,530438.7
0.0078,15.64165,-8312823.0,987.588,987.588,0.001805082,1.0,0.9429418,3.95247E-8,0.001284894,1.101351E-6,0.00106978,1.67853E-6,0.003938957,2.88122E-6,4.063095E-5,6.291925E-8,8.66737E-8,0.002309428,7.590003E-6,3.48225E-7,2.050557E-6,1.771741E-5,3.002366E-8,1.813543E-7,1.101709E-5,2.928501E-6,7.405091E-4,1.072769E-4,1.289972E-5,6.235851E-4,1.353753E-7,1.730005E-5,2.388441E-6,3.65219E-8,4.298736E-7,6.497172E-4,9.060723E-8,8.291296E-6,2.83277E-8,3.437433E-4,8.477999E-5,8.284615E-7,1.515177E-7,5.847574E-5,7.873864E-4,4.556853E-8,0.004032836,2.199625E-6,3.291173E-8,1.996214E-6,1.136256E-6,3.252003E-7,4.460045E-6,0.01034308,0.006095245,0.02444715,9.352055,1.154019E-4,530392.5,530392.5
0.0079,15.64108,-8265473.0,987.4664,987.4664,0.001805082,1.0,0.9428569,3.93349E-8,0.001298239,1.097314E-6,0.001080596,1.67183E-6,0.003977928,2.932322E-6,4.10738E-5,6.333522E-8,8.633034E-8,0.002332669,7.592194E-6,3.55157E-7,2.079518E-6,1.787819E-5,2.990022E-8,1.847114E-7,1.127431E-5,2.952626E-6,7.47643E-4,1.084256E-4,1.287171E-5,6.298437E-4,1.379254E-7,1.747607E-5,2.43786E-6,3.745225E-8,4.336174E-7,6.561261E-4,9.247327E-8,8.371917E-6,2.891596E-8,3.468915E-4,8.538159E-5,8.438482E-7,1.549323E-7,5.903337E-5,7.948384E-4,4.65468E-8,0.004032405,2.192999E-6,3.366102E-8,2.016876E-6,1.148699E-6,3.282436E-7,4.504557E-6,0.01033625,0.006089901,0.02442427,9.351245,1.154062E-4,530346.6,530346.6
0.008,15.64051,-8218651.0,987.3456,987.3456,0.001805082,1.0,0.9427724,3.914717E-8,0.001311524,1.093319E-6,0.001091358,1.6652E-6,0.004016683,2.983565E-6,4.151512E-5,6.374658E-8,8.599047E-8,0.002355789,7.594196E-6,3.62121E-7,2.108474E-6,1.803781E-5,2.977804E-8,1.880806E-7,1.153317E-5,2.976411E-6,7.547326E-4,1.09569E-4,1.284393E-5,6.360677E-4,1.404816E-7,1.765121E-5,2.487544E-6,3.839243E-8,4.373308E-7,6.624976E-4,9.434691E-8,8.452011E-6,2.950741E-8,3.500171E-4,8.597615E-5,8.592686E-7,1.583733E-7,5.958751E-5,8.02242E-4,4.753129E-8,0.004031977,2.186431E-6,3.441533E-8,2.037409E-6,1.161086E-6,3.31255E-7,4.54874E-6,0.01032945,0.006084588,0.02440152,9.350441,1.154104E-4,530301.0,530301.0
0.0081,15.63995,-8172364.0,987.2254,987.2254,0.001805082,1.0,0.9426884,3.896148E-8,0.001324748,1.089363E-6,0.001102066,1.658638E-6,0.004055224,3.034945E-6,4.195494E-5,6.41534E-8,8.565402E-8,0.002378787,7.596015E-6,3.691164E-7,2.137424E-6,1.819628E-5,2.96571E-8,1.914617E-7,1.179365E-5,2.999862E-6,7.617786E-4,1.107072E-4,1.281637E-5,6.422573E-4,1.430437E-7,1.782548E-5,2.537489E-6,3.934237E-8,4.410142E-7,6.688321E-4,9.622793E-8,8.531584E-6,3.0102E-8,3.531204E-4,8.656378E-5,8.74721E-7,1.618405E-7,6.013821E-5,8.09598E-4,4.852192E-8,0.004031552,2.179922E-6,3.517458E-8,2.057813E-6,1.173418E-6,3.342352E-7,4.592598E-6,0.01032268,0.006079304,0.02437891,9.349641,1.154145E-4,530255.6,530255.6
0.0082,15.63938,-8126599.0,987.1058,987.1058,0.001805082,1.0,0.9426048,3.877771E-8,0.001337913,1.085444E-6,0.00111272,1.65214E-6,0.004093553,3.086457E-6,4.239326E-5,6.455567E-8,8.532075E-8,0.002401666,7.597655E-6,3.761426E-7,2.166368E-6,1.835363E-5,2.953733E-8,1.948543E-7,1.205572E-5,3.022987E-6,7.687814E-4,1.118402E-4,1.278904E-5,6.484129E-4,1.456115E-7,1.79989E-5,2.587689E-6,4.0302E-8,4.44668E-7,6.751301E-4,9.811612E-8,8.610643E-6,3.069967E-8,3.562017E-4,8.714461E-5,8.902042E-7,1.653336E-7,6.06855E-5,8.169068E-4,4.95186E-8,0.00403113,2.173471E-6,3.593871E-8,2.078089E-6,1.185697E-6,3.371846E-7,4.636135E-6,0.01031596,0.006074051,0.02435642,9.348845,1.154187E-4,530210.5,530210.5
0.0083,15.63882,-8081358.0,986.987,986.987,0.001805082,1.0,0.9425216,3.859596E-8,0.001351019,1.081564E-6,0.001123322,1.645711E-6,0.004131674,3.138098E-6,4.28301E-5,6.495357E-8,8.499089E-8,0.002424427,7.599122E-6,3.831989E-7,2.195304E-6,1.850985E-5,2.941878E-8,1.982582E-7,1.231933E-5,3.045789E-6,7.757415E-4,1.12968E-4,1.276191E-5,6.54535E-4,1.481846E-7,1.817146E-5,2.63814E-6,4.127123E-8,4.482927E-7,6.81392E-4,1.000113E-7,8.689195E-6,3.130038E-8,3.592612E-4,8.771875E-5,9.057165E-7,1.688522E-7,6.122943E-5,8.241691E-4,5.052125E-8,0.00403071,2.167075E-6,3.670763E-8,2.098241E-6,1.197922E-6,3.401037E-7,4.679356E-6,0.01030927,0.006068827,0.02433406,9.348054,1.154228E-4,530165.7,530165.7
0.0084,15.63827,-8036613.0,986.8688,986.8688,0.001805082,1.0,0.9424389,3.841609E-8,0.001364067,1.077722E-6,0.001133872,1.639343E-6,0.004169588,3.189865E-6,4.326548E-5,6.53471E-8,8.46642E-8,0.002447071,7.600419E-6,3.902848E-7,2.224231E-6,1.866498E-5,2.930138E-8,2.016732E-7,1.258446E-5,3.068276E-6,7.826593E-4,1.140907E-4,1.2735E-5,6.606239E-4,1.507628E-7,1.834319E-5,2.688839E-6,4.224999E-8,4.518886E-7,6.876181E-4,1.019132E-7,8.767246E-6,3.190406E-8,3.622992E-4,8.828632E-5,9.212568E-7,1.723961E-7,6.177003E-5,8.313854E-4,5.152978E-8,0.004030292,2.160735E-6,3.748128E-8,2.118268E-6,1.210094E-6,3.429928E-7,4.722263E-6,0.01030262,0.006063633,0.02431183,9.347268,1.154269E-4,530121.0,530121.0
0.0085,15.63771,-7992400.0,986.7512,986.7512,0.001805082,1.0,0.9423566,3.823831E-8,0.001377055,1.073921E-6,0.001144368,1.633047E-6,0.00420729,3.241756E-6,4.369936E-5,6.57365E-8,8.434104E-8,0.002469594,7.60155E-6,3.974007E-7,2.253147E-6,1.881898E-5,2.918525E-8,2.050994E-7,1.285113E-5,3.090442E-6,7.89534E-4,1.152083E-4,1.270831E-5,6.666787E-4,1.533461E-7,1.851406E-5,2.739789E-6,4.323854E-8,4.554551E-7,6.938076E-4,1.038219E-7,8.844784E-6,3.251078E-8,3.653152E-4,8.88472E-5,9.368246E-7,1.75966E-7,6.230722E-5,8.385546E-4,5.254431E-8,0.004029878,2.154451E-6,3.825977E-8,2.138169E-6,1.222211E-6,3.458514E-7,4.764852E-6,0.010296,0.006058468,0.02428972,9.346485,1.15431E-4,530076.7,530076.7
0.0086,15.63716,-7948655.0,986.6343,986.6343,0.001805082,1.0,0.9422748,3.806228E-8,0.001389989,1.070154E-6,0.001154814,1.62681E-6,0.004244798,3.293761E-6,4.413187E-5,6.61217E-8,8.402081E-8,0.002492008,7.602526E-6,4.045439E-7,2.282053E-6,1.897194E-5,2.907019E-8,2.085358E-7,1.311921E-5,3.112314E-6,7.963689E-4,1.16321E-4,1.268182E-5,6.727023E-4,1.55934E-7,1.868414E-5,2.79097E-6,4.423613E-8,4.589947E-7,6.999634E-4,1.057368E-7,8.92185E-6,3.312026E-8,3.68311E-4,8.940195E-5,9.524166E-7,1.795598E-7,6.284128E-5,8.456805E-4,5.356436E-8,0.004029465,2.14822E-6,3.904267E-8,2.157953E-6,1.234279E-6,3.48682E-7,4.807147E-6,0.01028942,0.006053331,0.02426773,9.345707,1.154351E-4,530032.6,530032.6
0.0087,15.63661,-7905389.0,986.518,986.518,0.001805082,1.0,0.9421934,3.78881E-8,0.001402865,1.066423E-6,0.001165211,1.620634E-6,0.004282105,3.34588E-6,4.456297E-5,6.650278E-8,8.370369E-8,0.002514308,7.603347E-6,4.117149E-7,2.310947E-6,1.912385E-5,2.895626E-8,2.119825E-7,1.338871E-5,3.133887E-6,8.031631E-4,1.174288E-4,1.265553E-5,6.786937E-4,1.585262E-7,1.88534E-5,2.842384E-6,4.524302E-8,4.625068E-7,7.060846E-4,1.076579E-7,8.998433E-6,3.373257E-8,3.712861E-4,8.995046E-5,9.680326E-7,1.83178E-7,6.337213E-5,8.527621E-4,5.459003E-8,0.004029056,2.142042E-6,3.98301E-8,2.177618E-6,1.246295E-6,3.51484E-7,4.849142E-6,0.01028287,0.006048222,0.02424587,9.344934,1.154391E-4,529988.7,529988.7
0.0088,15.63607,-7862593.0,986.4024,986.4024,0.001805082,1.0,0.9421124,3.77157E-8,0.001415686,1.062728E-6,0.001175557,1.614518E-6,0.004319216,3.398109E-6,4.499266E-5,6.687978E-8,8.338959E-8,0.002536496,7.604016E-6,4.189131E-7,2.339829E-6,1.927472E-5,2.884341E-8,2.154393E-7,1.365962E-5,3.155167E-6,8.099169E-4,1.185317E-4,1.262945E-5,6.846534E-4,1.611228E-7,1.902187E-5,2.89403E-6,4.625914E-8,4.659916E-7,7.121715E-4,1.095849E-7,9.074539E-6,3.434765E-8,3.742407E-4,9.049283E-5,9.836714E-7,1.868205E-7,6.389979E-5,8.597998E-4,5.562127E-8,0.004028649,2.135916E-6,4.062198E-8,2.197165E-6,1.25826E-6,3.542578E-7,4.89084E-6,0.01027636,0.006043141,0.02422413,9.344164,1.154432E-4,529945.0,529945.0
0.0089,15.63553,-7820262.0,986.2874,986.2874,0.001805082,1.0,0.9420318,3.754506E-8,0.001428452,1.059066E-6,0.001185854,1.608461E-6,0.00435613,3.450445E-6,4.542097E-5,6.725275E-8,8.307841E-8,0.002558573,7.604538E-6,4.261381E-7,2.368696E-6,1.942455E-5,2.873164E-8,2.18906E-7,1.393189E-5,3.176157E-6,8.166308E-4,1.196297E-4,1.260357E-5,6.905816E-4,1.637233E-7,1.918954E-5,2.945902E-6,4.728441E-8,4.694495E-7,7.182245E-4,1.115179E-7,9.150174E-6,3.496547E-8,3.771751E-4,9.102915E-5,9.993319E-7,1.90487E-7,6.442431E-5,8.66794E-4,5.665799E-8,0.004028244,2.129842E-6,4.141827E-8,2.216595E-6,1.270175E-6,3.570037E-7,4.932245E-6,0.01026989,0.006038088,0.0242025,9.343399,1.154472E-4,529901.6,529901.6
0.009,15.63499,-7778403.0,986.173,986.173,0.001805082,1.0,0.9419516,3.737622E-8,0.001441163,1.055438E-6,0.001196101,1.602464E-6,0.004392851,3.502885E-6,4.584792E-5,6.762182E-8,8.277029E-8,0.00258054,7.604918E-6,4.333892E-7,2.397549E-6,1.957337E-5,2.862096E-8,2.223824E-7,1.420552E-5,3.196862E-6,8.233052E-4,1.20723E-4,1.257788E-5,6.964787E-4,1.663278E-7,1.935642E-5,2.997998E-6,4.831877E-8,4.72881E-7,7.242439E-4,1.134564E-7,9.225341E-6,3.558598E-8,3.800894E-4,9.155952E-5,1.015013E-6,1.941772E-7,6.494572E-5,8.737454E-4,5.770012E-8,0.004027842,2.123818E-6,4.221889E-8,2.23591E-6,1.28204E-6,3.597222E-7,4.97336E-6,0.01026344,0.006033062,0.02418099,9.342637,1.154512E-4,529858.4,529858.4
0.0091,15.63445,-7736976.0,986.0592,986.0592,0.001805082,1.0,0.9418718,3.720908E-8,0.001453819,1.051846E-6,0.001206301,1.596526E-6,0.00442938,3.555425E-6,4.627351E-5,6.798708E-8,8.246505E-8,0.002602398,7.605159E-6,4.40666E-7,2.426387E-6,1.972118E-5,2.851133E-8,2.258682E-7,1.448046E-5,3.21729E-6,8.299406E-4,1.218115E-4,1.255239E-5,7.023451E-4,1.689358E-7,1.952253E-5,3.050313E-6,4.936213E-8,4.762863E-7,7.302301E-4,1.154005E-7,9.300049E-6,3.620912E-8,3.829841E-4,9.208404E-5,1.030713E-6,1.978909E-7,6.546405E-5,8.806544E-4,5.874758E-8,0.004027442,2.117845E-6,4.302379E-8,2.25511E-6,1.293855E-6,3.624137E-7,5.01419E-6,0.01025703,0.006028063,0.0241596,9.34188,1.154551E-4,529815.5,529815.5
0.0092,15.63391,-7696002.0,985.946,985.946,0.001805082,1.0,0.9417924,3.704366E-8,0.001466422,1.048287E-6,0.001216452,1.590644E-6,0.004465721,3.608063E-6,4.669776E-5,6.834848E-8,8.216273E-8,0.002624149,7.605265E-6,4.479679E-7,2.455209E-6,1.9868E-5,2.840275E-8,2.293632E-7,1.47567E-5,3.237443E-6,8.365374E-4,1.228953E-4,1.252709E-5,7.081809E-4,1.715473E-7,1.968787E-5,3.102844E-6,5.041444E-8,4.796659E-7,7.361835E-4,1.1735E-7,9.374301E-6,3.683486E-8,3.858592E-4,9.260281E-5,1.046432E-6,2.016279E-7,6.597934E-5,8.875215E-4,5.980031E-8,0.004027044,2.111921E-6,4.383291E-8,2.274198E-6,1.305622E-6,3.650784E-7,5.054738E-6,0.01025065,0.006023091,0.02413833,9.341127,1.154591E-4,529772.8,529772.8
0.0093,15.63338,-7655460.0,985.8334,985.8334,0.001805082,1.0,0.9417134,3.687988E-8,0.001478972,1.044759E-6,0.001226556,1.584817E-6,0.004501873,3.660795E-6,4.712068E-5,6.870609E-8,8.186315E-8,0.002645794,7.605239E-6,4.552944E-7,2.484014E-6,2.001383E-5,2.829517E-8,2.328673E-7,1.503421E-5,3.257326E-6,8.430961E-4,1.239744E-4,1.250197E-5,7.139867E-4,1.741621E-7,1.985245E-5,3.155587E-6,5.14756E-8,4.830199E-7,7.421044E-4,1.193046E-7,9.448103E-6,3.746315E-8,3.887149E-4,9.311591E-5,1.062168E-6,2.053878E-7,6.649162E-5,8.943471E-4,6.085822E-8,0.004026649,2.106046E-6,4.464618E-8,2.293175E-6,1.31734E-6,3.677169E-7,5.095006E-6,0.01024431,0.006018145,0.02411717,9.340378,1.15463E-4,529730.3,529730.3
0.0094,15.63285,-7615341.0,985.7214,985.7214,0.001805082,1.0,0.9416348,3.67177E-8,0.001491469,1.041262E-6,0.001236613,1.579044E-6,0.004537841,3.713619E-6,4.754229E-5,6.905998E-8,8.156627E-8,0.002667333,7.605086E-6,4.626451E-7,2.512801E-6,2.01587E-5,2.818857E-8,2.363802E-7,1.531295E-5,3.276945E-6,8.496169E-4,1.250489E-4,1.247704E-5,7.197626E-4,1.7678E-7,2.001627E-5,3.208538E-6,5.254556E-8,4.863489E-7,7.479931E-4,1.212643E-7,9.521461E-6,3.809395E-8,3.915517E-4,9.362344E-5,1.07792E-6,2.091705E-7,6.700093E-5,9.011318E-4,6.192126E-8,0.004026257,2.100219E-6,4.546355E-8,2.312042E-6,1.32901E-6,3.703294E-7,5.135E-6,0.010238,0.006013225,0.02409612,9.339632,1.154669E-4,529688.0,529688.0
0.0095,15.63233,-7575646.0,985.6099,985.6099,0.001805082,1.0,0.9415566,3.655719E-8,0.001503914,1.037801E-6,0.001246624,1.573328E-6,0.004573625,3.76653E-6,4.796261E-5,6.941032E-8,8.127227E-8,0.002688768,7.604808E-6,4.700194E-7,2.54157E-6,2.030262E-5,2.808301E-8,2.399018E-7,1.559292E-5,3.296303E-6,8.561004E-4,1.261189E-4,1.24523E-5,7.255091E-4,1.794008E-7,2.017935E-5,3.261694E-6,5.362424E-8,4.896531E-7,7.538499E-4,1.232288E-7,9.594379E-6,3.872722E-8,3.943695E-4,9.41255E-5,1.093687E-6,2.129758E-7,6.750729E-5,9.078759E-4,6.298934E-8,0.004025866,2.094439E-6,4.628496E-8,2.3308E-6,1.340632E-6,3.729164E-7,5.174722E-6,0.01023172,0.006008332,0.02407518,9.338891,1.154708E-4,529646.0,529646.0
0.0096,15.6318,-7536367.0,985.4991,985.4991,0.001805082,1.0,0.9414788,3.639822E-8,0.001516308,1.034367E-6,0.001256588,1.567663E-6,0.004609228,3.819527E-6,4.838164E-5,6.975695E-8,8.098084E-8,0.002710099,7.604409E-6,4.774168E-7,2.57032E-6,2.044559E-5,2.797839E-8,2.434318E-7,1.587407E-5,3.315405E-6,8.62547E-4,1.271843E-4,1.242773E-5,7.312264E-4,1.820243E-7,2.034168E-5,3.315053E-6,5.471157E-8,4.929328E-7,7.596753E-4,1.251981E-7,9.666862E-6,3.93629E-8,3.971687E-4,9.462215E-5,1.109469E-6,2.168033E-7,6.801074E-5,9.145799E-4,6.40624E-8,0.004025478,2.088706E-6,4.711036E-8,2.34945E-6,1.352208E-6,3.754781E-7,5.214175E-6,0.01022547,0.006003463,0.02405435,9.338153,1.154747E-4,529604.1,529604.1
0.0097,15.63128,-7497491.0,985.3888,985.3888,0.001805082,1.0,0.9414013,3.624084E-8,0.00152865,1.030967E-6,0.001266507,1.562053E-6,0.004644651,3.872607E-6,4.879939E-5,7.010015E-8,8.069211E-8,0.002731328,7.603892E-6,4.84837E-7,2.599049E-6,2.058763E-5,2.787474E-8,2.4697E-7,1.61564E-5,3.334256E-6,8.689569E-4,1.282452E-4,1.240335E-5,7.369147E-4,1.846504E-7,2.050329E-5,3.368609E-6,5.580748E-8,4.961883E-7,7.654694E-4,1.271719E-7,9.738916E-6,4.000097E-8,3.999495E-4,9.511349E-5,1.125263E-6,2.206528E-7,6.851131E-5,9.212444E-4,6.514037E-8,0.004025092,2.083019E-6,4.79397E-8,2.367994E-6,1.363736E-6,3.78015E-7,5.253362E-6,0.01021925,0.005998621,0.02403364,9.337419,1.154785E-4,529562.5,529562.5
0.0098,15.63076,-7459021.0,985.2791,985.2791,0.001805082,1.0,0.9413242,3.608498E-8,0.001540942,1.027595E-6,0.001276381,1.556493E-6,0.004679896,3.925766E-6,4.921589E-5,7.043979E-8,8.040597E-8,0.002752456,7.60326E-6,4.922795E-7,2.627759E-6,2.072875E-5,2.777202E-8,2.505163E-7,1.643987E-5,3.35286E-6,8.753307E-4,1.293017E-4,1.237914E-5,7.425745E-4,1.87279E-7,2.066418E-5,3.422361E-6,5.691191E-8,4.9942E-7,7.712325E-4,1.291502E-7,9.810545E-6,4.064139E-8,4.027121E-4,9.559961E-5,1.141071E-6,2.245242E-7,6.900903E-5,9.278696E-4,6.622319E-8,0.004024709,2.077377E-6,4.877291E-8,2.386432E-6,1.375219E-6,3.805273E-7,5.292288E-6,0.01021307,0.005993803,0.02401303,9.33669,1.154823E-4,529521.1,529521.1
0.0099,15.63025,-7420944.0,985.1699,985.1699,0.001805082,1.0,0.9412475,3.593067E-8,0.001553184,1.024255E-6,0.001286211,1.550985E-6,0.004714965,3.979002E-6,4.963114E-5,7.077605E-8,8.012247E-8,0.002773484,7.602517E-6,4.997437E-7,2.656447E-6,2.086896E-5,2.767026E-8,2.540705E-7,1.672447E-5,3.37122E-6,8.816687E-4,1.303538E-4,1.23551E-5,7.482059E-4,1.899097E-7,2.082435E-5,3.476304E-6,5.802477E-8,5.026281E-7,7.769652E-4,1.311328E-7,9.881755E-6,4.12841E-8,4.054567E-4,9.608057E-5,1.156889E-6,2.284172E-7,6.950392E-5,9.344561E-4,6.731079E-8,0.004024327,2.07178E-6,4.960995E-8,2.404767E-6,1.386656E-6,3.830154E-7,5.330954E-6,0.01020691,0.00598901,0.02399252,9.335963,1.154861E-4,529479.9,529479.9
0.01,15.62974,-7383268.0,985.0614,985.0614,0.001805082,1.0,0.9411712,3.577786E-8,0.001565373,1.020943E-6,0.001295994,1.545528E-6,0.004749851,4.032317E-6,5.00451E-5,7.110876E-8,7.98415E-8,0.002794408,7.60166E-6,5.072305E-7,2.685112E-6,2.100822E-5,2.756943E-8,2.576328E-7,1.701023E-5,3.389329E-6,8.879693E-4,1.314013E-4,1.233125E-5,7.538079E-4,1.925427E-7,2.098377E-5,3.530447E-6,5.914647E-8,5.058118E-7,7.826659E-4,1.331198E-7,9.952527E-6,4.192921E-8,4.081825E-4,9.655621E-5,1.172719E-6,2.323328E-7,6.999588E-5,9.410022E-4,6.840337E-8,0.004023948,2.06623E-6,5.045098E-8,2.422994E-6,1.398045E-6,3.854784E-7,5.369351E-6,0.01020079,0.005984243,0.02397213,9.335241,1.154899E-4,529439.0,529439.0
