Distance (cm),Plug_flow_residence_time (sec),Internal_surface_area_per_unit_distance (cm),Cross-section_area (cm2),External_surface_area_per_unit_distance (cm),Velocity (cm/sec),Exit_mass_flow_rate (g/sec),Volumetric_heat_production_rate (erg/cm3-sec),Surface_temperature (K),Heat_loss_rate (erg/cm-sec),Temperature (K),Pressure (atm),Mole_fraction_H2 (),Mole_fraction_CH4 (),Mole_fraction_C2H6 (),Mole_fraction_C2H4 (),Mole_fraction_C3H6 (),Mole_fraction_C4H8-1 (),Mole_fraction_C4H6 (),Mole_fraction_NC12H26 (),Mole_fraction_NC16H34 (),Mole_fraction_NC10H20 (),Molecular_weight (g/mole),Mass_density (g/cm3),Unburned_hydrocarbons (ppm),UHC_Sens_GasRxn#32 (),UHC_Sens_GasRxn#167 (),UHC_Sens_GasRxn#11427 (),UHC_Sens_GasRxn#11449 (),UHC_Sens_GasRxn#11450 (),UHC_Sens_GasRxn#11452 (),UHC_Sens_GasRxn#11453 (),UHC_Sens_GasRxn#11692 (),UHC_Sens_GasRxn#11743 (),UHC_Sens_GasRxn#11794 (),Volatile_organic_compounds (ppm),VOC_Sens_GasRxn#32 (),VOC_Sens_GasRxn#167 (),VOC_Sens_GasRxn#11427 (),VOC_Sens_GasRxn#11449 (),VOC_Sens_GasRxn#11450 (),VOC_Sens_GasRxn#11452 (),VOC_Sens_GasRxn#11453 (),VOC_Sens_GasRxn#11692 (),VOC_Sens_GasRxn#11743 (),VOC_Sens_GasRxn#11794 ()
0.0,0.0,6.283185,3.141593,6.283185,753.9968,0.2365664,-2.861834E8,1151.892,0.0,1151.892,1.0,0.9514247,0.0,0.0,0.0,0.0,0.0,0.0,0.01104136,0.006644772,0.02680524,9.439816,9.986968E-5,535452.9,0.0,0.0,0.0,0.0,0.0,0.0,0.0,0.0,0.0,0.0,535452.9,0.0,0.0,0.0,0.0,0.0,0.0,0.0,0.0,0.0,0.0
3.158407E-4,4.188925E-7,6.283185,3.141593,6.283185,753.9825,0.2365664,-5.073257E8,1151.857,1.499329E8,1151.857,1.0,0.9514141,5.322353E-8,7.296701E-8,3.044809E-6,2.185599E-6,9.498088E-7,5.922322E-8,0.01104054,0.006644051,0.02680246,9.43971,9.987157E-5,535446.9,4.778315E-7,1.691022E-6,7.773084E-6,4.945378E-5,4.010137E-7,-1.933379E-8,2.374479E-8,1.009297E-6,4.318928E-7,3.751375E-7,535446.9,4.778315E-7,1.691022E-6,7.773084E-6,4.945378E-5,4.010137E-7,-1.933379E-8,2.374479E-8,1.009297E-6,4.318928E-7,3.751375E-7
0.006797985,9.017965E-6,6.283185,3.141593,6.283185,753.6546,0.2365664,-9.952359E8,1150.647,1.4972E8,1150.647,1.0,0.9508651,4.531461E-5,2.874012E-5,2.663493E-4,1.326741E-4,4.776527E-5,2.756608E-5,0.01099461,0.006606436,0.0266627,9.433898,9.991503E-5,535117.2,6.230397E-4,6.994622E-4,4.45749E-4,-2.846855E-4,1.019161E-4,-2.127828E-4,2.156075E-4,4.282461E-4,-3.690433E-4,-4.427806E-4,535117.2,6.230397E-4,6.994622E-4,4.45749E-4,-2.846855E-4,1.019161E-4,-2.127828E-4,2.156075E-4,4.282461E-4,-3.690433E-4,-4.427806E-4
0.03376143,4.482069E-5,6.283185,3.141593,6.283185,752.6313,0.2365664,-9.418798E8,1144.481,1.486347E8,1144.481,1.0,0.9473224,5.041608E-4,2.521199E-4,0.002120943,0.001063707,3.912766E-4,3.204503E-4,0.01067818,0.006352688,0.02572841,9.396102,1.000509E-4,532973.3,-6.707125E-4,-7.722253E-4,-3.320758E-4,-0.001736416,-8.007749E-5,5.950855E-4,-5.9641E-4,3.399214E-4,-3.245406E-4,-3.2502E-4,532973.3,-6.707125E-4,-7.722253E-4,-3.320758E-4,-0.001736416,-8.007749E-5,5.950855E-4,-5.9641E-4,3.399214E-4,-3.245406E-4,-3.2502E-4
0.1408621,1.874087E-4,6.283185,3.141593,6.283185,749.7992,0.2365664,-5.039718E8,1127.592,1.45662E8,1127.592,1.0,0.9374745,0.00189109,9.049441E-4,0.007321126,0.003671268,0.001323064,0.001224912,0.009807051,0.005667066,0.0231589,9.292406,1.004288E-4,527091.4,-0.001684858,-0.001823807,-8.822144E-4,-0.004262793,-3.733686E-4,0.001737059,-0.001737462,9.130612E-4,-9.836928E-4,-9.444828E-4,527091.4,-0.001684858,-0.001823807,-8.822144E-4,-0.004262793,-3.733686E-4,0.001737059,-0.001737462,9.130612E-4,-9.836928E-4,-9.444828E-4
0.2,2.663456E-4,6.283185,3.141593,6.283185,748.5888,0.2365664,-3.975832E8,1121.255,1.445467E8,1121.255,1.0,0.9338703,0.002431307,0.001155991,0.009222516,0.004618745,0.001643702,0.001556706,0.009494454,0.005425511,0.02223625,9.255122,1.005912E-4,524976.6,-0.001904014,-0.002008009,-0.001001155,-0.004863874,-4.825875E-4,0.00201254,-0.002012749,0.00104145,-0.00116288,-0.00110081,524976.6,-0.001904014,-0.002008009,-0.001001155,-0.004863873,-4.825875E-4,0.00201254,-0.002012749,0.00104145,-0.001162879,-0.00110081
0.2679467,3.571877E-4,6.283185,3.141593,6.283185,747.3669,0.2365664,-3.184057E8,1115.319,1.435019E8,1115.319,1.0,0.9305557,0.002945488,0.001393432,0.01096895,0.005486209,0.001927729,0.001861598,0.009210014,0.005207878,0.02139694,9.221174,1.007556E-4,523051.6,-0.002056137,-0.002109877,-0.001085531,-0.005300269,-5.806683E-4,0.002212813,-0.002212895,0.001133229,-0.001304702,-0.001219634,523051.7,-0.002056134,-0.002109872,-0.001085529,-0.005300262,-5.806681E-4,0.00221281,-0.002212892,0.001133227,-0.001304699,-0.001219632
0.338498,4.516609E-4,6.283185,3.141593,6.283185,746.2316,0.2365664,-2.62508E8,1110.173,1.425961E8,1110.173,1.000001,0.9277388,0.003396296,0.001600548,0.01245084,0.006220171,0.002160475,0.002120411,0.008970606,0.005026349,0.02069097,9.19259,1.009089E-4,521430.8,-0.002155425,-0.002154684,-0.001140797,-0.005595849,-6.61087E-4,0.002348006,-0.002348011,0.001194378,-0.001410158,-0.001303966,521431.1,-0.002155417,-0.002154679,-0.001140796,-0.005595836,-6.610916E-4,0.002348012,-0.002348017,0.001194381,-0.00141016,-0.001303968
0.4,5.341284E-4,6.283185,3.141593,6.283185,745.3224,0.2365664,-2.26757E8,1106.285,1.419118E8,1106.285,1.000001,0.9256513,0.003738983,0.001757394,0.01354737,0.006762141,0.00232772,0.002311952,0.008794616,0.004893889,0.02017236,9.171571,1.01032E-4,520240.9,-0.002214383,-0.002167001,-0.001173452,-0.005776126,-7.18447E-4,0.002429776,-0.002429736,0.001231219,-0.001480402,-0.001357942,520242.1,-0.002214375,-0.002167009,-0.001173457,-0.005776122,-7.184606E-4,0.002429805,-0.002429766,0.001231231,-0.001480418,-0.001357954
0.4080413,5.449182E-4,6.283185,3.141593,6.283185,745.2074,0.2365664,-2.188431E8,1105.809,1.418281E8,1105.809,1.000001,0.9253992,0.003780843,0.001776517,0.01367996,0.006827605,0.002347867,0.002335008,0.008773552,0.004878093,0.02011023,9.169042,1.010476E-4,520103.2,-0.002220958,-0.002167691,-0.001177116,-0.005796846,-7.252367E-4,0.002438874,-0.00243882,0.001235503,-0.001488566,-0.001364112,520106.5,-0.002220972,-0.002167751,-0.001177141,-0.005796918,-7.252639E-4,0.002438955,-0.002438901,0.00123553,-0.001488616,-0.001364153
0.4085104,5.455478E-4,6.283185,3.141593,6.283185,745.2008,0.2365664,-2.296781E8,1105.781,1.418232E8,1105.781,1.000001,0.9253845,0.003783256,0.001777616,0.01368772,0.006831457,0.002349109,0.002336326,0.008772353,0.004877194,0.02010668,9.168893,1.010485E-4,520096.7,-0.002221376,-0.002167776,-0.001177357,-0.005798202,-7.256279E-4,0.002439426,-0.002439374,0.001235772,-0.001489059,-0.001364488,520100.7,-0.002221398,-0.002167852,-0.001177388,-0.005798302,-7.256582E-4,0.002439521,-0.00243947,0.001235803,-0.001489118,-0.001364537
0.4085962,5.456629E-4,6.283185,3.141593,6.283185,745.1994,0.2365664,-2.190355E8,1105.776,1.418223E8,1105.776,1.000001,0.9253819,0.003783697,0.001777816,0.01368909,0.006832137,0.002349319,0.002336566,0.008772139,0.004877034,0.02010605,9.168868,1.010487E-4,520095.3,-0.002221455,-0.002167797,-0.001177403,-0.005798461,-7.257007E-4,0.002439533,-0.002439476,0.001235822,-0.001489151,-0.001364559,520099.3,-0.002221478,-0.002167873,-0.001177435,-0.005798562,-7.257314E-4,0.002439629,-0.002439572,0.001235853,-0.001489211,-0.001364608
0.4088077,5.459467E-4,6.283185,3.141593,6.283185,745.1965,0.2365664,-2.286496E8,1105.764,1.418201E8,1105.764,1.000001,0.9253754,0.003784783,0.00177831,0.01369255,0.006833844,0.002349867,0.002337158,0.008771601,0.00487663,0.02010445,9.168802,1.010491E-4,520092.2,-0.002221638,-0.002167824,-0.001177509,-0.00579906,-7.258758E-4,0.00243977,-0.00243972,0.001235943,-0.001489366,-0.001364722,520096.5,-0.002221663,-0.002167906,-0.001177543,-0.00579917,-7.25908E-4,0.002439871,-0.002439821,0.001235975,-0.001489429,-0.001364775
0.4091495,5.464054E-4,6.283185,3.141593,6.283185,745.1915,0.2365664,-2.21918E8,1105.744,1.418166E8,1105.744,1.000001,0.925365,0.003786534,0.001779106,0.01369803,0.006836544,0.002350698,0.002338119,0.008770729,0.004875976,0.02010188,9.168698,1.010497E-4,520086.3,-0.002221909,-0.002167832,-0.001177668,-0.005799964,-7.261569E-4,0.002440136,-0.002440086,0.001236125,-0.0014897,-0.001364973,520090.7,-0.002221935,-0.002167916,-0.001177702,-0.005800075,-7.261907E-4,0.002440241,-0.002440191,0.001236159,-0.001489766,-0.001365027
0.4135822,5.52354E-4,6.283185,3.141593,6.283185,745.1285,0.2365664,-2.201114E8,1105.486,1.417712E8,1105.486,1.000001,0.9252287,0.00380916,0.001789419,0.01376951,0.006871921,0.002361499,0.002350585,0.008759339,0.00486744,0.0200683,9.167331,1.010583E-4,520011.1,-0.002225255,-0.002167817,-0.001179613,-0.005811138,-7.297453E-4,0.002444744,-0.002444693,0.001238297,-0.001493989,-0.001368178,520016.4,-0.002225269,-0.002167922,-0.001179652,-0.005811228,-7.297981E-4,0.002444884,-0.002444833,0.001238345,-0.001494079,-0.001368252
0.4291032,5.73187E-4,6.283185,3.141593,6.283185,744.9121,0.2365664,-2.136496E8,1104.597,1.416147E8,1104.597,1.000001,0.9247581,0.003887677,0.001825248,0.01401623,0.006993816,0.002398382,0.002393559,0.008719911,0.00483792,0.01995223,9.16262,1.010877E-4,519745.3,-0.002236742,-0.002167626,-0.001185794,-0.005846706,-7.42126E-4,0.002460388,-0.002460332,0.001244639,-0.001508586,-0.001379065,519751.7,-0.002236708,-0.00216774,-0.001185839,-0.005846715,-7.422173E-4,0.002460596,-0.002460541,0.001244717,-0.001508719,-0.001379172
0.4388282,5.862435E-4,6.283185,3.141593,6.283185,744.777,0.2365664,-2.182145E8,1104.05,1.415185E8,1104.05,1.000001,0.9244708,0.003935867,0.001847182,0.01416712,0.007068453,0.002421115,0.002419714,0.008696017,0.004820054,0.01988179,9.159745,1.01106E-4,519590.8,-0.002243871,-0.002167597,-0.001189603,-0.005868756,-7.497094E-4,0.002470027,-0.002469963,0.001248919,-0.00151759,-0.001385757,519600.4,-0.002243841,-0.002167764,-0.001189671,-0.005868833,-7.498281E-4,0.002470323,-0.002470258,0.001249023,-0.001517777,-0.001385909
0.4392533,5.868142E-4,6.283185,3.141593,6.283185,744.7709,0.2365664,-2.103118E8,1104.026,1.415143E8,1104.026,1.000001,0.9244586,0.003937951,0.001848127,0.0141736,0.007071659,0.002422119,0.002420826,0.008695019,0.004819307,0.01987882,9.159623,1.011068E-4,519584.9,-0.002244224,-0.002167651,-0.001189799,-0.005869874,-7.500381E-4,0.002470476,-0.00247041,0.001249142,-0.001517997,-0.001386063,519594.9,-0.002244199,-0.002167828,-0.00118987,-0.005869969,-7.501587E-4,0.002470783,-0.002470717,0.001249249,-0.001518191,-0.00138622
0.4393551,5.869509E-4,6.283185,3.141593,6.283185,744.7695,0.2365664,-2.094406E8,1104.02,1.415133E8,1104.02,1.000001,0.9244556,0.003938449,0.001848352,0.01417518,0.007072438,0.002422366,0.002421095,0.008694773,0.004819124,0.01987809,9.159593,1.01107E-4,519583.5,-0.002244303,-0.002167656,-0.001189843,-0.005870128,-7.501166E-4,0.002470579,-0.002470513,0.001249187,-0.001518095,-0.001386135,519593.6,-0.00224428,-0.002167836,-0.001189916,-0.005870229,-7.502377E-4,0.002470889,-0.002470823,0.001249295,-0.001518291,-0.001386294
0.4462254,5.961763E-4,6.283185,3.141593,6.283185,744.6757,0.2365664,-2.056874E8,1103.642,1.414466E8,1103.642,1.000001,0.9242566,0.003971874,0.001863559,0.01427938,0.007123936,0.002437831,0.002439259,0.008678137,0.004806693,0.01982914,9.157605,1.011197E-4,519471.3,-0.002248815,-0.002166999,-0.001192279,-0.005884488,-7.552686E-4,0.002476754,-0.002476691,0.001251865,-0.001524074,-0.001390537,519482.1,-0.002248758,-0.002167181,-0.001192358,-0.005884534,-7.554203E-4,0.002477107,-0.002477044,0.001251992,-0.001524296,-0.001390716
0.469267,6.271245E-4,6.283185,3.141593,6.283185,744.3653,0.2365664,-1.975697E8,1102.399,1.412279E8,1102.399,1.000001,0.9236053,0.004081914,0.001913656,0.01462066,0.007292482,0.00248823,0.002498614,0.008623814,0.004766157,0.01966928,9.151107,1.011619E-4,519107.6,-0.002263507,-0.002164934,-0.001199783,-0.005928817,-7.722247E-4,0.002496955,-0.00249688,0.001260542,-0.001543641,-0.001404866,519120.9,-0.002263389,-0.002165103,-0.001199877,-0.005928847,-7.724379E-4,0.00249742,-0.002497346,0.001260709,-0.001543917,-0.001405086
0.4711818,6.29697E-4,6.283185,3.141593,6.283185,744.3396,0.2365664,-1.949313E8,1102.298,1.412101E8,1102.298,1.000001,0.9235526,0.004090878,0.001917721,0.01464835,0.007306173,0.002492363,0.002503408,0.008619449,0.004762903,0.01965641,9.150582,1.011654E-4,519079.6,-0.002264732,-0.002164775,-0.001200417,-0.005932558,-7.735987E-4,0.00250073,-0.002500632,0.001261304,-0.001545236,-0.001406028,519093.6,-0.002264618,-0.002164955,-0.001200518,-0.005932612,-7.73817E-4,0.002501215,-0.002501118,0.001261477,-0.001545523,-0.001406256
0.4730111,6.321546E-4,6.283185,3.141593,6.283185,744.3151,0.2365664,-1.95621E8,1102.201,1.411931E8,1102.201,1.000001,0.9235025,0.004099389,0.001921583,0.01467462,0.007319153,0.00249626,0.00250797,0.008615293,0.004759807,0.01964417,9.150082,1.011687E-4,519052.6,-0.002265854,-0.002164582,-0.001200998,-0.005936006,-7.748891E-4,0.002501995,-0.002501897,0.001261945,-0.001546741,-0.001407127,519067.1,-0.002265737,-0.002164767,-0.001201102,-0.005936069,-7.751132E-4,0.002502495,-0.002502397,0.001262122,-0.001547037,-0.001407363
0.4794147,6.407585E-4,6.283185,3.141593,6.283185,744.2299,0.2365664,-1.924441E8,1101.866,1.411341E8,1101.866,1.000001,0.9233282,0.004128988,0.001935029,0.01476594,0.007364274,0.00250973,0.002523839,0.008600818,0.004749023,0.01960155,9.148346,1.011803E-4,518957.1,-0.002269622,-0.002163765,-0.001203012,-0.005947731,-7.793606E-4,0.002506294,-0.002506196,0.001264186,-0.001551906,-0.001410858,518973.0,-0.002269491,-0.002163962,-0.001203127,-0.005947804,-7.796064E-4,0.002506843,-0.002506745,0.001264381,-0.001552228,-0.001411114
0.4965911,6.638415E-4,6.283185,3.141593,6.283185,744.0055,0.2365664,-1.863512E8,1100.984,1.409789E8,1100.984,1.000001,0.9228694,0.004207168,0.001970586,0.01500599,0.007482709,0.002544687,0.002565636,0.008562607,0.004720584,0.01948921,9.143784,1.012108E-4,518698.9,-0.002279084,-0.002160988,-0.001207693,-0.005975954,-7.910806E-4,0.002517087,-0.002516986,0.00126969,-0.001565123,-0.00142039,518715.8,-0.002278898,-0.002161149,-0.001207815,-0.005975991,-7.913703E-4,0.002517704,-0.002517603,0.001269915,-0.001565465,-0.001420662
0.6,8.029531E-4,6.283185,3.141593,6.283185,742.7155,0.2365664,-1.548419E8,1096.121,1.401228E8,1096.121,1.000001,0.9203848,0.004637857,0.002166403,0.01630512,0.008122346,0.0027297,0.002792609,0.008356567,0.004567946,0.01888367,9.1192,1.013866E-4,517303.5,-0.002321961,-0.002135817,-0.001228217,-0.006106175,-8.529687E-4,0.002578331,-0.002578222,0.001296382,-0.001633081,-0.001467571,517320.9,-0.002321758,-0.002135798,-0.001228356,-0.006106397,-8.53231E-4,0.002579006,-0.002578897,0.001296698,-0.001633334,-0.001467764
0.8,0.001072654,6.283185,3.141593,6.283185,740.4518,0.2365664,-1.152468E8,1088.308,1.387478E8,1088.308,1.000001,0.916569,0.005322458,0.002477137,0.01829357,0.009099426,0.002999999,0.003140254,0.008043583,0.004338431,0.0179653,9.081884,1.016966E-4,515186.6,-0.002367605,-0.002015243,-0.001246238,-0.006248275,-9.39767E-4,0.002639442,-0.002639299,0.001324427,-0.00165953,-0.001467053,515203.7,-0.00236747,-0.002015193,-0.001246386,-0.006248586,-9.399686E-4,0.002640151,-0.002640009,0.001324982,-0.00165968,-0.001467152
1.0,0.00134314,6.283185,3.141593,6.283185,738.3978,0.2365664,-9.038599E7,1081.876,1.376158E8,1081.876,1.000001,0.9136083,0.005874026,0.002727348,0.01982911,0.009853002,0.003197725,0.003408621,0.007803686,0.004164491,0.01726301,9.053322,1.019795E-4,513566.4,-0.002390316,-0.00195991,-0.0012502,-0.006314882,-0.001000004,0.002664531,-0.002664377,0.001363848,-0.001707918,-0.001490452,513583.2,-0.002390229,-0.001959838,-0.001250351,-0.00631523,-0.001000163,0.002665265,-0.002665111,0.001364585,-0.001707978,-0.00149048
1.2,0.001614352,6.283185,3.141593,6.283185,736.4866,0.2365664,-7.338158E7,1076.354,1.366438E8,1076.354,1.000001,0.9112135,0.006334009,0.002936264,0.02106553,0.01045966,0.003349706,0.003624567,0.007611568,0.00402647,0.01670175,9.030486,1.022441E-4,512271.0,-0.002402354,-0.001831807,-0.001247748,-0.00634461,-0.001043864,0.002672956,-0.002672798,0.001344607,-0.001741241,-0.001503705,512287.6,-0.002402302,-0.001831715,-0.0012479,-0.006344973,-0.00104399,0.002673701,-0.002673542,0.001345488,-0.001741232,-0.001503673
1.4,0.001886248,6.283185,3.141593,6.283185,734.6789,0.2365664,-6.106251E7,1071.476,1.357852E8,1071.476,1.000001,0.9092202,0.006726719,0.003115059,0.02208996,0.0109626,0.003470587,0.003803325,0.007453033,0.003913453,0.01623944,9.011673,1.024957E-4,511203.9,-0.002408829,-0.001732447,-0.001242177,-0.006354688,-0.001076874,0.002672799,-0.002672639,0.001348155,-0.001765467,-0.001549061,511220.3,-0.002408821,-0.00173238,-0.001242344,-0.006355106,-0.001076967,0.002673582,-0.002673422,0.001349185,-0.001765449,-0.001549024
1.502092,0.002025295,6.283185,3.141593,6.283185,733.7877,0.2365664,-5.592285E7,1069.178,1.353808E8,1069.178,1.000002,0.9083227,0.006906935,0.00319712,0.0225494,0.01118834,0.003523356,0.003883446,0.007382102,0.003863149,0.01603287,9.003267,1.026202E-4,510727.7,-0.00241118,-0.001739409,-0.00123874,-0.0063555,-0.001090644,0.002670916,-0.002671421,0.001349299,-0.001775476,-0.001536925,510746.0,-0.002411338,-0.00173964,-0.001239016,-0.006356505,-0.001090749,0.002671903,-0.002672408,0.001350381,-0.001775631,-0.001537024
1.6,0.002158801,6.283185,3.141593,6.283185,732.9501,0.2365664,-5.178014E7,1067.077,1.35011E8,1067.077,1.000002,0.9075271,0.007068012,0.003270764,0.02295599,0.01138827,0.003569179,0.003954284,0.007319413,0.003818829,0.01585042,8.995845,1.027374E-4,510306.7,-0.002412461,-0.002070291,-0.001235137,-0.006353985,-0.001102281,0.002668932,-0.00266878,0.001350063,-0.001783824,-0.001526072,510324.8,-0.002412633,-0.002070504,-0.001235413,-0.006354996,-0.001102373,0.002669924,-0.002669772,0.001351198,-0.001783955,-0.001526153
1.8,0.002431983,6.283185,3.141593,6.283185,731.2828,0.2365664,-4.452767E7,1063.044,1.343011E8,1063.044,1.000002,0.906064,0.007368164,0.003408418,0.02370138,0.01175527,0.003651241,0.004084046,0.007204666,0.003738031,0.0155168,8.982276,1.029717E-4,509537.0,-0.002413913,-0.001762081,-0.001227333,-0.006346672,-0.001122296,0.002661968,-0.002661817,0.001351044,-0.001798171,-0.001506213,509554.9,-0.002414106,-0.001762282,-0.001227606,-0.00634768,-0.001122366,0.002662966,-0.002662815,0.001352273,-0.001798254,-0.001506254
2.0,0.002705779,6.283185,3.141593,6.283185,729.6656,0.2365664,-3.873001E7,1059.304,1.336429E8,1059.304,1.000002,0.9047858,0.007634833,0.003531258,0.0243498,0.01207519,0.003720493,0.004196776,0.00710501,0.003668219,0.01522742,8.970512,1.031999E-4,508869.7,-0.002414205,-0.001749425,-0.001219265,-0.006335607,-0.001138797,0.00265359,-0.00265344,0.001351522,-0.001809135,-0.001489157,508887.5,-0.002414416,-0.001749606,-0.001219536,-0.006336611,-0.001138848,0.002654591,-0.002654441,0.001352832,-0.001809176,-0.001489164
2.2,0.002980175,6.283185,3.141593,6.283185,728.0899,0.2365664,-3.400409E7,1055.803,1.330267E8,1055.803,1.000002,0.9036584,0.007873608,0.003641778,0.02491924,0.01235682,0.00377962,0.004295631,0.007017595,0.003607263,0.01497385,8.960213,1.034232E-4,508285.4,-0.002413769,-0.001680251,-0.001211181,-0.006322387,-0.001151294,0.00264474,-0.002644592,0.001351728,-0.001819038,-0.001474522,508303.1,-0.002413996,-0.001680416,-0.00121145,-0.006323387,-0.001151329,0.002645743,-0.002645595,0.001353107,-0.001819041,-0.0014745
2.4,0.003255159,6.283185,3.141593,6.283185,726.5491,0.2365664,-3.008629E7,1052.499,1.324451E8,1052.499,1.000002,0.9026555,0.008088907,0.003741941,0.02542366,0.01260698,0.003830654,0.004383063,0.006940217,0.003553527,0.01474961,8.951112,1.036426E-4,507769.1,-0.002412822,-0.001594644,-0.001203237,-0.006308045,-0.001161417,0.002635689,-0.002635542,0.001351795,-0.001826848,-0.00146195,507786.7,-0.002413063,-0.001594794,-0.001203503,-0.006309041,-0.001161438,0.002636694,-0.002636548,0.001353234,-0.001826818,-0.001461901
2.6,0.00353072,6.283185,3.141593,6.283185,725.0378,0.2365664,-2.679325E7,1049.359,1.318925E8,1049.359,1.000002,0.9017569,0.008284173,0.003833267,0.02587373,0.01283085,0.003875112,0.004460948,0.006871201,0.003505773,0.01454976,8.94301,1.038586E-4,507309.5,-0.002411575,-0.001555211,-0.001195508,-0.006293221,-0.001169674,0.002626614,-0.002626469,0.001351792,-0.00183346,-0.001451117,507327.0,-0.002411828,-0.001555347,-0.001195772,-0.006294213,-0.001169683,0.002627622,-0.002627476,0.001353285,-0.001833402,-0.001451046
2.8,0.003806852,6.283185,3.141593,6.283185,723.5521,0.2365664,-2.39868E7,1046.359,1.313644E8,1046.359,1.000002,0.9009468,0.008462155,0.003916967,0.02627779,0.01303248,0.003914152,0.004530754,0.006809241,0.003463042,0.01437047,8.935749,1.040718E-4,506897.6,-0.002410109,-0.001518754,-0.001188039,-0.006278289,-0.001176444,0.002617785,-0.002617641,0.001351751,-0.001839098,-0.001519111,506915.0,-0.002410373,-0.001518876,-0.001188302,-0.006279277,-0.001176441,0.002618794,-0.00261865,0.00135329,-0.001839013,-0.001519016
3.0,0.004083547,6.283185,3.141593,6.283185,722.0888,0.2365664,-2.156516E7,1043.479,1.308575E8,1043.479,1.000002,0.9002131,0.008624992,0.003993977,0.02664221,0.01321495,0.003948631,0.004593602,0.006753347,0.003424612,0.01420883,8.92921,1.042828E-4,506526.7,-0.002411598,-0.001484585,-0.001180853,-0.006263491,-0.001182016,0.002609256,-0.002609113,0.001351681,-0.001843991,-0.001518494,506544.0,-0.002411872,-0.001484695,-0.001181114,-0.006264475,-0.001182003,0.002610266,-0.002610123,0.001353263,-0.001843883,-0.00151838
3.2,0.004360799,6.283185,3.141593,6.283185,720.6453,0.2365664,-1.953083E7,1040.703,1.30369E8,1040.703,1.000002,0.8995461,0.008774458,0.004065072,0.02697217,0.01338075,0.003979229,0.004650402,0.006702719,0.0033899,0.01406249,8.923299,1.044916E-4,506191.4,-0.002408264,-0.001453563,-0.001173964,-0.006249075,-0.001186552,0.002601078,-0.002600936,0.00135166,-0.001848018,-0.001517732,506208.6,-0.002408548,-0.001453663,-0.001174224,-0.006250056,-0.001186531,0.00260209,-0.002601948,0.00135328,-0.001847889,-0.001517601
3.4,0.004638603,6.283185,3.141593,6.283185,719.2195,0.2365664,-1.76893E7,1038.02,1.298967E8,1038.02,1.000003,0.8989374,0.008912053,0.004130905,0.02727199,0.01353198,0.004006512,0.004701919,0.006656683,0.003358418,0.01392949,8.917934,1.046988E-4,505887.0,-0.002405049,-0.001424342,-0.00116737,-0.006235097,-0.00119104,0.002593274,-0.002593133,0.001351652,-0.001851824,-0.001516917,505904.1,-0.002405341,-0.001424433,-0.001167628,-0.006236076,-0.001191012,0.002594287,-0.002594147,0.001353305,-0.001851677,-0.001516772
3.6,0.004916956,6.283185,3.141593,6.283185,717.8094,0.2365664,-1.605233E7,1035.417,1.294386E8,1035.417,1.000003,0.8983801,0.00903907,0.004192041,0.02754544,0.01367046,0.004030964,0.004748815,0.006614659,0.003329747,0.01380813,8.913045,1.049045E-4,505609.7,-0.002401844,-0.001429455,-0.001161028,-0.006221358,-0.001248175,0.002585872,-0.002585732,0.001351466,-0.001855392,-0.001516373,505626.7,-0.002402143,-0.001429536,-0.001161285,-0.006222335,-0.001248138,0.002586887,-0.002586747,0.00135315,-0.001855227,-0.001516214
3.8,0.005195853,6.283185,3.141593,6.283185,716.4136,0.2365664,-1.466564E7,1032.886,1.28993E8,1032.886,1.000003,0.8978683,0.009156598,0.004248949,0.02779549,0.01379759,0.004052949,0.004791614,0.006576191,0.003303561,0.01369707,8.908578,1.051088E-4,505356.3,-0.002398568,-0.001389026,-0.001154888,-0.006207596,-0.001254064,0.00257866,-0.002578521,0.001351381,-0.001858383,-0.001515632,505373.3,-0.002398874,-0.001389099,-0.001155143,-0.00620857,-0.00125402,0.002579676,-0.002579537,0.001353093,-0.001858203,-0.001515461
4.0,0.005475292,6.283185,3.141593,6.283185,715.0308,0.2365664,-1.341197E7,1030.419,1.285588E8,1030.419,1.000003,0.8973971,0.009265576,0.004302035,0.02802473,0.01391464,0.004072783,0.004830773,0.006540884,0.003279575,0.01359516,8.904486,1.053121E-4,505124.2,-0.002395619,-0.001351691,-0.001185274,-0.006195098,-0.001259407,0.002572031,-0.002571892,0.001351224,-0.001861068,-0.001514982,505141.2,-0.002395933,-0.001351761,-0.001185528,-0.006196078,-0.001259358,0.00257305,-0.002572912,0.001352961,-0.001860877,-0.001514802
4.2,0.005755269,6.283185,3.141593,6.283185,713.6599,0.2365664,-1.229209E7,1028.009,1.281347E8,1028.009,1.000003,0.8969625,0.009366797,0.004351644,0.02823536,0.01402264,0.004090728,0.004866676,0.006508403,0.00325755,0.01350143,8.900728,1.055144E-4,504911.0,-0.002397431,-0.001317435,-0.001174038,-0.006183101,-0.001264254,0.00256576,-0.002565622,0.001351118,-0.001863518,-0.001514378,504928.0,-0.002397752,-0.001317503,-0.001174292,-0.006184087,-0.0012642,0.002566783,-0.002566645,0.001352877,-0.001863317,-0.00151419
4.4,0.006035782,6.283185,3.141593,6.283185,712.2998,0.2365664,-1.128853E7,1025.651,1.277198E8,1025.651,1.000003,0.8965606,0.009460964,0.004398081,0.02842927,0.01412251,0.004107011,0.004899661,0.006478454,0.003237279,0.01341502,8.89727,1.057159E-4,504714.9,-0.002395592,-0.001285062,-0.001163469,-0.006179177,-0.001268655,0.002559842,-0.002559705,0.001351003,-0.001865754,-0.001513821,504731.8,-0.002395919,-0.001285125,-0.001163724,-0.006180164,-0.001268596,0.002560868,-0.00256073,0.001352784,-0.001865542,-0.001513625
4.6,0.006316829,6.283185,3.141593,6.283185,710.9499,0.2365664,-1.038228E7,1023.341,1.273131E8,1023.341,1.000003,0.8961884,0.009548715,0.004441617,0.02860813,0.01421505,0.004121824,0.004930023,0.006450785,0.003218582,0.01333521,8.894081,1.059166E-4,504534.0,-0.002393768,-0.001254975,-0.001153518,-0.006148206,-0.001272648,0.002554267,-0.00255413,0.001350867,-0.001867803,-0.001513313,504550.9,-0.002394104,-0.001255039,-0.001153774,-0.006149207,-0.001272585,0.002555298,-0.002555161,0.001352666,-0.001867586,-0.001513112
4.8,0.006598409,6.283185,3.141593,6.283185,709.6093,0.2365664,-9560414.0,1021.073,1.269139E8,1021.073,1.000003,0.8958431,0.009630632,0.00448249,0.0287734,0.01430095,0.004135336,0.004958015,0.006425175,0.003201303,0.01326134,8.891136,1.061167E-4,504366.9,-0.002391981,-0.001227881,-0.001144144,-0.006150244,-0.001276292,0.002548747,-0.002548612,0.001350715,-0.001869695,-0.001512856,504384.0,-0.002392335,-0.001227972,-0.001144409,-0.006151305,-0.001276227,0.002549798,-0.002549664,0.001352527,-0.001869493,-0.001512666
5.0,0.006880519,6.283185,3.141593,6.283185,708.2774,0.2365664,-8815633.0,1018.844,1.265216E8,1018.844,1.000003,0.8955221,0.009707233,0.004520917,0.02892636,0.01438082,0.004147692,0.004983862,0.006401429,0.003185305,0.01319286,8.888409,1.063163E-4,504212.5,-0.002390244,-0.001202102,-0.001135307,-0.00614031,-0.001279632,0.002544165,-0.002544031,0.001350545,-0.001871459,-0.001512423,504229.9,-0.002390631,-0.001202257,-0.001135598,-0.006141503,-0.001279568,0.00254526,-0.002545126,0.001352364,-0.001871303,-0.001512267
5.2,0.007163159,6.283185,3.141593,6.283185,706.9536,0.2365664,-8138799.0,1016.651,1.261356E8,1016.651,1.000003,0.8952234,0.009778862,0.004557077,0.02906811,0.01445519,0.004159002,0.00500776,0.006379383,0.003170472,0.01312929,8.885883,1.065153E-4,504069.3,-0.002388526,-0.001230966,-0.001126963,-0.006130833,-0.001282698,0.002539481,-0.002539345,0.001350357,-0.001873094,-0.001512062,504087.1,-0.002388943,-0.001231176,-0.001127275,-0.006132143,-0.001282635,0.002540615,-0.002540479,0.001352183,-0.001872977,-0.001511936
5.340804,0.00736246,6.283185,3.141593,6.283185,706.0262,0.2365664,-7729225.0,1015.127,1.258674E8,1015.127,1.000004,0.8950255,0.009826566,0.004581262,0.02916168,0.01450448,0.004166401,0.005023507,0.006364805,0.003160675,0.01308725,8.884216,1.066552E-4,503974.8,-0.002387343,-0.001218945,-0.001121372,-0.006124455,-0.001284704,0.002536393,-0.002536257,0.001350219,-0.001874177,-0.001511834,503993.0,-0.002387792,-0.001219221,-0.001121708,-0.0061259,-0.001284644,0.002537571,-0.002537435,0.001352045,-0.00187411,-0.001511745
5.4,0.007446331,6.283185,3.141593,6.283185,705.6375,0.2365664,-7552860.0,1014.491,1.257555E8,1014.491,1.000004,0.8949453,0.009845901,0.004591112,0.02919949,0.01452446,0.004169369,0.005029863,0.006358908,0.003156714,0.01307024,8.883542,1.06714E-4,503936.6,-0.002386835,-0.001214015,-0.001119088,-0.00612183,-0.001285508,0.002535089,-0.002534953,0.001350156,-0.001874608,-0.00151174,503954.9,-0.002387289,-0.001214299,-0.001119427,-0.006123291,-0.001285448,0.002536273,-0.002536137,0.001351985,-0.001874545,-0.001511654
5.6,0.007730081,6.283185,3.141593,6.283185,704.3292,0.2365666,-6998440.0,1012.364,1.253811E8,1012.364,1.000004,0.8946878,0.00990823,0.004623028,0.02932072,0.01458872,0.004178804,0.005050198,0.006339972,0.003144006,0.01301563,8.881381,1.069122E-4,503814.0,-0.00238513,-0.001197979,-0.001111671,-0.006113226,-0.001288087,0.002530998,-0.002530863,0.001349929,-0.001875997,-0.001511451,503832.2,-0.002385588,-0.001198256,-0.001112009,-0.006114685,-0.001288024,0.002532182,-0.002532047,0.001351772,-0.001875926,-0.001511359
5.8,0.008014319,6.283185,3.141593,6.283185,703.0272,0.2365666,-6490412.0,1010.263,1.250112E8,1010.263,1.000004,0.894446,0.009966971,0.004653278,0.02943407,0.01464909,0.00418754,0.005069171,0.006322231,0.003132113,0.01296447,8.87936,1.071102E-4,503699.4,-0.002383449,-0.00118269,-0.001104622,-0.006104991,-0.001290489,0.002527131,-0.002526995,0.001349683,-0.001877303,-0.001511198,503717.6,-0.00238391,-0.001182962,-0.001104959,-0.006106447,-0.001290422,0.002528316,-0.00252818,0.00135154,-0.001877224,-0.001511099
6.0,0.008299068,6.283185,3.141593,6.283185,701.7313,0.2365667,-6024586.0,1008.186,1.246458E8,1008.186,1.000004,0.8942195,0.01002222,0.004681898,0.02953983,0.01470569,0.004195611,0.005086833,0.006305641,0.003121003,0.01291663,8.877474,1.07308E-4,503592.4,-0.002381798,-0.001170098,-0.001097935,-0.006097127,-0.001292721,0.002523484,-0.002523348,0.001349417,-0.00187853,-0.001510978,503610.5,-0.002382261,-0.001170365,-0.001098271,-0.006098581,-0.001292652,0.002524669,-0.002524534,0.001351286,-0.001878443,-0.001510873
6.2,0.008584341,6.283185,3.141593,6.283185,700.4416,0.2365667,-5597024.0,1006.134,1.242846E8,1006.134,1.000004,0.8940075,0.01007414,0.004708958,0.02963844,0.01475872,0.004203064,0.005103257,0.006290139,0.003110632,0.01287192,8.875715,1.075056E-4,503492.6,-0.002380178,-0.001157011,-0.001091599,-0.006089626,-0.001294798,0.00252005,-0.002519915,0.001349132,-0.001879683,-0.00151079,503510.7,-0.002380644,-0.001157273,-0.001091934,-0.006091079,-0.001294725,0.002521236,-0.0025211,0.001351012,-0.001879588,-0.00151068
6.4,0.008870138,6.283185,3.141593,6.283185,699.1576,0.2365666,-5204005.0,1004.104,1.239273E8,1004.104,1.000004,0.893809,0.01012294,0.004734546,0.02973037,0.01480842,0.004209947,0.005118532,0.006275651,0.003100948,0.01283014,8.874074,1.07703E-4,503399.5,-0.002378592,-0.001144561,-0.001085595,-0.006082478,-0.001296731,0.002516819,-0.002516684,0.001348827,-0.001880768,-0.001510633,503417.6,-0.002379061,-0.001144819,-0.00108593,-0.006083928,-0.001296656,0.002518006,-0.00251787,0.00135072,-0.001880667,-0.001510518
6.6,0.009156458,6.283185,3.141593,6.283185,697.8791,0.2365666,-4842205.0,1002.095,1.235737E8,1002.095,1.000004,0.8936231,0.01016883,0.004758754,0.02981613,0.01485502,0.00421631,0.005132745,0.006262102,0.003091899,0.01279106,8.872543,1.079003E-4,503312.7,-0.002377039,-0.001132709,-0.001080032,-0.006075663,-0.001298533,0.00251378,-0.002513645,0.001348503,-0.001881791,-0.001510505,503330.7,-0.002377511,-0.001132964,-0.001080366,-0.006077112,-0.001298456,0.002514967,-0.002514832,0.001350406,-0.001881683,-0.001510384
6.8,0.009443303,6.283185,3.141593,6.283185,696.606,0.2365666,-4508716.0,1000.106,1.232236E8,1000.106,1.000004,0.8934489,0.01021199,0.004781663,0.02989616,0.01489875,0.004222194,0.005145974,0.006249425,0.003083441,0.0127545,8.871113,1.080975E-4,503231.6,-0.002375522,-0.001121424,-0.001074621,-0.006069166,-0.001300217,0.002510922,-0.002510787,0.001348161,-0.001882756,-0.001510402,503249.6,-0.002375996,-0.001121675,-0.001074955,-0.006070613,-0.001300138,0.002512109,-0.002511974,0.001350074,-0.001882643,-0.001510278
7.0,0.009730671,6.283185,3.141593,6.283185,695.338,0.2365666,-4200981.0,998.1355,1.228768E8,998.1355,1.000004,0.8932855,0.01025259,0.004803347,0.02997087,0.01493978,0.004227639,0.005158287,0.006237561,0.003075532,0.01272028,8.869778,1.082947E-4,503155.8,-0.002374039,-0.001110722,-0.001069491,-0.006062973,-0.00130179,0.002508235,-0.0025081,0.001347802,-0.001883667,-0.001510324,503173.8,-0.002374515,-0.001110969,-0.001069824,-0.006064419,-0.001301709,0.002509423,-0.002509288,0.001349723,-0.001883549,-0.001510195
7.2,0.01001856,6.283185,3.141593,6.283185,694.0749,0.2365666,-3916446.0,996.1822,1.22533E8,996.1822,1.000004,0.8931322,0.01029082,0.00482389,0.03004068,0.01497834,0.004232686,0.005169763,0.006226443,0.003068126,0.01268822,8.868529,1.084917E-4,503085.0,-0.002372591,-0.001100423,-0.001064623,-0.006057067,-0.001303265,0.002505671,-0.002505535,0.001347425,-0.001884531,-0.001510268,503103.0,-0.002373069,-0.001100667,-0.001064956,-0.006058511,-0.001303182,0.002506859,-0.002506724,0.001349355,-0.001884407,-0.001510135
7.4,0.01030698,6.283185,3.141593,6.283185,692.8165,0.2365666,-3653188.0,994.2452,1.22192E8,994.2452,1.000005,0.8929883,0.01032684,0.004843363,0.03010597,0.01501459,0.004237369,0.005180466,0.006216017,0.003061186,0.01265815,8.867361,1.086888E-4,503018.7,-0.00237118,-0.001090603,-0.001060004,-0.006051433,-0.001303881,0.002503289,-0.002503153,0.001347033,-0.00188535,-0.001510232,503036.7,-0.002371659,-0.001090843,-0.001060336,-0.006052876,-0.001303797,0.002504477,-0.002504342,0.00134897,-0.001885222,-0.001510096
7.6,0.01059592,6.283185,3.141593,6.283185,691.5627,0.2365666,-3409619.0,992.3236,1.218538E8,992.3236,1.000005,0.8928531,0.01036077,0.004861817,0.030167,0.01504867,0.004241712,0.005190443,0.006206243,0.003054684,0.01262995,8.866268,1.088859E-4,502956.7,-0.002369804,-0.001081332,-0.001055705,-0.006046059,-0.001305234,0.002501049,-0.002500913,0.001346626,-0.001886126,-0.001510214,502974.7,-0.002370286,-0.001081569,-0.001056036,-0.006047501,-0.001305147,0.002502238,-0.002502102,0.00134857,-0.001885994,-0.001510074
7.8,0.01088538,6.283185,3.141593,6.283185,690.3132,0.2365666,-3183813.0,990.4165,1.215182E8,990.4165,1.000005,0.8927261,0.01039276,0.00487932,0.03022413,0.01508074,0.004245748,0.005199754,0.006197067,0.003048585,0.01260349,8.865244,1.090829E-4,502898.6,-0.002368465,-0.001072433,-0.001051504,-0.006040931,-0.001306511,0.002498943,-0.002498807,0.001346205,-0.001886865,-0.001512445,502916.6,-0.002368948,-0.001072667,-0.001051835,-0.006042372,-0.001306424,0.002500133,-0.002499997,0.001348156,-0.001886729,-0.001512303
8.0,0.01117536,6.283185,3.141593,6.283185,689.068,0.2365667,-2973809.0,988.523,1.211849E8,988.523,1.000005,0.8926065,0.01042295,0.004895934,0.03027767,0.01511096,0.004249505,0.005208456,0.006188443,0.003042856,0.01257862,8.864284,1.092801E-4,502844.2,-0.002367161,-0.001063935,-0.001047514,-0.006036036,-0.001307721,0.002496963,-0.002496827,0.00134577,-0.001887568,-0.001511882,502862.1,-0.002367645,-0.001064167,-0.001047844,-0.006037476,-0.001307631,0.002498153,-0.002498017,0.001347727,-0.001887428,-0.001511736
8.2,0.01146587,6.283185,3.141593,6.283185,687.8269,0.2365667,-2779194.0,986.6424,1.208539E8,986.6424,1.000005,0.892494,0.01045143,0.004911701,0.03032782,0.01513943,0.004253001,0.005216583,0.00618034,0.003037477,0.01255524,8.863384,1.094772E-4,502793.1,-0.002365893,-0.001055825,-0.001043724,-0.006031364,-0.001308865,0.002495102,-0.002494966,0.001345323,-0.001888237,-0.001511353,502811.0,-0.002366379,-0.001056055,-0.001044054,-0.006032803,-0.001308775,0.002496292,-0.002496156,0.001347286,-0.001888093,-0.001511205
8.4,0.01175691,6.283185,3.141593,6.283185,686.5898,0.2365667,-2599279.0,984.7742,1.205251E8,984.7742,1.000005,0.8923882,0.01047831,0.004926671,0.03037483,0.01516626,0.004256257,0.005224179,0.006172722,0.003032422,0.01253327,8.86254,1.096745E-4,502745.2,-0.002364662,-0.001048071,-0.00104012,-0.006026905,-0.00130995,0.002493352,-0.002493216,0.001344866,-0.001888872,-0.001510856,502763.1,-0.002365148,-0.001048298,-0.00104045,-0.006028343,-0.001309858,0.002494544,-0.002494407,0.001346835,-0.001888725,-0.001510705
8.6,0.01204846,6.283185,3.141593,6.283185,685.3565,0.2365667,-2431405.0,982.9175,1.201983E8,982.9175,1.000005,0.8922884,0.0105037,0.004940889,0.03041892,0.01519157,0.004259293,0.005231281,0.006165555,0.003027668,0.0125126,8.861747,1.098718E-4,502700.2,-0.002363465,-0.001040662,-0.001036695,-0.006022647,-0.001310979,0.002491708,-0.002491572,0.0013444,-0.001889477,-0.001510389,502718.1,-0.002363953,-0.001040887,-0.001037025,-0.006024084,-0.001310886,0.0024929,-0.002492763,0.001346373,-0.001889327,-0.001510236
8.8,0.01234054,6.283185,3.141593,6.283185,684.1271,0.2365667,-2274082.0,981.0719,1.198735E8,981.0719,1.000005,0.8921944,0.01052769,0.0049544,0.03046031,0.01521545,0.004262126,0.005237929,0.006158806,0.003023195,0.01249314,8.861003,1.100693E-4,502658.0,-0.002362304,-0.001033581,-0.001033438,-0.00601858,-0.001311957,0.002490163,-0.002490026,0.001343924,-0.001890053,-0.00150995,502675.9,-0.002362793,-0.001033804,-0.001033767,-0.006020016,-0.001311863,0.002491355,-0.002491218,0.001345902,-0.001889901,-0.001509795
9.0,0.01263315,6.283185,3.141593,6.283185,682.9013,0.2365667,-2128739.0,979.2368,1.195505E8,979.2368,1.000005,0.8921058,0.01055036,0.004967242,0.03049916,0.015238,0.004264772,0.005244152,0.00615245,0.003018984,0.01247481,8.860303,1.102669E-4,502618.3,-0.002361178,-0.001026821,-0.001030441,-0.006014697,-0.001312885,0.002488712,-0.002488575,0.001343441,-0.001890602,-0.001509536,502636.2,-0.002361668,-0.001027042,-0.00103077,-0.006016132,-0.00131279,0.002489904,-0.002489767,0.001345424,-0.001890447,-0.001509379
9.2,0.01292628,6.283185,3.141593,6.283185,681.6791,0.2365667,-1993779.0,977.4117,1.192292E8,977.4117,1.000005,0.8920222,0.01057179,0.004979451,0.03053567,0.0152593,0.004267246,0.00524998,0.006146459,0.003015017,0.01245753,8.859645,1.104646E-4,502581.0,-0.002360086,-0.001020356,-0.001027517,-0.006010986,-0.001313768,0.002487348,-0.002487211,0.001342951,-0.001891125,-0.001509147,502598.8,-0.002360577,-0.001020576,-0.001027846,-0.006012421,-0.001313672,0.002488541,-0.002488404,0.001344938,-0.001890967,-0.001508988
9.4,0.01321994,6.283185,3.141593,6.283185,680.4604,0.2365667,-1864576.0,975.5963,1.189097E8,975.5963,1.000005,0.8919433,0.01059206,0.004991059,0.03056996,0.01527943,0.004269558,0.005255438,0.006140814,0.003011279,0.01244126,8.859026,1.106624E-4,502545.9,-0.002359027,-0.001014218,-0.001024736,-0.006007437,-0.001314612,0.002486067,-0.00248593,0.001342451,-0.001890812,-0.001508784,502563.7,-0.002359519,-0.001014436,-0.001025064,-0.006008871,-0.001314516,0.002487261,-0.002487123,0.001344442,-0.001890652,-0.001508624
9.6,0.01351412,6.283185,3.141593,6.283185,679.2451,0.2365667,-1744633.0,973.79,1.185918E8,973.79,1.000006,0.8918689,0.01061122,0.005002098,0.03060218,0.01529844,0.004271721,0.005260551,0.006135491,0.003007757,0.01242591,8.858444,1.108604E-4,502512.9,-0.002358001,-0.001008285,-0.00102209,-0.006004044,-0.001315417,0.002484864,-0.002484727,0.001341947,-0.001891348,-0.001508443,502530.7,-0.002358494,-0.001008501,-0.001022418,-0.006005478,-0.001315319,0.002486058,-0.00248592,0.001343941,-0.001891186,-0.001508281
9.8,0.01380882,6.283185,3.141593,6.283185,678.0332,0.2365667,-1641289.0,971.9927,1.182754E8,971.9927,1.000006,0.8917987,0.01062935,0.005012597,0.03063246,0.01531641,0.004273744,0.005265342,0.006130472,0.003004438,0.01241144,8.857897,1.110585E-4,502481.8,-0.00235701,-0.00100262,-0.001019574,-0.00600081,-0.001316178,0.002483738,-0.0024836,0.001341444,-0.00189185,-0.001508115,502499.6,-0.002357503,-0.001002835,-0.001019901,-0.006002242,-0.00131608,0.002484932,-0.002484794,0.001343442,-0.001891686,-0.001507951
10.0,0.01410406,6.283185,3.141593,6.283185,676.8246,0.2365667,-1537696.0,970.2038,1.179606E8,970.2038,1.000006,0.8917324,0.0106465,0.005022583,0.03066092,0.01533339,0.004275637,0.00526983,0.006125738,0.003001308,0.0123978,8.857381,1.112569E-4,502452.6,-0.002356049,-9.971943E-4,-0.001017179,-0.005997709,-0.00131691,0.002482679,-0.00248254,0.001340931,-0.00189234,-0.001510868,502470.4,-0.002356543,-9.974075E-4,-0.001017506,-0.005999141,-0.001316811,0.002483873,-0.002483735,0.001342932,-0.001892174,-0.001510703
10.2,0.01439982,6.283185,3.141593,6.283185,675.6193,0.2365667,-1425009.0,968.423,1.176472E8,968.423,1.000006,0.8916698,0.01066272,0.005032081,0.03068768,0.01534945,0.004277409,0.005274035,0.006121273,0.002998356,0.01238493,8.856897,1.114553E-4,502425.1,-0.002355117,-9.919883E-4,-0.001014899,-0.005994729,-0.001317622,0.002481682,-0.002481543,0.001340402,-0.001892829,-0.001510979,502442.9,-0.002355612,-9.922002E-4,-0.001015226,-0.005996161,-0.001317522,0.002482877,-0.002482738,0.001342405,-0.001892662,-0.001510812
10.4,0.01469611,6.283185,3.141593,6.283185,674.4172,0.2365667,-1344424.0,966.6502,1.173351E8,966.6502,1.000006,0.8916107,0.01067808,0.005041119,0.03071284,0.01536463,0.004279068,0.005277977,0.00611706,0.002995573,0.01237279,8.85644,1.11654E-4,502399.2,-0.002354222,-9.870372E-4,-0.001012732,-0.005991904,-0.001318282,0.002480753,-0.002480614,0.001339892,-0.001893266,-0.001511069,502417.0,-0.002354717,-9.872479E-4,-0.001013059,-0.005993335,-0.001318182,0.002481949,-0.00248181,0.001341899,-0.001893097,-0.001510901
10.6,0.01499292,6.283185,3.141593,6.283185,673.2182,0.2365667,-1294017.0,964.885,1.170244E8,964.885,1.000006,0.8915548,0.01069261,0.005049721,0.03073649,0.01537899,0.004280623,0.005281672,0.006113084,0.002992947,0.01236134,8.856011,1.118529E-4,502374.8,-0.002353365,-9.823969E-4,-0.001010674,-0.005989236,-0.001318887,0.00247989,-0.002479751,0.001339408,-0.001893645,-0.001511134,502392.6,-0.002353861,-9.826065E-4,-0.001011001,-0.005990667,-0.001318786,0.002481086,-0.002480947,0.001341417,-0.001893474,-0.001510965
10.8,0.01529027,6.283185,3.141593,6.283185,672.0223,0.2365667,-1209529.0,963.1271,1.16715E8,963.1271,1.000006,0.8915021,0.01070636,0.005057905,0.03075874,0.01539257,0.004282079,0.005285135,0.006109331,0.00299047,0.01235053,8.855607,1.120519E-4,502351.9,-0.002352536,-9.779087E-4,-0.001008714,-0.005986671,-0.001319469,0.00247908,-0.002478941,0.001338909,-0.001894017,-0.001530398,502369.7,-0.002353033,-9.781173E-4,-0.001009041,-0.005988101,-0.001319367,0.002480276,-0.002480137,0.001340921,-0.001893845,-0.001530227
11.0,0.01558814,6.283185,3.141593,6.283185,670.8294,0.2365667,-1122845.0,961.3762,1.164069E8,961.3762,1.000006,0.8914523,0.01071938,0.005065695,0.03077967,0.01540542,0.004283445,0.005288382,0.006105788,0.002988131,0.01234033,8.855226,1.122512E-4,502330.3,-0.00235174,-9.736318E-4,-0.001049257,-0.005984228,-0.001320013,0.002478324,-0.002478185,0.001338418,-0.001894356,-0.001529426,502348.1,-0.002352237,-9.738395E-4,-0.001049582,-0.005985659,-0.001319911,0.002479521,-0.002479382,0.001340432,-0.001894183,-0.001529255
11.2,0.01588655,6.283185,3.141593,6.283185,669.6396,0.2365667,-1073867.0,959.6323,1.160999E8,959.6323,1.000006,0.8914052,0.01073171,0.00507311,0.03079936,0.01541758,0.004284725,0.005291427,0.006102442,0.002985923,0.01233069,8.854867,1.124506E-4,502309.9,-0.002350981,-9.695805E-4,-0.001048096,-0.005981924,-0.001320508,0.002477626,-0.002477486,0.001337956,-0.00189464,-0.001528464,502327.7,-0.002351479,-9.697874E-4,-0.001048421,-0.005983354,-0.001320405,0.002478823,-0.002478683,0.001339971,-0.001894465,-0.001528292
11.4,0.01618548,6.283185,3.141593,6.283185,668.4527,0.2365667,-1000702.0,957.8949,1.157941E8,957.8949,1.000006,0.8913607,0.01074338,0.005080168,0.03081789,0.01542909,0.004285927,0.005294284,0.00609928,0.002983838,0.0123216,8.854529,1.126503E-4,502290.7,-0.002350237,-9.656589E-4,-0.001046977,-0.005979676,-0.001321018,0.002476963,-0.002476823,0.001337458,-0.001894965,-0.001527597,502308.6,-0.002350735,-9.65865E-4,-0.001047302,-0.005981106,-0.001320916,0.00247816,-0.00247802,0.001339476,-0.001894789,-0.001527424
11.6,0.01648494,6.283185,3.141593,6.283185,667.2687,0.2365667,-869849.0,956.1639,1.154895E8,956.1639,1.000006,0.8913186,0.01075444,0.005086884,0.03083535,0.01543999,0.004287055,0.005296964,0.00609629,0.002981866,0.012313,8.85421,1.128502E-4,502272.7,-0.002349495,-9.617996E-4,-0.001045896,-0.005977429,-0.001321591,0.002476321,-0.002476181,0.001336885,-0.001895396,-0.001526883,502290.5,-0.002349993,-9.620049E-4,-0.001046221,-0.005978859,-0.001321488,0.002477519,-0.002477379,0.001338905,-0.00189522,-0.001526709
11.8,0.01678494,6.283185,3.141593,6.283185,666.0876,0.2365667,-812843.9,954.4392,1.151859E8,954.4392,1.000007,0.8912787,0.01076491,0.005093277,0.0308518,0.01545032,0.004288115,0.005299481,0.006093464,0.002980003,0.01230487,8.853909,1.130503E-4,502255.6,-0.002348781,-9.581184E-4,-0.001044864,-0.005975291,-0.001322138,0.002475725,-0.002475584,0.001336337,-0.001895799,-0.001526194,502273.4,-0.00234928,-9.583231E-4,-0.001045188,-0.005976721,-0.001322034,0.002476923,-0.002476782,0.001338358,-0.001895622,-0.00152602
12.0,0.01708547,6.283185,3.141593,6.283185,664.9094,0.2365667,-807652.1,952.7204,1.148834E8,952.7204,1.000007,0.8912411,0.01077484,0.005099366,0.03086729,0.0154601,0.004289112,0.005301845,0.00609079,0.002978241,0.01229719,8.853626,1.132506E-4,502239.5,-0.002348097,-9.546069E-4,-0.001043878,-0.005973258,-0.001322657,0.002475171,-0.00247503,0.001335809,-0.001896172,-0.001525527,502257.3,-0.002348596,-9.548108E-4,-0.001044202,-0.005974688,-0.001322553,0.00247637,-0.002476229,0.001337832,-0.001895994,-0.001525352
12.2,0.01738652,6.283185,3.141593,6.283185,663.734,0.2365667,-764902.1,951.0076,1.145819E8,951.0076,1.000007,0.8912054,0.01078425,0.005105169,0.03088188,0.01546937,0.004290049,0.005304065,0.006088263,0.002976575,0.01228993,8.853358,1.134511E-4,502224.3,-0.002347446,-9.512793E-4,-0.00104294,-0.005971342,-0.001323118,0.002474661,-0.00247452,0.001335299,-0.001896487,-0.001524851,502242.1,-0.002347946,-9.514825E-4,-0.001043264,-0.005972771,-0.001323014,0.00247586,-0.002475719,0.001337324,-0.001896308,-0.001524676
12.4,0.01768812,6.283185,3.141593,6.283185,662.5614,0.2365667,-723989.9,949.3005,1.142815E8,949.3005,1.000007,0.8911717,0.01079317,0.005110697,0.03089563,0.01547815,0.004290929,0.005306149,0.006085873,0.002975001,0.01228307,8.853106,1.136519E-4,502210.0,-0.002346825,-9.481178E-4,-0.001042045,-0.005969525,-0.001323539,0.00247419,-0.002474048,0.001334804,-0.001896764,-0.001524184,502227.8,-0.002347325,-9.483204E-4,-0.001042369,-0.005970954,-0.001323435,0.002475389,-0.002475248,0.001336829,-0.001896584,-0.001524008
12.6,0.01799024,6.283185,3.141593,6.283185,661.3915,0.2365667,-679400.9,947.599,1.13982E8,947.599,1.000007,0.8911397,0.01080163,0.005115965,0.03090859,0.01548646,0.004291758,0.005308106,0.006083611,0.002973511,0.01227657,8.852868,1.13853E-4,502196.5,-0.002346233,-9.451087E-4,-0.001041191,-0.005967801,-0.001323931,0.002473755,-0.002473614,0.001334316,-0.001897014,-0.001523533,502214.3,-0.002346733,-9.453109E-4,-0.001041515,-0.00596923,-0.001323827,0.002474955,-0.002474814,0.001336343,-0.001896833,-0.001523357
12.8,0.0182929,6.283185,3.141593,6.283185,660.2244,0.2365667,-628276.7,945.9029,1.136835E8,945.9029,1.000007,0.8911095,0.01080965,0.005120983,0.0309208,0.01549435,0.004292537,0.005309944,0.006081471,0.002972102,0.01227043,8.852643,1.140542E-4,502183.8,-0.002345664,-9.422198E-4,-0.001040375,-0.005966153,-0.001324324,0.002473355,-0.002473213,0.00133382,-0.00189727,-0.001522929,502201.6,-0.002346165,-9.424217E-4,-0.001040699,-0.005967583,-0.001324219,0.002474556,-0.002474414,0.001335848,-0.001897089,-0.001522753
13.0,0.0185961,6.283185,3.141593,6.283185,659.0601,0.2365667,-588241.6,944.2122,1.133859E8,944.2122,1.000007,0.8910809,0.01081725,0.005125764,0.03093231,0.01550182,0.004293271,0.005311671,0.006079446,0.002970769,0.01226462,8.852432,1.142557E-4,502171.8,-0.002345115,-9.394558E-4,-0.001039594,-0.005964563,-0.001324703,0.002472979,-0.002472837,0.001333334,-0.001897518,-0.001522357,502189.5,-0.002345615,-9.396577E-4,-0.001039918,-0.005965993,-0.001324598,0.00247418,-0.002474038,0.001335363,-0.001897337,-0.00152218
13.2,0.01889983,6.283185,3.141593,6.283185,657.8984,0.2365667,-555639.2,942.5266,1.130892E8,942.5266,1.000007,0.8910538,0.01082446,0.00513032,0.03094316,0.01550891,0.004293961,0.005313294,0.006077529,0.002969507,0.01225913,8.852231,1.144575E-4,502160.4,-0.002344582,-9.368093E-4,-0.001038845,-0.005963026,-0.001325074,0.002472627,-0.002472484,0.001332855,-0.001897762,-0.001521817,502178.2,-0.002345084,-9.370112E-4,-0.001039169,-0.005964457,-0.001324969,0.002473828,-0.002473686,0.001334886,-0.001897581,-0.00152164
13.4,0.01920409,6.283185,3.141593,6.283185,656.7393,0.2365667,-521417.9,940.8462,1.127934E8,940.8462,1.000007,0.8910281,0.0108313,0.005134661,0.03095339,0.01551563,0.004294612,0.00531482,0.006075714,0.002968313,0.01225393,8.852042,1.146595E-4,502149.7,-0.00234407,-9.342774E-4,-0.00103813,-0.005961551,-0.001325431,0.002472298,-0.002472155,0.001332384,-0.001897997,-0.001521303,502167.5,-0.002344572,-9.344794E-4,-0.001038454,-0.005962983,-0.001325326,0.0024735,-0.002473357,0.001334415,-0.001897816,-0.001521126
13.6,0.0195089,6.283185,3.141593,6.283185,655.583,0.2365667,-489846.3,939.1707,1.124986E8,939.1707,1.000007,0.8910038,0.01083779,0.005138798,0.03096304,0.015522,0.004295225,0.005316254,0.006073996,0.002967182,0.01224901,8.851864,1.148617E-4,502139.6,-0.002343577,-9.318554E-4,-0.001037446,-0.005960136,-0.001325775,0.002471992,-0.002471849,0.001331918,-0.001898223,-0.001520813,502157.4,-0.002344079,-9.320576E-4,-0.00103777,-0.005961569,-0.001325669,0.002473195,-0.002473052,0.001333951,-0.001898042,-0.001520636
13.8,0.01981424,6.283185,3.141593,6.283185,654.4292,0.2365667,-460191.8,937.5001,1.122045E8,937.5001,1.000007,0.8909808,0.01084395,0.005142739,0.03097214,0.01552804,0.004295802,0.005317601,0.006072368,0.002966112,0.01224435,8.851696,1.150642E-4,502130.0,-0.002343102,-9.295389E-4,-0.001036792,-0.005958778,-0.001326104,0.002471708,-0.002471565,0.001331459,-0.001898439,-0.001520346,502147.8,-0.002343605,-9.297412E-4,-0.001037116,-0.005960212,-0.001325999,0.002472912,-0.002472769,0.001333492,-0.001898258,-0.001520169
14.0,0.02012012,6.283185,3.141593,6.283185,653.2781,0.2365667,-432432.1,935.8344,1.119113E8,935.8344,1.000007,0.890959,0.01084978,0.005146495,0.03098071,0.01553376,0.004296346,0.005318868,0.006070827,0.002965098,0.01223994,8.851537,1.15267E-4,502121.0,-0.002342645,-9.273235E-4,-0.001036167,-0.005957473,-0.001326421,0.002471444,-0.002471301,0.001331008,-0.001898646,-0.0015199,502138.8,-0.002343148,-9.275259E-4,-0.001036491,-0.005958907,-0.001326316,0.002472648,-0.002472505,0.001333041,-0.001898464,-0.001519723
14.2,0.02042654,6.283185,3.141593,6.283185,652.1296,0.2365667,-406498.7,934.1733,1.11619E8,934.1733,1.000008,0.8909383,0.01085532,0.005150074,0.0309888,0.01553919,0.004296858,0.005320058,0.006069368,0.002964138,0.01223577,8.851386,1.1547E-4,502112.5,-0.002342205,-9.252048E-4,-0.001035569,-0.005956218,-0.001325882,0.002471199,-0.002471055,0.001330564,-0.001898843,-0.001519474,502130.3,-0.002342708,-9.254072E-4,-0.001035893,-0.005957653,-0.001325776,0.002472404,-0.00247226,0.001332598,-0.001898662,-0.001519297
14.4,0.02073349,6.283185,3.141593,6.283185,650.9836,0.2365667,-382281.7,932.5169,1.113274E8,932.5169,1.000008,0.8909187,0.01086057,0.005153485,0.03099643,0.01554434,0.004297342,0.005321177,0.006067985,0.002963229,0.01223182,8.851245,1.156732E-4,502104.4,-0.002341783,-9.231799E-4,-0.001034998,-0.005955018,-0.001326141,0.002470974,-0.00247083,0.001330127,-0.001899032,-0.001519067,502122.2,-0.002342286,-9.233817E-4,-0.001035322,-0.005956452,-0.001326035,0.002472178,-0.002472035,0.001332161,-0.00189885,-0.00151889
14.6,0.02104099,6.283185,3.141593,6.283185,649.8402,0.2365667,-359399.6,930.865,1.110367E8,930.865,1.000008,0.8909002,0.01086555,0.005156736,0.03100364,0.01554923,0.004297798,0.00532223,0.006066675,0.002962368,0.01222808,8.851111,1.158768E-4,502096.8,-0.002341378,-9.212446E-4,-0.001034452,-0.00595387,-0.001326388,0.002470768,-0.002470624,0.001329695,-0.001899212,-0.001518678,502114.6,-0.002341882,-9.214462E-4,-0.001034776,-0.005955304,-0.001326282,0.002471973,-0.002471829,0.001331731,-0.00189903,-0.001518501
14.8,0.02134903,6.283185,3.141593,6.283185,648.6994,0.2365667,-337665.0,929.2176,1.107467E8,929.2176,1.000008,0.8908826,0.01087029,0.005159837,0.03101044,0.01555387,0.004298229,0.005323221,0.006065433,0.002961551,0.01222453,8.850984,1.160805E-4,502089.6,-0.002340991,-9.193742E-4,-0.001033931,-0.005952774,-0.001326626,0.002470581,-0.002470437,0.00132927,-0.001899384,-0.001518306,502107.4,-0.002341494,-9.195757E-4,-0.001034256,-0.005954208,-0.00132652,0.002471786,-0.002471642,0.001331307,-0.001899202,-0.001518129
15.0,0.02165761,6.283185,3.141593,6.283185,647.5611,0.2365667,-317353.7,927.5746,1.104576E8,927.5746,1.000008,0.8908659,0.01087478,0.005162792,0.03101685,0.01555827,0.004298635,0.005324153,0.006064256,0.002960778,0.01222118,8.850864,1.162846E-4,502082.8,-0.002340619,-9.176275E-4,-0.001033434,-0.005951725,-0.001326854,0.002470409,-0.002470265,0.001328853,-0.001899548,-0.001517951,502100.6,-0.002341122,-9.17829E-4,-0.001033759,-0.00595316,-0.001326748,0.002471615,-0.002471471,0.00133089,-0.001899366,-0.001517773
15.2,0.02196673,6.283185,3.141593,6.283185,646.4253,0.2365667,-298296.6,925.9359,1.101691E8,925.9359,1.000008,0.8908501,0.01087904,0.005165609,0.0310229,0.01556244,0.004299018,0.00532503,0.00606314,0.002960045,0.012218,8.850751,1.164889E-4,502076.4,-0.002340261,-9.159383E-4,-0.001032959,-0.005950717,-0.001327073,0.002470253,-0.002470108,0.001328444,-0.001899705,-0.001517611,502094.2,-0.002340765,-9.1614E-4,-0.001033284,-0.005952153,-0.001326967,0.002471459,-0.002471315,0.001330481,-0.001899523,-0.001517433
15.4,0.0222764,6.283185,3.141593,6.283185,645.2921,0.2365667,-280382.5,924.3015,1.098815E8,924.3015,1.000008,0.8908351,0.0108831,0.005168298,0.03102862,0.01556641,0.004299381,0.005325856,0.00606208,0.002959349,0.01221498,8.850644,1.166935E-4,502070.3,-0.002339919,-9.143236E-4,-0.001032506,-0.005949751,-0.001327284,0.002470111,-0.002469966,0.001328042,-0.001899855,-0.001517286,502088.1,-0.002340423,-9.14526E-4,-0.001032831,-0.005951189,-0.001327177,0.002471318,-0.002471173,0.001330079,-0.001899673,-0.001517108
15.6,0.02258661,6.283185,3.141593,6.283185,644.1613,0.2365667,-263520.8,922.6714,1.095946E8,922.6714,1.000008,0.8908209,0.01088694,0.00517086,0.03103402,0.01557017,0.004299724,0.005326633,0.006061076,0.002958689,0.01221212,8.850543,1.168983E-4,502064.6,-0.00233959,-9.127813E-4,-0.001032073,-0.005948826,-0.001327486,0.002469983,-0.002469838,0.001327648,-0.001899998,-0.001516975,502082.3,-0.002340095,-9.129848E-4,-0.001032398,-0.005950266,-0.00132738,0.002471191,-0.002471046,0.001329685,-0.001899817,-0.001516798
15.8,0.02289736,6.283185,3.141593,6.283185,643.033,0.2365667,-247661.2,921.0454,1.093084E8,921.0454,1.000008,0.8908074,0.0108906,0.005173305,0.03103912,0.01557374,0.004300048,0.005327366,0.006060123,0.002958063,0.01220941,8.850447,1.171034E-4,502059.2,-0.002339275,-9.113074E-4,-0.001031659,-0.005947938,-0.001327681,0.002469868,-0.002469722,0.001327261,-0.001900136,-0.001516678,502076.9,-0.002339781,-9.115127E-4,-0.001031985,-0.005949382,-0.001327575,0.002471077,-0.002470932,0.001329299,-0.001899956,-0.001516502
16.0,0.02320866,6.283185,3.141593,6.283185,641.9072,0.2365667,-233383.8,919.4235,1.090229E8,919.4235,1.000008,0.8907946,0.01089408,0.005175639,0.03104395,0.01557714,0.004300355,0.005328056,0.006059218,0.002957469,0.01220684,8.850356,1.173088E-4,502054.0,-0.002354051,-9.098988E-4,-0.001031265,-0.005947087,-0.00132787,0.002469764,-0.002469618,0.001326883,-0.001900268,-0.001516394,502071.8,-0.002354557,-9.101063E-4,-0.001031591,-0.005948535,-0.001327763,0.002470975,-0.002470829,0.001328921,-0.001900091,-0.00151622
16.2,0.0235205,6.283185,3.141593,6.283185,640.7838,0.2365667,-220851.3,917.8056,1.087381E8,917.8056,1.000008,0.8907824,0.01089739,0.005177865,0.0310485,0.01558036,0.004300645,0.005328706,0.006058359,0.002956905,0.01220441,8.850271,1.175145E-4,502049.2,-0.002352827,-9.085528E-4,-0.001030887,-0.005946269,-0.001328052,0.002469672,-0.002469526,0.001326513,-0.001900395,-0.001516123,502067.0,-0.002353335,-9.087634E-4,-0.001031215,-0.005947724,-0.001327946,0.002470885,-0.002470739,0.00132855,-0.001900221,-0.001515952
16.4,0.02383289,6.283185,3.141593,6.283185,639.6629,0.2365667,-207576.0,916.1918,1.084541E8,916.1918,1.000008,0.8907708,0.01090054,0.005179992,0.03105282,0.01558343,0.00430092,0.005329319,0.006057543,0.002956368,0.01220209,8.850189,1.177204E-4,502044.6,-0.002351649,-9.072661E-4,-0.001030527,-0.005945484,-0.001328228,0.00246959,-0.002469444,0.00132615,-0.001900518,-0.001515865,502062.4,-0.002352158,-9.074805E-4,-0.001030856,-0.005946947,-0.001328123,0.002470807,-0.002470661,0.001328187,-0.001900347,-0.001515696
16.6,0.02414583,6.283185,3.141593,6.283185,638.5444,0.2365667,-193333.9,914.5819,1.081708E8,914.5819,1.000009,0.8907598,0.01090354,0.005182025,0.0310569,0.01558634,0.004301181,0.005329898,0.006056766,0.002955858,0.01219989,8.850112,1.179266E-4,502040.2,-0.002350513,-9.060357E-4,-0.001030183,-0.005944728,-0.0013284,0.002469519,-0.002469373,0.001325795,-0.001900637,-0.001515619,502058.0,-0.002351025,-9.062552E-4,-0.001030514,-0.005946202,-0.001328295,0.002470739,-0.002470593,0.001327831,-0.001900471,-0.001515454
16.8,0.02445932,6.283185,3.141593,6.283185,637.4284,0.2365667,-181824.8,912.976,1.078881E8,912.976,1.000009,0.8907493,0.01090639,0.005183968,0.03106077,0.01558912,0.004301428,0.005330444,0.006056027,0.002955374,0.0121978,8.850039,1.181331E-4,502036.1,-0.002349418,-9.04859E-4,-0.001029854,-0.005944001,-0.001328567,0.002469458,-0.002469312,0.001325448,-0.001900753,-0.001515385,502054.0,-0.002349932,-9.050836E-4,-0.001030187,-0.005945486,-0.001328462,0.002470681,-0.002470535,0.001327483,-0.001900592,-0.001515224
17.0,0.02477335,6.283185,3.141593,6.283185,636.3148,0.2365667,-171078.2,911.3739,1.076061E8,911.3739,1.000009,0.8907394,0.01090912,0.005185827,0.03106444,0.01559176,0.004301662,0.00533096,0.006055324,0.002954912,0.01219581,8.84997,1.183398E-4,502032.1,-0.002348361,-9.037331E-4,-0.001029539,-0.005943301,-0.00132873,0.002469406,-0.00246926,0.001325108,-0.001900866,-0.001515164,502050.1,-0.002348877,-9.039631E-4,-0.001029874,-0.005944797,-0.001328626,0.002470633,-0.002470487,0.001327142,-0.00190071,-0.001515006
17.2,0.02508794,6.283185,3.141593,6.283185,635.2036,0.2365667,-161055.4,909.7757,1.073248E8,909.7757,1.000009,0.8907299,0.01091172,0.005187607,0.03106792,0.01559427,0.004301885,0.005331448,0.006054653,0.002954472,0.01219392,8.849904,1.185468E-4,502028.4,-0.00234734,-9.026552E-4,-0.001029238,-0.005942624,-0.001328891,0.002469363,-0.002469217,0.001324776,-0.001900977,-0.001514953,502046.4,-0.002347858,-9.028906E-4,-0.001029575,-0.005944132,-0.001328787,0.002470594,-0.002470448,0.001326808,-0.001900826,-0.001514799
17.4,0.02540307,6.283185,3.141593,6.283185,634.0948,0.2365667,-151709.4,908.1812,1.070442E8,908.1812,1.000009,0.8907208,0.0109142,0.005189311,0.03107123,0.01559667,0.004302096,0.005331909,0.006054015,0.002954053,0.01219211,8.849841,1.187541E-4,502024.9,-0.002346354,-9.016227E-4,-0.001028951,-0.005941971,-0.001329047,0.002469328,-0.002469181,0.001324451,-0.001901086,-0.001514754,502043.0,-0.002346874,-9.018631E-4,-0.00102929,-0.00594349,-0.001328944,0.002470563,-0.002470416,0.001326482,-0.00190094,-0.001514603
17.6,0.02571876,6.283185,3.141593,6.283185,632.9885,0.2365667,-143021.5,906.5906,1.067642E8,906.5906,1.000009,0.8907122,0.01091656,0.005190944,0.03107437,0.01559895,0.004302297,0.005332345,0.006053406,0.002953653,0.0121904,8.849781,1.189617E-4,502021.5,-0.0023454,-9.006329E-4,-0.001028675,-0.005941338,-0.001329202,0.0024693,-0.002469154,0.001324133,-0.001901192,-0.001514565,502039.7,-0.002345922,-9.008777E-4,-0.001029016,-0.005942866,-0.001329099,0.002470538,-0.002470391,0.001326164,-0.00190105,-0.001514417
17.8,0.026035,6.283185,3.141593,6.283185,631.8845,0.2365667,-134915.2,905.0037,1.064849E8,905.0037,1.000009,0.890704,0.01091882,0.00519251,0.03107735,0.01560113,0.004302487,0.005332757,0.006052825,0.002953272,0.01218876,8.849725,1.191695E-4,502018.3,-0.002344477,-8.996837E-4,-0.001028411,-0.005940725,-0.001329355,0.00246928,-0.002469133,0.001323823,-0.001901297,-0.001514386,502036.6,-0.002345,-8.99932E-4,-0.001028753,-0.005942261,-0.001329252,0.00247052,-0.002470373,0.001325853,-0.001901159,-0.001514241
18.0,0.02635179,6.283185,3.141593,6.283185,630.7829,0.2365667,-127291.7,903.4205,1.062063E8,903.4205,1.000009,0.8906961,0.01092098,0.005194012,0.03108019,0.01560321,0.004302668,0.005333148,0.00605227,0.002952908,0.01218719,8.84967,1.193777E-4,502015.3,-0.002343583,-8.987729E-4,-0.001028158,-0.005940131,-0.001329506,0.002469266,-0.002469119,0.00132352,-0.001901401,-0.001514218,502033.7,-0.002344108,-8.990238E-4,-0.0010285,-0.005941671,-0.001329404,0.002470508,-0.002470361,0.001325549,-0.001901265,-0.001514075
18.2,0.02666913,6.283185,3.141593,6.283185,629.6836,0.2365667,-120089.8,901.841,1.059283E8,901.841,1.000009,0.8906886,0.01092304,0.005195455,0.0310829,0.01560519,0.00430284,0.005333519,0.006051739,0.00295256,0.0121857,8.849619,1.195861E-4,502012.4,-0.002342717,-8.978984E-4,-0.001027915,-0.005939552,-0.001329656,0.002469259,-0.002469112,0.001323223,-0.001901503,-0.001514059,502030.9,-0.002343242,-8.981504E-4,-0.001028259,-0.005941095,-0.001329554,0.002470502,-0.002470355,0.001325253,-0.001901368,-0.001513917
18.4,0.02698703,6.283185,3.141593,6.283185,628.5868,0.2365667,-114461.3,900.2651,1.056509E8,900.2651,1.000009,0.8906814,0.01092502,0.005196841,0.03108547,0.01560709,0.004303004,0.005333869,0.006051232,0.002952227,0.01218427,8.84957,1.197947E-4,502009.6,-0.002341876,-8.97059E-4,-0.001027683,-0.00593899,-0.001329804,0.002469258,-0.00246911,0.001322934,-0.001901605,-0.001513909,502028.2,-0.002342401,-8.973113E-4,-0.001028027,-0.005940533,-0.001329702,0.002470501,-0.002470354,0.001324963,-0.00190147,-0.001513767
18.6,0.02730548,6.283185,3.141593,6.283185,627.4923,0.2365667,-108227.7,898.6929,1.053742E8,898.6929,1.000009,0.8906745,0.01092691,0.005198173,0.03108793,0.0156089,0.00430316,0.005334203,0.006050747,0.002951909,0.01218291,8.849523,1.200037E-4,502007.0,-0.002341059,-8.962531E-4,-0.001027461,-0.005938442,-0.001329952,0.002469262,-0.002469114,0.001322652,-0.001901705,-0.001513768,502025.7,-0.002341584,-8.965055E-4,-0.001027804,-0.005939985,-0.001329849,0.002470505,-0.002470358,0.001324682,-0.00190157,-0.001513625
18.8,0.02762449,6.283185,3.141593,6.283185,626.4002,0.2365667,-101026.1,897.1243,1.050981E8,897.1243,1.000009,0.8906679,0.01092872,0.005199455,0.03109027,0.01561063,0.004303309,0.005334519,0.006050282,0.002951605,0.01218161,8.849478,1.202129E-4,502004.5,-0.002340264,-8.955565E-4,-0.001027247,-0.005937907,-0.001330098,0.002469271,-0.002469123,0.001322377,-0.001901804,-0.001513634,502023.3,-0.002340789,-8.958087E-4,-0.00102759,-0.005939449,-0.001329995,0.002470514,-0.002470366,0.001324407,-0.001901669,-0.001513491
19.0,0.02794405,6.283185,3.141593,6.283185,625.3105,0.2365667,-93854.02,895.5595,1.048227E8,895.5595,1.00001,0.8906618,0.01093043,0.005200668,0.03109246,0.01561226,0.004303451,0.005334819,0.006049845,0.002951318,0.01218038,8.849436,1.204224E-4,502002.1,-0.002339506,-8.948207E-4,-0.001027045,-0.00593741,-0.001330235,0.002469286,-0.002469138,0.001322118,-0.001901894,-0.001513502,502021.0,-0.002340031,-8.950736E-4,-0.001027388,-0.005938953,-0.001330133,0.00247053,-0.002470382,0.001324148,-0.001901759,-0.001513361
19.2,0.02826418,6.283185,3.141593,6.283185,624.2231,0.2365667,-88459.38,893.9984,1.045479E8,893.9984,1.00001,0.890656,0.01093202,0.005201793,0.03109446,0.01561379,0.004303584,0.005335099,0.006049439,0.002951051,0.01217924,8.849397,1.206321E-4,501999.9,-0.00233879,-8.941304E-4,-0.001026852,-0.005936929,-0.001330341,0.002469293,-0.002469145,0.001321866,-0.001901963,-0.001513362,502018.8,-0.002339315,-8.943832E-4,-0.001027195,-0.005938472,-0.001330239,0.002470537,-0.002470389,0.001323896,-0.001901828,-0.00151322
19.4,0.02858506,6.283185,3.141593,6.283185,623.1389,0.2365672,-83285.84,892.4421,1.04274E8,892.4421,1.00001,0.8906507,0.01093349,0.005202846,0.03109632,0.0156152,0.004303707,0.005335358,0.006049061,0.002950803,0.01217819,8.849362,1.20842E-4,501997.9,-0.002338127,-8.946841E-4,-0.001026674,-0.005936504,-0.001330447,0.002469313,-0.002469164,0.001321616,-0.001902026,-0.001513227,502016.7,-0.002338652,-8.949369E-4,-0.001027018,-0.005938047,-0.001330344,0.002470557,-0.002470408,0.001323646,-0.001901891,-0.001513085
19.6,0.0289067,6.283185,3.141593,6.283185,622.0579,0.2365683,-78312.45,890.8905,1.040009E8,890.8905,1.00001,0.8906457,0.01093487,0.005203836,0.03109805,0.01561653,0.004303822,0.005335597,0.006048707,0.002950571,0.0121772,8.849328,1.21052E-4,501996.0,-0.002337494,-8.940302E-4,-0.001026507,-0.005936098,-0.001330548,0.002469335,-0.002469186,0.001321377,-0.001902085,-0.001513099,502014.8,-0.002338019,-8.94283E-4,-0.00102685,-0.005937641,-0.001330445,0.002470579,-0.00247043,0.001323407,-0.001901951,-0.001512957
19.8,0.02922881,6.283185,3.141593,6.283185,620.9788,0.2365691,-73726.36,889.342,1.037284E8,889.342,1.00001,0.8906409,0.0109362,0.005204789,0.0310997,0.0156178,0.004303932,0.005335825,0.006048368,0.002950349,0.01217626,8.849296,1.212624E-4,501994.2,-0.00233688,-8.934012E-4,-0.001026346,-0.005935706,-0.001330646,0.00246936,-0.002469211,0.001321144,-0.001902143,-0.001512976,502013.0,-0.002337405,-8.936539E-4,-0.001026689,-0.005937249,-0.001330543,0.002470604,-0.002470455,0.001323174,-0.001902008,-0.001512834
20.0,0.02955133,6.283185,3.141593,6.283185,619.9014,0.2365695,-69484.07,887.796,1.034562E8,887.796,1.00001,0.8906363,0.01093748,0.005205711,0.03110129,0.01561902,0.004304039,0.005336044,0.00604804,0.002950134,0.01217534,8.849266,1.214731E-4,501992.4,-0.002336282,-8.927924E-4,-0.001026191,-0.005935325,-0.001330741,0.002469386,-0.002469237,0.001320915,-0.001902198,-0.001512857,502011.3,-0.002336807,-8.930451E-4,-0.001026534,-0.005936867,-0.001330638,0.00247063,-0.002470481,0.001322945,-0.001902063,-0.001512715
